"Year","State","Table_Data","Footnote","High.Value","Low.Value","CPI.Average","High.2018","Low.2018"
"1968-01-01T00:00:00","Alabama","...","","0.0","0.0","34.78333333","0.0","0.0"
"1968-01-01T00:00:00","Alaska","2.10","","2.1","2.1","34.78333333","15.12","15.12"
"1968-01-01T00:00:00","Arizona","18.72 - 26.40/wk","","0.66","0.468","34.78333333","4.75","3.37"
"1968-01-01T00:00:00","Arkansas","1.25/day","","0.15625","0.15625","34.78333333","1.12","1.12"
"1968-01-01T00:00:00","California","1.65","","1.65","1.65","34.78333333","11.88","11.88"
"1968-01-01T00:00:00","Colorado","1.00 - 1.25","","1.25","1.0","34.78333333","9.0","7.2"
"1968-01-01T00:00:00","Connecticut","1.40","","1.4","1.4","34.78333333","10.08","10.08"
"1968-01-01T00:00:00","Delaware","1.25","","1.25","1.25","34.78333333","9.0","9.0"
"1968-01-01T00:00:00","District of Columbia","1.25 - 1.40","","1.4","1.25","34.78333333","10.08","9.0"
"1968-01-01T00:00:00","Federal","$1.15 & $1.60","","1.6","1.15","34.78333333","11.52","8.28"
"1968-01-01T00:00:00","Florida","...","","0.0","0.0","34.78333333","0.0","0.0"
"1968-01-01T00:00:00","Georgia","...","","0.0","0.0","34.78333333","0.0","0.0"
"1968-01-01T00:00:00","Guam","1.25","","1.25","1.25","34.78333333","9.0","9.0"
"1968-01-01T00:00:00","Hawaii","1.25","","1.25","1.25","34.78333333","9.0","9.0"
"1968-01-01T00:00:00","Idaho","1.15","","1.15","1.15","34.78333333","8.28","8.28"
"1968-01-01T00:00:00","Illinois","...","","0.0","0.0","34.78333333","0.0","0.0"
"1968-01-01T00:00:00","Indiana","1.15","","1.15","1.15","34.78333333","8.28","8.28"
"1968-01-01T00:00:00","Iowa","...","","0.0","0.0","34.78333333","0.0","0.0"
"1968-01-01T00:00:00","Kansas","...","","0.0","0.0","34.78333333","0.0","0.0"
"1968-01-01T00:00:00","Kentucky",".65 - .75","","0.75","0.65","34.78333333","5.4","4.68"
"1968-01-01T00:00:00","Louisiana","...","","0.0","0.0","34.78333333","0.0","0.0"
"1968-01-01T00:00:00","Maine","1.40","","1.4","1.4","34.78333333","10.08","10.08"
"1968-01-01T00:00:00","Maryland","1.00 & 1.15","","1.15","1.0","34.78333333","8.28","7.2"
"1968-01-01T00:00:00","Massachusetts","1.60","","1.6","1.6","34.78333333","11.52","11.52"
"1968-01-01T00:00:00","Michigan","1.25","","1.25","1.25","34.78333333","9.0","9.0"
"1968-01-01T00:00:00","Minnesota",".70 - 1.15","","1.15","0.7","34.78333333","8.28","5.04"
"1968-01-01T00:00:00","Mississippi","...","","0.0","0.0","34.78333333","0.0","0.0"
"1968-01-01T00:00:00","Missouri","...","","0.0","0.0","34.78333333","0.0","0.0"
"1968-01-01T00:00:00","Montana","...","","0.0","0.0","34.78333333","0.0","0.0"
"1968-01-01T00:00:00","Nebraska","1.00","","1.0","1.0","34.78333333","7.2","7.2"
"1968-01-01T00:00:00","Nevada","1.25","","1.25","1.25","34.78333333","9.0","9.0"
"1968-01-01T00:00:00","New Hampshire","1.40","","1.4","1.4","34.78333333","10.08","10.08"
"1968-01-01T00:00:00","New Jersey","1.40","","1.4","1.4","34.78333333","10.08","10.08"
"1968-01-01T00:00:00","New Mexico","1.15 - 1.40","","1.4","1.15","34.78333333","10.08","8.28"
"1968-01-01T00:00:00","New York","1.60","","1.6","1.6","34.78333333","11.52","11.52"
"1968-01-01T00:00:00","North Carolina","1.00","","1.0","1.0","34.78333333","7.2","7.2"
"1968-01-01T00:00:00","North Dakota","1.00 - 1.25","","1.25","1.0","34.78333333","9.0","7.2"
"1968-01-01T00:00:00","Ohio",".75 - 1.25","","1.25","0.75","34.78333333","9.0","5.4"
"1968-01-01T00:00:00","Oklahoma","1.00","","1.0","1.0","34.78333333","7.2","7.2"
"1968-01-01T00:00:00","Oregon","1.25","","1.25","1.25","34.78333333","9.0","9.0"
"1968-01-01T00:00:00","Pennsylvania","1.15","","1.15","1.15","34.78333333","8.28","8.28"
"1968-01-01T00:00:00","Puerto Rico",".43 - 1.60","","1.6","0.43","34.78333333","11.52","3.1"
"1968-01-01T00:00:00","Rhode Island","1.40","","1.4","1.4","34.78333333","10.08","10.08"
"1968-01-01T00:00:00","South Carolina","...","","0.0","0.0","34.78333333","0.0","0.0"
"1968-01-01T00:00:00","South Dakota","17.00 - 20.00/wk","","0.5","0.425","34.78333333","3.6","3.06"
"1968-01-01T00:00:00","Tennessee","...","","0.0","0.0","34.78333333","0.0","0.0"
"1968-01-01T00:00:00","Texas","...","","0.0","0.0","34.78333333","0.0","0.0"
"1968-01-01T00:00:00","U.S. Virgin Islands","","","","","34.78333333","",""
"1968-01-01T00:00:00","Utah","1.00 - 1.15","","1.15","1.0","34.78333333","8.28","7.2"
"1968-01-01T00:00:00","Vermont","1.40","","1.4","1.4","34.78333333","10.08","10.08"
"1968-01-01T00:00:00","Virginia","...","","0.0","0.0","34.78333333","0.0","0.0"
"1968-01-01T00:00:00","Washington","1.60","","1.6","1.6","34.78333333","11.52","11.52"
"1968-01-01T00:00:00","West Virginia","1.00","","1.0","1.0","34.78333333","7.2","7.2"
"1968-01-01T00:00:00","Wisconsin","1.25","","1.25","1.25","34.78333333","9.0","9.0"
"1968-01-01T00:00:00","Wyoming","1.20","","1.2","1.2","34.78333333","8.64","8.64"
"1969-01-01T00:00:00","Alabama","...","","0.0","0.0","36.68333333","0.0","0.0"
"1969-01-01T00:00:00","Alaska","2.10","","2.1","2.1","36.68333333","14.33","14.33"
"1969-01-01T00:00:00","Arizona","18.72 - 26.40/wk","","0.66","0.468","36.68333333","4.51","3.19"
"1969-01-01T00:00:00","Arkansas","1.25/day","","0.15625","0.15625","36.68333333","1.07","1.07"
"1969-01-01T00:00:00","California","1.65","","1.65","1.65","36.68333333","11.26","11.26"
"1969-01-01T00:00:00","Colorado","1.00 - 1.25","","1.25","1.0","36.68333333","8.53","6.83"
"1969-01-01T00:00:00","Connecticut","1.40","","1.4","1.4","36.68333333","9.56","9.56"
"1969-01-01T00:00:00","Delaware","1.25","","1.25","1.25","36.68333333","8.53","8.53"
"1969-01-01T00:00:00","District of Columbia","1.25 - 1.40","","1.4","1.25","36.68333333","9.56","8.53"
"1969-01-01T00:00:00","Federal","$1.15 & $1.60","","1.6","1.15","36.68333333","10.92","7.85"
"1969-01-01T00:00:00","Florida","...","","0.0","0.0","36.68333333","0.0","0.0"
"1969-01-01T00:00:00","Georgia","...","","0.0","0.0","36.68333333","0.0","0.0"
"1969-01-01T00:00:00","Guam","1.25","","1.25","1.25","36.68333333","8.53","8.53"
"1969-01-01T00:00:00","Hawaii","1.25","","1.25","1.25","36.68333333","8.53","8.53"
"1969-01-01T00:00:00","Idaho","1.15","","1.15","1.15","36.68333333","7.85","7.85"
"1969-01-01T00:00:00","Illinois","...","","0.0","0.0","36.68333333","0.0","0.0"
"1969-01-01T00:00:00","Indiana","1.15","","1.15","1.15","36.68333333","7.85","7.85"
"1969-01-01T00:00:00","Iowa","...","","0.0","0.0","36.68333333","0.0","0.0"
"1969-01-01T00:00:00","Kansas","...","","0.0","0.0","36.68333333","0.0","0.0"
"1969-01-01T00:00:00","Kentucky",".65 - .75","","0.75","0.65","36.68333333","5.12","4.44"
"1969-01-01T00:00:00","Louisiana","...","","0.0","0.0","36.68333333","0.0","0.0"
"1969-01-01T00:00:00","Maine","1.40","","1.4","1.4","36.68333333","9.56","9.56"
"1969-01-01T00:00:00","Maryland","1.00 & 1.15","","1.15","1.0","36.68333333","7.85","6.83"
"1969-01-01T00:00:00","Massachusetts","1.60","","1.6","1.6","36.68333333","10.92","10.92"
"1969-01-01T00:00:00","Michigan","1.25","","1.25","1.25","36.68333333","8.53","8.53"
"1969-01-01T00:00:00","Minnesota",".70 - 1.15","","1.15","0.7","36.68333333","7.85","4.78"
"1969-01-01T00:00:00","Mississippi","...","","0.0","0.0","36.68333333","0.0","0.0"
"1969-01-01T00:00:00","Missouri","...","","0.0","0.0","36.68333333","0.0","0.0"
"1969-01-01T00:00:00","Montana","...","","0.0","0.0","36.68333333","0.0","0.0"
"1969-01-01T00:00:00","Nebraska","1.00","","1.0","1.0","36.68333333","6.83","6.83"
"1969-01-01T00:00:00","Nevada","1.25","","1.25","1.25","36.68333333","8.53","8.53"
"1969-01-01T00:00:00","New Hampshire","1.40","","1.4","1.4","36.68333333","9.56","9.56"
"1969-01-01T00:00:00","New Jersey","1.40","","1.4","1.4","36.68333333","9.56","9.56"
"1969-01-01T00:00:00","New Mexico","1.15 - 1.40","","1.4","1.15","36.68333333","9.56","7.85"
"1969-01-01T00:00:00","New York","1.60","","1.6","1.6","36.68333333","10.92","10.92"
"1969-01-01T00:00:00","North Carolina","1.00","","1.0","1.0","36.68333333","6.83","6.83"
"1969-01-01T00:00:00","North Dakota","1.00 - 1.25","","1.25","1.0","36.68333333","8.53","6.83"
"1969-01-01T00:00:00","Ohio",".75 - 1.25","","1.25","0.75","36.68333333","8.53","5.12"
"1969-01-01T00:00:00","Oklahoma","1.00","","1.0","1.0","36.68333333","6.83","6.83"
"1969-01-01T00:00:00","Oregon","1.25","","1.25","1.25","36.68333333","8.53","8.53"
"1969-01-01T00:00:00","Pennsylvania","1.15","","1.15","1.15","36.68333333","7.85","7.85"
"1969-01-01T00:00:00","Puerto Rico",".43 - 1.60","","1.6","0.43","36.68333333","10.92","2.94"
"1969-01-01T00:00:00","Rhode Island","1.40","","1.4","1.4","36.68333333","9.56","9.56"
"1969-01-01T00:00:00","South Carolina","...","","0.0","0.0","36.68333333","0.0","0.0"
"1969-01-01T00:00:00","South Dakota","17.00 - 20.00/wk","","0.5","0.425","36.68333333","3.41","2.9"
"1969-01-01T00:00:00","Tennessee","...","","0.0","0.0","36.68333333","0.0","0.0"
"1969-01-01T00:00:00","Texas","...","","0.0","0.0","36.68333333","0.0","0.0"
"1969-01-01T00:00:00","U.S. Virgin Islands","","","","","36.68333333","",""
"1969-01-01T00:00:00","Utah","1.00 - 1.15","","1.15","1.0","36.68333333","7.85","6.83"
"1969-01-01T00:00:00","Vermont","1.40","","1.4","1.4","36.68333333","9.56","9.56"
"1969-01-01T00:00:00","Virginia","...","","0.0","0.0","36.68333333","0.0","0.0"
"1969-01-01T00:00:00","Washington","1.60","","1.6","1.6","36.68333333","10.92","10.92"
"1969-01-01T00:00:00","West Virginia","1.00","","1.0","1.0","36.68333333","6.83","6.83"
"1969-01-01T00:00:00","Wisconsin","1.25","","1.25","1.25","36.68333333","8.53","8.53"
"1969-01-01T00:00:00","Wyoming","1.20","","1.2","1.2","36.68333333","8.19","8.19"
"1970-01-01T00:00:00","Alabama","...","","0.0","0.0","38.825","0.0","0.0"
"1970-01-01T00:00:00","Alaska","2.10","","2.1","2.1","38.825","13.54","13.54"
"1970-01-01T00:00:00","Arizona","18.72 - 26.40/wk","","0.66","0.468","38.825","4.26","3.02"
"1970-01-01T00:00:00","Arkansas","1.10","","1.1","1.1","38.825","7.09","7.09"
"1970-01-01T00:00:00","California","1.65","","1.65","1.65","38.825","10.64","10.64"
"1970-01-01T00:00:00","Colorado","1.00 - 1.25","","1.25","1.0","38.825","8.06","6.45"
"1970-01-01T00:00:00","Connecticut","1.60","","1.6","1.6","38.825","10.32","10.32"
"1970-01-01T00:00:00","Delaware","1.25","","1.25","1.25","38.825","8.06","8.06"
"1970-01-01T00:00:00","District of Columbia","1.60 - 2.00","","2.0","1.6","38.825","12.9","10.32"
"1970-01-01T00:00:00","Federal","$1.30 & $1.60","","1.6","1.3","38.825","10.32","8.38"
"1970-01-01T00:00:00","Florida","...","","0.0","0.0","38.825","0.0","0.0"
"1970-01-01T00:00:00","Georgia","...","","0.0","0.0","38.825","0.0","0.0"
"1970-01-01T00:00:00","Guam","1.60","","1.6","1.6","38.825","10.32","10.32"
"1970-01-01T00:00:00","Hawaii","1.60","","1.6","1.6","38.825","10.32","10.32"
"1970-01-01T00:00:00","Idaho","1.25","","1.25","1.25","38.825","8.06","8.06"
"1970-01-01T00:00:00","Illinois","...","","0.0","0.0","38.825","0.0","0.0"
"1970-01-01T00:00:00","Indiana","1.25","","1.25","1.25","38.825","8.06","8.06"
"1970-01-01T00:00:00","Iowa","...","","0.0","0.0","38.825","0.0","0.0"
"1970-01-01T00:00:00","Kansas","...","","0.0","0.0","38.825","0.0","0.0"
"1970-01-01T00:00:00","Kentucky",".65 - .75","","0.75","0.65","38.825","4.84","4.19"
"1970-01-01T00:00:00","Louisiana","...","","0.0","0.0","38.825","0.0","0.0"
"1970-01-01T00:00:00","Maine","1.60","","1.6","1.6","38.825","10.32","10.32"
"1970-01-01T00:00:00","Maryland","1.30","","1.3","1.3","38.825","8.38","8.38"
"1970-01-01T00:00:00","Massachusetts","1.60","","1.6","1.6","38.825","10.32","10.32"
"1970-01-01T00:00:00","Michigan","1.25","","1.25","1.25","38.825","8.06","8.06"
"1970-01-01T00:00:00","Minnesota",".70 - 1.15","","1.15","0.7","38.825","7.42","4.51"
"1970-01-01T00:00:00","Mississippi","...","","0.0","0.0","38.825","0.0","0.0"
"1970-01-01T00:00:00","Missouri","...","","0.0","0.0","38.825","0.0","0.0"
"1970-01-01T00:00:00","Montana","...","","0.0","0.0","38.825","0.0","0.0"
"1970-01-01T00:00:00","Nebraska","1.00","","1.0","1.0","38.825","6.45","6.45"
"1970-01-01T00:00:00","Nevada","1.30","","1.3","1.3","38.825","8.38","8.38"
"1970-01-01T00:00:00","New Hampshire","1.45 & 1.60","","1.6","1.45","38.825","10.32","9.35"
"1970-01-01T00:00:00","New Jersey","1.50","","1.5","1.5","38.825","9.67","9.67"
"1970-01-01T00:00:00","New Mexico","1.30 - 1.60","","1.6","1.3","38.825","10.32","8.38"
"1970-01-01T00:00:00","New York","1.60","","1.6","1.6","38.825","10.32","10.32"
"1970-01-01T00:00:00","North Carolina","1.25","","1.25","1.25","38.825","8.06","8.06"
"1970-01-01T00:00:00","North Dakota","1.00 - 1.45","","1.45","1.0","38.825","9.35","6.45"
"1970-01-01T00:00:00","Ohio",".75 - 1.25","","1.25","0.75","38.825","8.06","4.84"
"1970-01-01T00:00:00","Oklahoma","1.00","","1.0","1.0","38.825","6.45","6.45"
"1970-01-01T00:00:00","Oregon","1.25","","1.25","1.25","38.825","8.06","8.06"
"1970-01-01T00:00:00","Pennsylvania","1.30","","1.3","1.3","38.825","8.38","8.38"
"1970-01-01T00:00:00","Puerto Rico",".43 - 1.60","","1.6","0.43","38.825","10.32","2.77"
"1970-01-01T00:00:00","Rhode Island","1.60","","1.6","1.6","38.825","10.32","10.32"
"1970-01-01T00:00:00","South Carolina","...","","0.0","0.0","38.825","0.0","0.0"
"1970-01-01T00:00:00","South Dakota","1.00","","1.0","1.0","38.825","6.45","6.45"
"1970-01-01T00:00:00","Tennessee","...","","0.0","0.0","38.825","0.0","0.0"
"1970-01-01T00:00:00","Texas","...","","0.0","0.0","38.825","0.0","0.0"
"1970-01-01T00:00:00","U.S. Virgin Islands","","","","","38.825","",""
"1970-01-01T00:00:00","Utah","1.00 - 1.15","","1.15","1.0","38.825","7.42","6.45"
"1970-01-01T00:00:00","Vermont","1.60","","1.6","1.6","38.825","10.32","10.32"
"1970-01-01T00:00:00","Virginia","...","","0.0","0.0","38.825","0.0","0.0"
"1970-01-01T00:00:00","Washington","1.60","","1.6","1.6","38.825","10.32","10.32"
"1970-01-01T00:00:00","West Virginia","1.00","","1.0","1.0","38.825","6.45","6.45"
"1970-01-01T00:00:00","Wisconsin","1.30","","1.3","1.3","38.825","8.38","8.38"
"1970-01-01T00:00:00","Wyoming","1.30","","1.3","1.3","38.825","8.38","8.38"
"1971-01-01T00:00:00","Alabama","...","","0.0","0.0","40.49166667","0.0","0.0"
"1971-01-01T00:00:00","Alaska","2.10","","2.1","2.1","40.49166667","12.99","12.99"
"1971-01-01T00:00:00","Arizona","18.72 - 26.40/wk","","0.66","0.468","40.49166667","4.08","2.89"
"1971-01-01T00:00:00","Arkansas","1.10","","1.1","1.1","40.49166667","6.8","6.8"
"1971-01-01T00:00:00","California","1.65","","1.65","1.65","40.49166667","10.2","10.2"
"1971-01-01T00:00:00","Colorado","1.00 - 1.25","","1.25","1.0","40.49166667","7.73","6.18"
"1971-01-01T00:00:00","Connecticut","1.60","","1.6","1.6","40.49166667","9.89","9.89"
"1971-01-01T00:00:00","Delaware","1.25","","1.25","1.25","40.49166667","7.73","7.73"
"1971-01-01T00:00:00","District of Columbia","1.60 - 2.00","","2.0","1.6","40.49166667","12.37","9.89"
"1971-01-01T00:00:00","Federal","$1.30 & $1.60","","1.6","1.3","40.49166667","9.89","8.04"
"1971-01-01T00:00:00","Florida","...","","0.0","0.0","40.49166667","0.0","0.0"
"1971-01-01T00:00:00","Georgia","...","","0.0","0.0","40.49166667","0.0","0.0"
"1971-01-01T00:00:00","Guam","1.60","","1.6","1.6","40.49166667","9.89","9.89"
"1971-01-01T00:00:00","Hawaii","1.60","","1.6","1.6","40.49166667","9.89","9.89"
"1971-01-01T00:00:00","Idaho","1.25","","1.25","1.25","40.49166667","7.73","7.73"
"1971-01-01T00:00:00","Illinois","...","","0.0","0.0","40.49166667","0.0","0.0"
"1971-01-01T00:00:00","Indiana","1.25","","1.25","1.25","40.49166667","7.73","7.73"
"1971-01-01T00:00:00","Iowa","...","","0.0","0.0","40.49166667","0.0","0.0"
"1971-01-01T00:00:00","Kansas","...","","0.0","0.0","40.49166667","0.0","0.0"
"1971-01-01T00:00:00","Kentucky",".65 - .75","","0.75","0.65","40.49166667","4.64","4.02"
"1971-01-01T00:00:00","Louisiana","...","","0.0","0.0","40.49166667","0.0","0.0"
"1971-01-01T00:00:00","Maine","1.60","","1.6","1.6","40.49166667","9.89","9.89"
"1971-01-01T00:00:00","Maryland","1.30","","1.3","1.3","40.49166667","8.04","8.04"
"1971-01-01T00:00:00","Massachusetts","1.60","","1.6","1.6","40.49166667","9.89","9.89"
"1971-01-01T00:00:00","Michigan","1.25","","1.25","1.25","40.49166667","7.73","7.73"
"1971-01-01T00:00:00","Minnesota",".70 - 1.15","","1.15","0.7","40.49166667","7.11","4.33"
"1971-01-01T00:00:00","Mississippi","...","","0.0","0.0","40.49166667","0.0","0.0"
"1971-01-01T00:00:00","Missouri","...","","0.0","0.0","40.49166667","0.0","0.0"
"1971-01-01T00:00:00","Montana","...","","0.0","0.0","40.49166667","0.0","0.0"
"1971-01-01T00:00:00","Nebraska","1.00","","1.0","1.0","40.49166667","6.18","6.18"
"1971-01-01T00:00:00","Nevada","1.30","","1.3","1.3","40.49166667","8.04","8.04"
"1971-01-01T00:00:00","New Hampshire","1.45 & 1.60","","1.6","1.45","40.49166667","9.89","8.97"
"1971-01-01T00:00:00","New Jersey","1.50","","1.5","1.5","40.49166667","9.28","9.28"
"1971-01-01T00:00:00","New Mexico","1.30 - 1.60","","1.6","1.3","40.49166667","9.89","8.04"
"1971-01-01T00:00:00","New York","1.60","","1.6","1.6","40.49166667","9.89","9.89"
"1971-01-01T00:00:00","North Carolina","1.25","","1.25","1.25","40.49166667","7.73","7.73"
"1971-01-01T00:00:00","North Dakota","1.00 - 1.45","","1.45","1.0","40.49166667","8.97","6.18"
"1971-01-01T00:00:00","Ohio",".75 - 1.25","","1.25","0.75","40.49166667","7.73","4.64"
"1971-01-01T00:00:00","Oklahoma","1.00","","1.0","1.0","40.49166667","6.18","6.18"
"1971-01-01T00:00:00","Oregon","1.25","","1.25","1.25","40.49166667","7.73","7.73"
"1971-01-01T00:00:00","Pennsylvania","1.30","","1.3","1.3","40.49166667","8.04","8.04"
"1971-01-01T00:00:00","Puerto Rico",".43 - 1.60","","1.6","0.43","40.49166667","9.89","2.66"
"1971-01-01T00:00:00","Rhode Island","1.60","","1.6","1.6","40.49166667","9.89","9.89"
"1971-01-01T00:00:00","South Carolina","...","","0.0","0.0","40.49166667","0.0","0.0"
"1971-01-01T00:00:00","South Dakota","1.00","","1.0","1.0","40.49166667","6.18","6.18"
"1971-01-01T00:00:00","Tennessee","...","","0.0","0.0","40.49166667","0.0","0.0"
"1971-01-01T00:00:00","Texas","...","","0.0","0.0","40.49166667","0.0","0.0"
"1971-01-01T00:00:00","U.S. Virgin Islands","","","","","40.49166667","",""
"1971-01-01T00:00:00","Utah","1.00 - 1.15","","1.15","1.0","40.49166667","7.11","6.18"
"1971-01-01T00:00:00","Vermont","1.60","","1.6","1.6","40.49166667","9.89","9.89"
"1971-01-01T00:00:00","Virginia","...","","0.0","0.0","40.49166667","0.0","0.0"
"1971-01-01T00:00:00","Washington","1.60","","1.6","1.6","40.49166667","9.89","9.89"
"1971-01-01T00:00:00","West Virginia","1.00","","1.0","1.0","40.49166667","6.18","6.18"
"1971-01-01T00:00:00","Wisconsin","1.30","","1.3","1.3","40.49166667","8.04","8.04"
"1971-01-01T00:00:00","Wyoming","1.30","","1.3","1.3","40.49166667","8.04","8.04"
"1972-01-01T00:00:00","Alabama","...","","0.0","0.0","41.81666667","0.0","0.0"
"1972-01-01T00:00:00","Alaska","2.10","","2.1","2.1","41.81666667","12.57","12.57"
"1972-01-01T00:00:00","Arizona","18.72-26.40/wk","","0.66","0.468","41.81666667","3.95","2.8"
"1972-01-01T00:00:00","Arkansas","1.20","","1.2","1.2","41.81666667","7.19","7.19"
"1972-01-01T00:00:00","California","1.65","","1.65","1.65","41.81666667","9.88","9.88"
"1972-01-01T00:00:00","Colorado","1.00 - 1.25","","1.25","1.0","41.81666667","7.49","5.99"
"1972-01-01T00:00:00","Connecticut","1.85","","1.85","1.85","41.81666667","11.08","11.08"
"1972-01-01T00:00:00","Delaware","1.60","","1.6","1.6","41.81666667","9.58","9.58"
"1972-01-01T00:00:00","District of Columbia","1.60 - 2.25","","2.25","1.6","41.81666667","13.47","9.58"
"1972-01-01T00:00:00","Federal","$1.60","","1.6","1.6","41.81666667","9.58","9.58"
"1972-01-01T00:00:00","Florida","...","","0.0","0.0","41.81666667","0.0","0.0"
"1972-01-01T00:00:00","Georgia","1.25","","1.25","1.25","41.81666667","7.49","7.49"
"1972-01-01T00:00:00","Guam","1.90","","1.9","1.9","41.81666667","11.38","11.38"
"1972-01-01T00:00:00","Hawaii","1.60","","1.6","1.6","41.81666667","9.58","9.58"
"1972-01-01T00:00:00","Idaho","1.40","","1.4","1.4","41.81666667","8.38","8.38"
"1972-01-01T00:00:00","Illinois","1.40","","1.4","1.4","41.81666667","8.38","8.38"
"1972-01-01T00:00:00","Indiana","1.25","","1.25","1.25","41.81666667","7.49","7.49"
"1972-01-01T00:00:00","Iowa","...","","0.0","0.0","41.81666667","0.0","0.0"
"1972-01-01T00:00:00","Kansas","...","","0.0","0.0","41.81666667","0.0","0.0"
"1972-01-01T00:00:00","Kentucky",".65 - .75","","0.75","0.65","41.81666667","4.49","3.89"
"1972-01-01T00:00:00","Louisiana","...","","0.0","0.0","41.81666667","0.0","0.0"
"1972-01-01T00:00:00","Maine","1.40 - 1.80","","1.8","1.4","41.81666667","10.78","8.38"
"1972-01-01T00:00:00","Maryland","1.60","","1.6","1.6","41.81666667","9.58","9.58"
"1972-01-01T00:00:00","Massachusetts","1.75","","1.75","1.75","41.81666667","10.48","10.48"
"1972-01-01T00:00:00","Michigan","1.60","","1.6","1.6","41.81666667","9.58","9.58"
"1972-01-01T00:00:00","Minnesota",".75 - 1.60","","1.6","0.75","41.81666667","9.58","4.49"
"1972-01-01T00:00:00","Mississippi","...","","0.0","0.0","41.81666667","0.0","0.0"
"1972-01-01T00:00:00","Missouri","...","","0.0","0.0","41.81666667","0.0","0.0"
"1972-01-01T00:00:00","Montana","1.60","","1.6","1.6","41.81666667","9.58","9.58"
"1972-01-01T00:00:00","Nebraska","1.00","","1.0","1.0","41.81666667","5.99","5.99"
"1972-01-01T00:00:00","Nevada","1.60","","1.6","1.6","41.81666667","9.58","9.58"
"1972-01-01T00:00:00","New Hampshire","1.60","","1.6","1.6","41.81666667","9.58","9.58"
"1972-01-01T00:00:00","New Jersey","1.50","","1.5","1.5","41.81666667","8.98","8.98"
"1972-01-01T00:00:00","New Mexico","1.30 - 1.60","","1.6","1.3","41.81666667","9.58","7.78"
"1972-01-01T00:00:00","New York","1.85","","1.85","1.85","41.81666667","11.08","11.08"
"1972-01-01T00:00:00","North Carolina","1.45","","1.45","1.45","41.81666667","8.68","8.68"
"1972-01-01T00:00:00","North Dakota","1.00 - 1.45","","1.45","1.0","41.81666667","8.68","5.99"
"1972-01-01T00:00:00","Ohio",".75 - 1.25","","1.25","0.75","41.81666667","7.49","4.49"
"1972-01-01T00:00:00","Oklahoma","1.40","","1.4","1.4","41.81666667","8.38","8.38"
"1972-01-01T00:00:00","Oregon","1.25`","","1.25","1.25","41.81666667","7.49","7.49"
"1972-01-01T00:00:00","Pennsylvania","1.60","","1.6","1.6","41.81666667","9.58","9.58"
"1972-01-01T00:00:00","Puerto Rico",".65 - 1.60","","1.6","0.65","41.81666667","9.58","3.89"
"1972-01-01T00:00:00","Rhode Island","1.60","","1.6","1.6","41.81666667","9.58","9.58"
"1972-01-01T00:00:00","South Carolina","...","","0.0","0.0","41.81666667","0.0","0.0"
"1972-01-01T00:00:00","South Dakota","1.00","","1.0","1.0","41.81666667","5.99","5.99"
"1972-01-01T00:00:00","Tennessee","...","","0.0","0.0","41.81666667","0.0","0.0"
"1972-01-01T00:00:00","Texas","1.40","","1.4","1.4","41.81666667","8.38","8.38"
"1972-01-01T00:00:00","U.S. Virgin Islands","","","","","41.81666667","",""
"1972-01-01T00:00:00","Utah","1.20 - 1.35","","1.35","1.2","41.81666667","8.08","7.19"
"1972-01-01T00:00:00","Vermont","1.60","","1.6","1.6","41.81666667","9.58","9.58"
"1972-01-01T00:00:00","Virginia","...","","0.0","0.0","41.81666667","0.0","0.0"
"1972-01-01T00:00:00","Washington","1.60","","1.6","1.6","41.81666667","9.58","9.58"
"1972-01-01T00:00:00","West Virginia","1.20","","1.2","1.2","41.81666667","7.19","7.19"
"1972-01-01T00:00:00","Wisconsin","1.45","","1.45","1.45","41.81666667","8.68","8.68"
"1972-01-01T00:00:00","Wyoming","1.50","","1.5","1.5","41.81666667","8.98","8.98"
"1973-01-01T00:00:00","Alabama","...","","0.0","0.0","44.4","0.0","0.0"
"1973-01-01T00:00:00","Alaska","2.10","","2.1","2.1","44.4","11.84","11.84"
"1973-01-01T00:00:00","Arizona","18.72-26.40/wk","","0.66","0.468","44.4","3.72","2.64"
"1973-01-01T00:00:00","Arkansas","1.20","","1.2","1.2","44.4","6.77","6.77"
"1973-01-01T00:00:00","California","1.65","","1.65","1.65","44.4","9.31","9.31"
"1973-01-01T00:00:00","Colorado","1.00 - 1.25","","1.25","1.0","44.4","7.05","5.64"
"1973-01-01T00:00:00","Connecticut","1.85","","1.85","1.85","44.4","10.43","10.43"
"1973-01-01T00:00:00","Delaware","1.60","","1.6","1.6","44.4","9.02","9.02"
"1973-01-01T00:00:00","District of Columbia","1.60 - 2.25","","2.25","1.6","44.4","12.69","9.02"
"1973-01-01T00:00:00","Federal","$1.60","","1.6","1.6","44.4","9.02","9.02"
"1973-01-01T00:00:00","Florida","...","","0.0","0.0","44.4","0.0","0.0"
"1973-01-01T00:00:00","Georgia","1.25","","1.25","1.25","44.4","7.05","7.05"
"1973-01-01T00:00:00","Guam","1.90","","1.9","1.9","44.4","10.72","10.72"
"1973-01-01T00:00:00","Hawaii","1.60","","1.6","1.6","44.4","9.02","9.02"
"1973-01-01T00:00:00","Idaho","1.40","","1.4","1.4","44.4","7.9","7.9"
"1973-01-01T00:00:00","Illinois","1.40","","1.4","1.4","44.4","7.9","7.9"
"1973-01-01T00:00:00","Indiana","1.25","","1.25","1.25","44.4","7.05","7.05"
"1973-01-01T00:00:00","Iowa","...","","0.0","0.0","44.4","0.0","0.0"
"1973-01-01T00:00:00","Kansas","...","","0.0","0.0","44.4","0.0","0.0"
"1973-01-01T00:00:00","Kentucky",".65 - .75","","0.75","0.65","44.4","4.23","3.67"
"1973-01-01T00:00:00","Louisiana","...","","0.0","0.0","44.4","0.0","0.0"
"1973-01-01T00:00:00","Maine","1.40 - 1.80","","1.8","1.4","44.4","10.15","7.9"
"1973-01-01T00:00:00","Maryland","1.60","","1.6","1.6","44.4","9.02","9.02"
"1973-01-01T00:00:00","Massachusetts","1.75","","1.75","1.75","44.4","9.87","9.87"
"1973-01-01T00:00:00","Michigan","1.60","","1.6","1.6","44.4","9.02","9.02"
"1973-01-01T00:00:00","Minnesota",".75 - 1.60","","1.6","0.75","44.4","9.02","4.23"
"1973-01-01T00:00:00","Mississippi","...","","0.0","0.0","44.4","0.0","0.0"
"1973-01-01T00:00:00","Missouri","...","","0.0","0.0","44.4","0.0","0.0"
"1973-01-01T00:00:00","Montana","1.60","","1.6","1.6","44.4","9.02","9.02"
"1973-01-01T00:00:00","Nebraska","1.00","","1.0","1.0","44.4","5.64","5.64"
"1973-01-01T00:00:00","Nevada","1.60","","1.6","1.6","44.4","9.02","9.02"
"1973-01-01T00:00:00","New Hampshire","1.60","","1.6","1.6","44.4","9.02","9.02"
"1973-01-01T00:00:00","New Jersey","1.50","","1.5","1.5","44.4","8.46","8.46"
"1973-01-01T00:00:00","New Mexico","1.30 - 1.60","","1.6","1.3","44.4","9.02","7.33"
"1973-01-01T00:00:00","New York","1.85","","1.85","1.85","44.4","10.43","10.43"
"1973-01-01T00:00:00","North Carolina","1.45","","1.45","1.45","44.4","8.18","8.18"
"1973-01-01T00:00:00","North Dakota","1.00 - 1.45","","1.45","1.0","44.4","8.18","5.64"
"1973-01-01T00:00:00","Ohio",".75 - 1.25","","1.25","0.75","44.4","7.05","4.23"
"1973-01-01T00:00:00","Oklahoma","1.40","","1.4","1.4","44.4","7.9","7.9"
"1973-01-01T00:00:00","Oregon","1.25`","","1.25","1.25","44.4","7.05","7.05"
"1973-01-01T00:00:00","Pennsylvania","1.60","","1.6","1.6","44.4","9.02","9.02"
"1973-01-01T00:00:00","Puerto Rico",".65 - 1.60","","1.6","0.65","44.4","9.02","3.67"
"1973-01-01T00:00:00","Rhode Island","1.60","","1.6","1.6","44.4","9.02","9.02"
"1973-01-01T00:00:00","South Carolina","...","","0.0","0.0","44.4","0.0","0.0"
"1973-01-01T00:00:00","South Dakota","1.00","","1.0","1.0","44.4","5.64","5.64"
"1973-01-01T00:00:00","Tennessee","...","","0.0","0.0","44.4","0.0","0.0"
"1973-01-01T00:00:00","Texas","1.40","","1.4","1.4","44.4","7.9","7.9"
"1973-01-01T00:00:00","U.S. Virgin Islands","","","","","44.4","",""
"1973-01-01T00:00:00","Utah","1.20 - 1.35","","1.35","1.2","44.4","7.61","6.77"
"1973-01-01T00:00:00","Vermont","1.60","","1.6","1.6","44.4","9.02","9.02"
"1973-01-01T00:00:00","Virginia","...","","0.0","0.0","44.4","0.0","0.0"
"1973-01-01T00:00:00","Washington","1.60","","1.6","1.6","44.4","9.02","9.02"
"1973-01-01T00:00:00","West Virginia","1.20","","1.2","1.2","44.4","6.77","6.77"
"1973-01-01T00:00:00","Wisconsin","1.45","","1.45","1.45","44.4","8.18","8.18"
"1973-01-01T00:00:00","Wyoming","1.50","","1.5","1.5","44.4","8.46","8.46"
"1974-01-01T00:00:00","Alabama","...","","0.0","0.0","49.30833333","0.0","0.0"
"1974-01-01T00:00:00","Alaska","2.10","","2.1","2.1","49.30833333","10.66","10.66"
"1974-01-01T00:00:00","Arizona","18.72-26.40/wk","","0.66","0.468","49.30833333","3.35","2.38"
"1974-01-01T00:00:00","Arkansas","1.20","","1.2","1.2","49.30833333","6.09","6.09"
"1974-01-01T00:00:00","California","1.65","","1.65","1.65","49.30833333","8.38","8.38"
"1974-01-01T00:00:00","Colorado","1.00 - 1.25","","1.25","1.0","49.30833333","6.35","5.08"
"1974-01-01T00:00:00","Connecticut","1.85","","1.85","1.85","49.30833333","9.39","9.39"
"1974-01-01T00:00:00","Delaware","1.60","","1.6","1.6","49.30833333","8.13","8.13"
"1974-01-01T00:00:00","District of Columbia","1.60 - 2.25","","2.25","1.6","49.30833333","11.43","8.13"
"1974-01-01T00:00:00","Federal","$1.60","","1.6","1.6","49.30833333","8.13","8.13"
"1974-01-01T00:00:00","Florida","...","","0.0","0.0","49.30833333","0.0","0.0"
"1974-01-01T00:00:00","Georgia","1.25","","1.25","1.25","49.30833333","6.35","6.35"
"1974-01-01T00:00:00","Guam","1.90","","1.9","1.9","49.30833333","9.65","9.65"
"1974-01-01T00:00:00","Hawaii","1.60","","1.6","1.6","49.30833333","8.13","8.13"
"1974-01-01T00:00:00","Idaho","1.40","","1.4","1.4","49.30833333","7.11","7.11"
"1974-01-01T00:00:00","Illinois","1.40","","1.4","1.4","49.30833333","7.11","7.11"
"1974-01-01T00:00:00","Indiana","1.25","","1.25","1.25","49.30833333","6.35","6.35"
"1974-01-01T00:00:00","Iowa","...","","0.0","0.0","49.30833333","0.0","0.0"
"1974-01-01T00:00:00","Kansas","...","","0.0","0.0","49.30833333","0.0","0.0"
"1974-01-01T00:00:00","Kentucky",".65 - .75","","0.75","0.65","49.30833333","3.81","3.3"
"1974-01-01T00:00:00","Louisiana","...","","0.0","0.0","49.30833333","0.0","0.0"
"1974-01-01T00:00:00","Maine","1.40 - 1.80","","1.8","1.4","49.30833333","9.14","7.11"
"1974-01-01T00:00:00","Maryland","1.60","","1.6","1.6","49.30833333","8.13","8.13"
"1974-01-01T00:00:00","Massachusetts","1.75","","1.75","1.75","49.30833333","8.89","8.89"
"1974-01-01T00:00:00","Michigan","1.60","","1.6","1.6","49.30833333","8.13","8.13"
"1974-01-01T00:00:00","Minnesota",".75 - 1.60","","1.6","0.75","49.30833333","8.13","3.81"
"1974-01-01T00:00:00","Mississippi","...","","0.0","0.0","49.30833333","0.0","0.0"
"1974-01-01T00:00:00","Missouri","...","","0.0","0.0","49.30833333","0.0","0.0"
"1974-01-01T00:00:00","Montana","1.60","","1.6","1.6","49.30833333","8.13","8.13"
"1974-01-01T00:00:00","Nebraska","1.00","","1.0","1.0","49.30833333","5.08","5.08"
"1974-01-01T00:00:00","Nevada","1.60","","1.6","1.6","49.30833333","8.13","8.13"
"1974-01-01T00:00:00","New Hampshire","1.60","","1.6","1.6","49.30833333","8.13","8.13"
"1974-01-01T00:00:00","New Jersey","1.50","","1.5","1.5","49.30833333","7.62","7.62"
"1974-01-01T00:00:00","New Mexico","1.30 - 1.60","","1.6","1.3","49.30833333","8.13","6.6"
"1974-01-01T00:00:00","New York","1.85","","1.85","1.85","49.30833333","9.39","9.39"
"1974-01-01T00:00:00","North Carolina","1.45","","1.45","1.45","49.30833333","7.36","7.36"
"1974-01-01T00:00:00","North Dakota","1.00 - 1.45","","1.45","1.0","49.30833333","7.36","5.08"
"1974-01-01T00:00:00","Ohio",".75 - 1.25","","1.25","0.75","49.30833333","6.35","3.81"
"1974-01-01T00:00:00","Oklahoma","1.40","","1.4","1.4","49.30833333","7.11","7.11"
"1974-01-01T00:00:00","Oregon","1.25`","","1.25","1.25","49.30833333","6.35","6.35"
"1974-01-01T00:00:00","Pennsylvania","1.60","","1.6","1.6","49.30833333","8.13","8.13"
"1974-01-01T00:00:00","Puerto Rico",".65 - 1.60","","1.6","0.65","49.30833333","8.13","3.3"
"1974-01-01T00:00:00","Rhode Island","1.60","","1.6","1.6","49.30833333","8.13","8.13"
"1974-01-01T00:00:00","South Carolina","...","","0.0","0.0","49.30833333","0.0","0.0"
"1974-01-01T00:00:00","South Dakota","1.00","","1.0","1.0","49.30833333","5.08","5.08"
"1974-01-01T00:00:00","Tennessee","...","","0.0","0.0","49.30833333","0.0","0.0"
"1974-01-01T00:00:00","Texas","1.40","","1.4","1.4","49.30833333","7.11","7.11"
"1974-01-01T00:00:00","U.S. Virgin Islands","","","","","49.30833333","",""
"1974-01-01T00:00:00","Utah","1.20 - 1.35","","1.35","1.2","49.30833333","6.86","6.09"
"1974-01-01T00:00:00","Vermont","1.60","","1.6","1.6","49.30833333","8.13","8.13"
"1974-01-01T00:00:00","Virginia","...","","0.0","0.0","49.30833333","0.0","0.0"
"1974-01-01T00:00:00","Washington","1.60","","1.6","1.6","49.30833333","8.13","8.13"
"1974-01-01T00:00:00","West Virginia","1.20","","1.2","1.2","49.30833333","6.09","6.09"
"1974-01-01T00:00:00","Wisconsin","1.45","","1.45","1.45","49.30833333","7.36","7.36"
"1974-01-01T00:00:00","Wyoming","1.50","","1.5","1.5","49.30833333","7.62","7.62"
"1975-01-01T00:00:00","Alabama","...","","0.0","0.0","53.81666667","0.0","0.0"
"1975-01-01T00:00:00","Alaska","2.10","","2.1","2.1","53.81666667","9.77","9.77"
"1975-01-01T00:00:00","Arizona","18.72-26.40/wk","","0.66","0.468","53.81666667","3.07","2.18"
"1975-01-01T00:00:00","Arkansas","1.20","","1.2","1.2","53.81666667","5.58","5.58"
"1975-01-01T00:00:00","California","1.65","","1.65","1.65","53.81666667","7.68","7.68"
"1975-01-01T00:00:00","Colorado","1.00 - 1.25","","1.25","1.0","53.81666667","5.82","4.65"
"1975-01-01T00:00:00","Connecticut","1.85","","1.85","1.85","53.81666667","8.61","8.61"
"1975-01-01T00:00:00","Delaware","1.60","","1.6","1.6","53.81666667","7.44","7.44"
"1975-01-01T00:00:00","District of Columbia","1.60 - 2.25","","2.25","1.6","53.81666667","10.47","7.44"
"1975-01-01T00:00:00","Federal","$1.60","","1.6","1.6","53.81666667","7.44","7.44"
"1975-01-01T00:00:00","Florida","...","","0.0","0.0","53.81666667","0.0","0.0"
"1975-01-01T00:00:00","Georgia","1.25","","1.25","1.25","53.81666667","5.82","5.82"
"1975-01-01T00:00:00","Guam","1.90","","1.9","1.9","53.81666667","8.84","8.84"
"1975-01-01T00:00:00","Hawaii","1.60","","1.6","1.6","53.81666667","7.44","7.44"
"1975-01-01T00:00:00","Idaho","1.40","","1.4","1.4","53.81666667","6.51","6.51"
"1975-01-01T00:00:00","Illinois","1.40","","1.4","1.4","53.81666667","6.51","6.51"
"1975-01-01T00:00:00","Indiana","1.25","","1.25","1.25","53.81666667","5.82","5.82"
"1975-01-01T00:00:00","Iowa","...","","0.0","0.0","53.81666667","0.0","0.0"
"1975-01-01T00:00:00","Kansas","...","","0.0","0.0","53.81666667","0.0","0.0"
"1975-01-01T00:00:00","Kentucky",".65 - .75","","0.75","0.65","53.81666667","3.49","3.02"
"1975-01-01T00:00:00","Louisiana","...","","0.0","0.0","53.81666667","0.0","0.0"
"1975-01-01T00:00:00","Maine","1.40 - 1.80","","1.8","1.4","53.81666667","8.38","6.51"
"1975-01-01T00:00:00","Maryland","1.60","","1.6","1.6","53.81666667","7.44","7.44"
"1975-01-01T00:00:00","Massachusetts","1.75","","1.75","1.75","53.81666667","8.14","8.14"
"1975-01-01T00:00:00","Michigan","1.60","","1.6","1.6","53.81666667","7.44","7.44"
"1975-01-01T00:00:00","Minnesota",".75 - 1.60","","1.6","0.75","53.81666667","7.44","3.49"
"1975-01-01T00:00:00","Mississippi","...","","0.0","0.0","53.81666667","0.0","0.0"
"1975-01-01T00:00:00","Missouri","...","","0.0","0.0","53.81666667","0.0","0.0"
"1975-01-01T00:00:00","Montana","1.60","","1.6","1.6","53.81666667","7.44","7.44"
"1975-01-01T00:00:00","Nebraska","1.00","","1.0","1.0","53.81666667","4.65","4.65"
"1975-01-01T00:00:00","Nevada","1.60","","1.6","1.6","53.81666667","7.44","7.44"
"1975-01-01T00:00:00","New Hampshire","1.60","","1.6","1.6","53.81666667","7.44","7.44"
"1975-01-01T00:00:00","New Jersey","1.50","","1.5","1.5","53.81666667","6.98","6.98"
"1975-01-01T00:00:00","New Mexico","1.30 - 1.60","","1.6","1.3","53.81666667","7.44","6.05"
"1975-01-01T00:00:00","New York","1.85","","1.85","1.85","53.81666667","8.61","8.61"
"1975-01-01T00:00:00","North Carolina","1.45","","1.45","1.45","53.81666667","6.75","6.75"
"1975-01-01T00:00:00","North Dakota","1.00 - 1.45","","1.45","1.0","53.81666667","6.75","4.65"
"1975-01-01T00:00:00","Ohio",".75 - 1.25","","1.25","0.75","53.81666667","5.82","3.49"
"1975-01-01T00:00:00","Oklahoma","1.40","","1.4","1.4","53.81666667","6.51","6.51"
"1975-01-01T00:00:00","Oregon","1.25`","","1.25","1.25","53.81666667","5.82","5.82"
"1975-01-01T00:00:00","Pennsylvania","1.60","","1.6","1.6","53.81666667","7.44","7.44"
"1975-01-01T00:00:00","Puerto Rico",".65 - 1.60","","1.6","0.65","53.81666667","7.44","3.02"
"1975-01-01T00:00:00","Rhode Island","1.60","","1.6","1.6","53.81666667","7.44","7.44"
"1975-01-01T00:00:00","South Carolina","...","","0.0","0.0","53.81666667","0.0","0.0"
"1975-01-01T00:00:00","South Dakota","1.00","","1.0","1.0","53.81666667","4.65","4.65"
"1975-01-01T00:00:00","Tennessee","...","","0.0","0.0","53.81666667","0.0","0.0"
"1975-01-01T00:00:00","Texas","1.40","","1.4","1.4","53.81666667","6.51","6.51"
"1975-01-01T00:00:00","U.S. Virgin Islands","","","","","53.81666667","",""
"1975-01-01T00:00:00","Utah","1.20 - 1.35","","1.35","1.2","53.81666667","6.28","5.58"
"1975-01-01T00:00:00","Vermont","1.60","","1.6","1.6","53.81666667","7.44","7.44"
"1975-01-01T00:00:00","Virginia","...","","0.0","0.0","53.81666667","0.0","0.0"
"1975-01-01T00:00:00","Washington","1.60","","1.6","1.6","53.81666667","7.44","7.44"
"1975-01-01T00:00:00","West Virginia","1.20","","1.2","1.2","53.81666667","5.58","5.58"
"1975-01-01T00:00:00","Wisconsin","1.45","","1.45","1.45","53.81666667","6.75","6.75"
"1975-01-01T00:00:00","Wyoming","1.50","","1.5","1.5","53.81666667","6.98","6.98"
"1976-01-01T00:00:00","Alabama","...","","0.0","0.0","56.90833333","0.0","0.0"
"1976-01-01T00:00:00","Alaska","2.80","","2.8","2.8","56.90833333","12.32","12.32"
"1976-01-01T00:00:00","Arizona","...","","0.0","0.0","56.90833333","0.0","0.0"
"1976-01-01T00:00:00","Arkansas","1.90","","1.9","1.9","56.90833333","8.36","8.36"
"1976-01-01T00:00:00","California","2.00","","2.0","2.0","56.90833333","8.8","8.8"
"1976-01-01T00:00:00","Colorado","1.00 - 1.25","","1.25","1.0","56.90833333","5.5","4.4"
"1976-01-01T00:00:00","Connecticut","2.21 & 2.31","","2.31","2.21","56.90833333","10.16","9.72"
"1976-01-01T00:00:00","Delaware","2.00","","2.0","2.0","56.90833333","8.8","8.8"
"1976-01-01T00:00:00","District of Columbia","2.25 - 2.75","","2.75","2.25","56.90833333","12.1","9.9"
"1976-01-01T00:00:00","Federal","$2.20 & $2.30","","2.3","2.2","56.90833333","10.12","9.68"
"1976-01-01T00:00:00","Florida","...","","0.0","0.0","56.90833333","0.0","0.0"
"1976-01-01T00:00:00","Georgia","1.25","","1.25","1.25","56.90833333","5.5","5.5"
"1976-01-01T00:00:00","Guam","2.30","","2.3","2.3","56.90833333","10.12","10.12"
"1976-01-01T00:00:00","Hawaii","2.40","","2.4","2.4","56.90833333","10.56","10.56"
"1976-01-01T00:00:00","Idaho","1.60","","1.6","1.6","56.90833333","7.04","7.04"
"1976-01-01T00:00:00","Illinois","2.10","","2.1","2.1","56.90833333","9.24","9.24"
"1976-01-01T00:00:00","Indiana","1.25","","1.25","1.25","56.90833333","5.5","5.5"
"1976-01-01T00:00:00","Iowa","...","","0.0","0.0","56.90833333","0.0","0.0"
"1976-01-01T00:00:00","Kansas","...","","0.0","0.0","56.90833333","0.0","0.0"
"1976-01-01T00:00:00","Kentucky","1.60","","1.6","1.6","56.90833333","7.04","7.04"
"1976-01-01T00:00:00","Louisiana","...","","0.0","0.0","56.90833333","0.0","0.0"
"1976-01-01T00:00:00","Maine","2.30","","2.3","2.3","56.90833333","10.12","10.12"
"1976-01-01T00:00:00","Maryland","2.20 & 2.30","","2.3","2.2","56.90833333","10.12","9.68"
"1976-01-01T00:00:00","Massachusetts","2.10","","2.1","2.1","56.90833333","9.24","9.24"
"1976-01-01T00:00:00","Michigan","2.20","","2.2","2.2","56.90833333","9.68","9.68"
"1976-01-01T00:00:00","Minnesota","1.80","","1.8","1.8","56.90833333","7.92","7.92"
"1976-01-01T00:00:00","Mississippi","...","","0.0","0.0","56.90833333","0.0","0.0"
"1976-01-01T00:00:00","Missouri","...","","0.0","0.0","56.90833333","0.0","0.0"
"1976-01-01T00:00:00","Montana","1.80","","1.8","1.8","56.90833333","7.92","7.92"
"1976-01-01T00:00:00","Nebraska","1.60","","1.6","1.6","56.90833333","7.04","7.04"
"1976-01-01T00:00:00","Nevada","2.20 & 2.30","","2.3","2.2","56.90833333","10.12","9.68"
"1976-01-01T00:00:00","New Hampshire","2.20 - 2.30","","2.3","2.2","56.90833333","10.12","9.68"
"1976-01-01T00:00:00","New Jersey","2.20","","2.2","2.2","56.90833333","9.68","9.68"
"1976-01-01T00:00:00","New Mexico","2.00","","2.0","2.0","56.90833333","8.8","8.8"
"1976-01-01T00:00:00","New York","2.30","","2.3","2.3","56.90833333","10.12","10.12"
"1976-01-01T00:00:00","North Carolina","2.00","","2.0","2.0","56.90833333","8.8","8.8"
"1976-01-01T00:00:00","North Dakota","2.00 - 2.30","","2.3","2.0","56.90833333","10.12","8.8"
"1976-01-01T00:00:00","Ohio","1.60","","1.6","1.6","56.90833333","7.04","7.04"
"1976-01-01T00:00:00","Oklahoma","1.80","","1.8","1.8","56.90833333","7.92","7.92"
"1976-01-01T00:00:00","Oregon","2.30","","2.3","2.3","56.90833333","10.12","10.12"
"1976-01-01T00:00:00","Pennsylvania","2.20","","2.2","2.2","56.90833333","9.68","9.68"
"1976-01-01T00:00:00","Puerto Rico",".76 - 2.50","","2.5","0.76","56.90833333","11.0","3.34"
"1976-01-01T00:00:00","Rhode Island","2.30","","2.3","2.3","56.90833333","10.12","10.12"
"1976-01-01T00:00:00","South Carolina","...","","0.0","0.0","56.90833333","0.0","0.0"
"1976-01-01T00:00:00","South Dakota","2.00","","2.0","2.0","56.90833333","8.8","8.8"
"1976-01-01T00:00:00","Tennessee","...","","0.0","0.0","56.90833333","0.0","0.0"
"1976-01-01T00:00:00","Texas","1.40","","1.4","1.4","56.90833333","6.16","6.16"
"1976-01-01T00:00:00","U.S. Virgin Islands","","","","","56.90833333","",""
"1976-01-01T00:00:00","Utah","1.55 - 1.70","","1.7","1.55","56.90833333","7.48","6.82"
"1976-01-01T00:00:00","Vermont","2.30","","2.3","2.3","56.90833333","10.12","10.12"
"1976-01-01T00:00:00","Virginia","2.00","","2.0","2.0","56.90833333","8.8","8.8"
"1976-01-01T00:00:00","Washington","2.20 - 2.30","","2.3","2.2","56.90833333","10.12","9.68"
"1976-01-01T00:00:00","West Virginia","2.00","","2.0","2.0","56.90833333","8.8","8.8"
"1976-01-01T00:00:00","Wisconsin","2.10","","2.1","2.1","56.90833333","9.24","9.24"
"1976-01-01T00:00:00","Wyoming","1.60","","1.6","1.6","56.90833333","7.04","7.04"
"1977-01-01T00:00:00","Alabama","...","","0.0","0.0","60.60833333","0.0","0.0"
"1977-01-01T00:00:00","Alaska","2.80","","2.8","2.8","60.60833333","11.57","11.57"
"1977-01-01T00:00:00","Arizona","...","","0.0","0.0","60.60833333","0.0","0.0"
"1977-01-01T00:00:00","Arkansas","1.90","","1.9","1.9","60.60833333","7.85","7.85"
"1977-01-01T00:00:00","California","2.00","","2.0","2.0","60.60833333","8.26","8.26"
"1977-01-01T00:00:00","Colorado","1.00 - 1.25","","1.25","1.0","60.60833333","5.16","4.13"
"1977-01-01T00:00:00","Connecticut","2.21 & 2.31","","2.31","2.21","60.60833333","9.54","9.13"
"1977-01-01T00:00:00","Delaware","2.00","","2.0","2.0","60.60833333","8.26","8.26"
"1977-01-01T00:00:00","District of Columbia","2.25 - 2.75","","2.75","2.25","60.60833333","11.36","9.3"
"1977-01-01T00:00:00","Federal","$2.20 & $2.30","","2.3","2.2","60.60833333","9.5","9.09"
"1977-01-01T00:00:00","Florida","...","","0.0","0.0","60.60833333","0.0","0.0"
"1977-01-01T00:00:00","Georgia","1.25","","1.25","1.25","60.60833333","5.16","5.16"
"1977-01-01T00:00:00","Guam","2.30","","2.3","2.3","60.60833333","9.5","9.5"
"1977-01-01T00:00:00","Hawaii","2.40","","2.4","2.4","60.60833333","9.92","9.92"
"1977-01-01T00:00:00","Idaho","1.60","","1.6","1.6","60.60833333","6.61","6.61"
"1977-01-01T00:00:00","Illinois","2.10","","2.1","2.1","60.60833333","8.68","8.68"
"1977-01-01T00:00:00","Indiana","1.25","","1.25","1.25","60.60833333","5.16","5.16"
"1977-01-01T00:00:00","Iowa","...","","0.0","0.0","60.60833333","0.0","0.0"
"1977-01-01T00:00:00","Kansas","...","","0.0","0.0","60.60833333","0.0","0.0"
"1977-01-01T00:00:00","Kentucky","1.60","","1.6","1.6","60.60833333","6.61","6.61"
"1977-01-01T00:00:00","Louisiana","...","","0.0","0.0","60.60833333","0.0","0.0"
"1977-01-01T00:00:00","Maine","2.30","","2.3","2.3","60.60833333","9.5","9.5"
"1977-01-01T00:00:00","Maryland","2.20 & 2.30","","2.3","2.2","60.60833333","9.5","9.09"
"1977-01-01T00:00:00","Massachusetts","2.10","","2.1","2.1","60.60833333","8.68","8.68"
"1977-01-01T00:00:00","Michigan","2.20","","2.2","2.2","60.60833333","9.09","9.09"
"1977-01-01T00:00:00","Minnesota","1.80","","1.8","1.8","60.60833333","7.44","7.44"
"1977-01-01T00:00:00","Mississippi","...","","0.0","0.0","60.60833333","0.0","0.0"
"1977-01-01T00:00:00","Missouri","...","","0.0","0.0","60.60833333","0.0","0.0"
"1977-01-01T00:00:00","Montana","1.80","","1.8","1.8","60.60833333","7.44","7.44"
"1977-01-01T00:00:00","Nebraska","1.60","","1.6","1.6","60.60833333","6.61","6.61"
"1977-01-01T00:00:00","Nevada","2.20 & 2.30","","2.3","2.2","60.60833333","9.5","9.09"
"1977-01-01T00:00:00","New Hampshire","2.20 - 2.30","","2.3","2.2","60.60833333","9.5","9.09"
"1977-01-01T00:00:00","New Jersey","2.20","","2.2","2.2","60.60833333","9.09","9.09"
"1977-01-01T00:00:00","New Mexico","2.00","","2.0","2.0","60.60833333","8.26","8.26"
"1977-01-01T00:00:00","New York","2.30","","2.3","2.3","60.60833333","9.5","9.5"
"1977-01-01T00:00:00","North Carolina","2.00","","2.0","2.0","60.60833333","8.26","8.26"
"1977-01-01T00:00:00","North Dakota","2.00 - 2.30","","2.3","2.0","60.60833333","9.5","8.26"
"1977-01-01T00:00:00","Ohio","1.60","","1.6","1.6","60.60833333","6.61","6.61"
"1977-01-01T00:00:00","Oklahoma","1.80","","1.8","1.8","60.60833333","7.44","7.44"
"1977-01-01T00:00:00","Oregon","2.30","","2.3","2.3","60.60833333","9.5","9.5"
"1977-01-01T00:00:00","Pennsylvania","2.20","","2.2","2.2","60.60833333","9.09","9.09"
"1977-01-01T00:00:00","Puerto Rico",".76 - 2.50","","2.5","0.76","60.60833333","10.33","3.14"
"1977-01-01T00:00:00","Rhode Island","2.30","","2.3","2.3","60.60833333","9.5","9.5"
"1977-01-01T00:00:00","South Carolina","...","","0.0","0.0","60.60833333","0.0","0.0"
"1977-01-01T00:00:00","South Dakota","2.00","","2.0","2.0","60.60833333","8.26","8.26"
"1977-01-01T00:00:00","Tennessee","...","","0.0","0.0","60.60833333","0.0","0.0"
"1977-01-01T00:00:00","Texas","1.40","","1.4","1.4","60.60833333","5.78","5.78"
"1977-01-01T00:00:00","U.S. Virgin Islands","","","","","60.60833333","",""
"1977-01-01T00:00:00","Utah","1.55 - 1.70","","1.7","1.55","60.60833333","7.02","6.4"
"1977-01-01T00:00:00","Vermont","2.30","","2.3","2.3","60.60833333","9.5","9.5"
"1977-01-01T00:00:00","Virginia","2.00","","2.0","2.0","60.60833333","8.26","8.26"
"1977-01-01T00:00:00","Washington","2.20 - 2.30","","2.3","2.2","60.60833333","9.5","9.09"
"1977-01-01T00:00:00","West Virginia","2.00","","2.0","2.0","60.60833333","8.26","8.26"
"1977-01-01T00:00:00","Wisconsin","2.10","","2.1","2.1","60.60833333","8.68","8.68"
"1977-01-01T00:00:00","Wyoming","1.60","","1.6","1.6","60.60833333","6.61","6.61"
"1978-01-01T00:00:00","Alabama","...","","0.0","0.0","65.23333333","0.0","0.0"
"1978-01-01T00:00:00","Alaska","2.80","","2.8","2.8","65.23333333","10.75","10.75"
"1978-01-01T00:00:00","Arizona","...","","0.0","0.0","65.23333333","0.0","0.0"
"1978-01-01T00:00:00","Arkansas","1.90","","1.9","1.9","65.23333333","7.29","7.29"
"1978-01-01T00:00:00","California","2.00","","2.0","2.0","65.23333333","7.68","7.68"
"1978-01-01T00:00:00","Colorado","1.00 - 1.25","","1.25","1.0","65.23333333","4.8","3.84"
"1978-01-01T00:00:00","Connecticut","2.21 & 2.31","","2.31","2.21","65.23333333","8.87","8.48"
"1978-01-01T00:00:00","Delaware","2.00","","2.0","2.0","65.23333333","7.68","7.68"
"1978-01-01T00:00:00","District of Columbia","2.25 - 2.75","","2.75","2.25","65.23333333","10.56","8.64"
"1978-01-01T00:00:00","Federal","$2.20 & $2.30","","2.3","2.2","65.23333333","8.83","8.44"
"1978-01-01T00:00:00","Florida","...","","0.0","0.0","65.23333333","0.0","0.0"
"1978-01-01T00:00:00","Georgia","1.25","","1.25","1.25","65.23333333","4.8","4.8"
"1978-01-01T00:00:00","Guam","2.30","","2.3","2.3","65.23333333","8.83","8.83"
"1978-01-01T00:00:00","Hawaii","2.40","","2.4","2.4","65.23333333","9.21","9.21"
"1978-01-01T00:00:00","Idaho","1.60","","1.6","1.6","65.23333333","6.14","6.14"
"1978-01-01T00:00:00","Illinois","2.10","","2.1","2.1","65.23333333","8.06","8.06"
"1978-01-01T00:00:00","Indiana","1.25","","1.25","1.25","65.23333333","4.8","4.8"
"1978-01-01T00:00:00","Iowa","...","","0.0","0.0","65.23333333","0.0","0.0"
"1978-01-01T00:00:00","Kansas","...","","0.0","0.0","65.23333333","0.0","0.0"
"1978-01-01T00:00:00","Kentucky","1.60","","1.6","1.6","65.23333333","6.14","6.14"
"1978-01-01T00:00:00","Louisiana","...","","0.0","0.0","65.23333333","0.0","0.0"
"1978-01-01T00:00:00","Maine","2.30","","2.3","2.3","65.23333333","8.83","8.83"
"1978-01-01T00:00:00","Maryland","2.20 & 2.30","","2.3","2.2","65.23333333","8.83","8.44"
"1978-01-01T00:00:00","Massachusetts","2.10","","2.1","2.1","65.23333333","8.06","8.06"
"1978-01-01T00:00:00","Michigan","2.20","","2.2","2.2","65.23333333","8.44","8.44"
"1978-01-01T00:00:00","Minnesota","1.80","","1.8","1.8","65.23333333","6.91","6.91"
"1978-01-01T00:00:00","Mississippi","...","","0.0","0.0","65.23333333","0.0","0.0"
"1978-01-01T00:00:00","Missouri","...","","0.0","0.0","65.23333333","0.0","0.0"
"1978-01-01T00:00:00","Montana","1.80","","1.8","1.8","65.23333333","6.91","6.91"
"1978-01-01T00:00:00","Nebraska","1.60","","1.6","1.6","65.23333333","6.14","6.14"
"1978-01-01T00:00:00","Nevada","2.20 & 2.30","","2.3","2.2","65.23333333","8.83","8.44"
"1978-01-01T00:00:00","New Hampshire","2.20 - 2.30","","2.3","2.2","65.23333333","8.83","8.44"
"1978-01-01T00:00:00","New Jersey","2.20","","2.2","2.2","65.23333333","8.44","8.44"
"1978-01-01T00:00:00","New Mexico","2.00","","2.0","2.0","65.23333333","7.68","7.68"
"1978-01-01T00:00:00","New York","2.30","","2.3","2.3","65.23333333","8.83","8.83"
"1978-01-01T00:00:00","North Carolina","2.00","","2.0","2.0","65.23333333","7.68","7.68"
"1978-01-01T00:00:00","North Dakota","2.00 - 2.30","","2.3","2.0","65.23333333","8.83","7.68"
"1978-01-01T00:00:00","Ohio","1.60","","1.6","1.6","65.23333333","6.14","6.14"
"1978-01-01T00:00:00","Oklahoma","1.80","","1.8","1.8","65.23333333","6.91","6.91"
"1978-01-01T00:00:00","Oregon","2.30","","2.3","2.3","65.23333333","8.83","8.83"
"1978-01-01T00:00:00","Pennsylvania","2.20","","2.2","2.2","65.23333333","8.44","8.44"
"1978-01-01T00:00:00","Puerto Rico",".76 - 2.50","","2.5","0.76","65.23333333","9.6","2.92"
"1978-01-01T00:00:00","Rhode Island","2.30","","2.3","2.3","65.23333333","8.83","8.83"
"1978-01-01T00:00:00","South Carolina","...","","0.0","0.0","65.23333333","0.0","0.0"
"1978-01-01T00:00:00","South Dakota","2.00","","2.0","2.0","65.23333333","7.68","7.68"
"1978-01-01T00:00:00","Tennessee","...","","0.0","0.0","65.23333333","0.0","0.0"
"1978-01-01T00:00:00","Texas","1.40","","1.4","1.4","65.23333333","5.37","5.37"
"1978-01-01T00:00:00","U.S. Virgin Islands","","","","","65.23333333","",""
"1978-01-01T00:00:00","Utah","1.55 - 1.70","","1.7","1.55","65.23333333","6.53","5.95"
"1978-01-01T00:00:00","Vermont","2.30","","2.3","2.3","65.23333333","8.83","8.83"
"1978-01-01T00:00:00","Virginia","2.00","","2.0","2.0","65.23333333","7.68","7.68"
"1978-01-01T00:00:00","Washington","2.20 - 2.30","","2.3","2.2","65.23333333","8.83","8.44"
"1978-01-01T00:00:00","West Virginia","2.00","","2.0","2.0","65.23333333","7.68","7.68"
"1978-01-01T00:00:00","Wisconsin","2.10","","2.1","2.1","65.23333333","8.06","8.06"
"1978-01-01T00:00:00","Wyoming","1.60","","1.6","1.6","65.23333333","6.14","6.14"
"1979-01-01T00:00:00","Alabama","...","","0.0","0.0","72.575","0.0","0.0"
"1979-01-01T00:00:00","Alaska","3.40","","3.4","3.4","72.575","11.73","11.73"
"1979-01-01T00:00:00","Arizona","...","","0.0","0.0","72.575","0.0","0.0"
"1979-01-01T00:00:00","Arkansas","2.30","","2.3","2.3","72.575","7.94","7.94"
"1979-01-01T00:00:00","California","2.90","","2.9","2.9","72.575","10.01","10.01"
"1979-01-01T00:00:00","Colorado","1.90","","1.9","1.9","72.575","6.56","6.56"
"1979-01-01T00:00:00","Connecticut","2.91","","2.91","2.91","72.575","10.04","10.04"
"1979-01-01T00:00:00","Delaware","2.00","","2.0","2.0","72.575","6.9","6.9"
"1979-01-01T00:00:00","District of Columbia","2.46 - 3.00","","3.0","2.46","72.575","10.35","8.49"
"1979-01-01T00:00:00","Federal","$2.90","","2.9","2.9","72.575","10.01","10.01"
"1979-01-01T00:00:00","Florida","...","","0.0","0.0","72.575","0.0","0.0"
"1979-01-01T00:00:00","Georgia","1.23","","1.23","1.23","72.575","4.24","4.24"
"1979-01-01T00:00:00","Guam","2.90","","2.9","2.9","72.575","10.01","10.01"
"1979-01-01T00:00:00","Hawaii","2.65","","2.65","2.65","72.575","9.14","9.14"
"1979-01-01T00:00:00","Idaho","2.30","","2.3","2.3","72.575","7.94","7.94"
"1979-01-01T00:00:00","Illinois","2.30","","2.3","2.3","72.575","7.94","7.94"
"1979-01-01T00:00:00","Indiana","2.00","","2.0","2.0","72.575","6.9","6.9"
"1979-01-01T00:00:00","Iowa","...","","0.0","0.0","72.575","0.0","0.0"
"1979-01-01T00:00:00","Kansas","1.60","","1.6","1.6","72.575","5.52","5.52"
"1979-01-01T00:00:00","Kentucky","2.00","","2.0","2.0","72.575","6.9","6.9"
"1979-01-01T00:00:00","Louisiana","...","","0.0","0.0","72.575","0.0","0.0"
"1979-01-01T00:00:00","Maine","2.90","","2.9","2.9","72.575","10.01","10.01"
"1979-01-01T00:00:00","Maryland","2.90","","2.9","2.9","72.575","10.01","10.01"
"1979-01-01T00:00:00","Massachusetts","2.90","","2.9","2.9","72.575","10.01","10.01"
"1979-01-01T00:00:00","Michigan","2.90","","2.9","2.9","72.575","10.01","10.01"
"1979-01-01T00:00:00","Minnesota","2.30","","2.3","2.3","72.575","7.94","7.94"
"1979-01-01T00:00:00","Mississippi","...","","0.0","0.0","72.575","0.0","0.0"
"1979-01-01T00:00:00","Missouri","...","","0.0","0.0","72.575","0.0","0.0"
"1979-01-01T00:00:00","Montana","2.00","","2.0","2.0","72.575","6.9","6.9"
"1979-01-01T00:00:00","Nebraska","1.60","","1.6","1.6","72.575","5.52","5.52"
"1979-01-01T00:00:00","Nevada","2.75","","2.75","2.75","72.575","9.49","9.49"
"1979-01-01T00:00:00","New Hampshire","2.90","","2.9","2.9","72.575","10.01","10.01"
"1979-01-01T00:00:00","New Jersey","2.50","","2.5","2.5","72.575","8.63","8.63"
"1979-01-01T00:00:00","New Mexico","2.30","","2.3","2.3","72.575","7.94","7.94"
"1979-01-01T00:00:00","New York","2.90","","2.9","2.9","72.575","10.01","10.01"
"1979-01-01T00:00:00","North Carolina","2.50","","2.5","2.5","72.575","8.63","8.63"
"1979-01-01T00:00:00","North Dakota","2.10 - 2.30","","2.3","2.1","72.575","7.94","7.25"
"1979-01-01T00:00:00","Ohio","2.30","","2.3","2.3","72.575","7.94","7.94"
"1979-01-01T00:00:00","Oklahoma","2.00","","2.0","2.0","72.575","6.9","6.9"
"1979-01-01T00:00:00","Oregon","2.30","","2.3","2.3","72.575","7.94","7.94"
"1979-01-01T00:00:00","Pennsylvania","2.90","","2.9","2.9","72.575","10.01","10.01"
"1979-01-01T00:00:00","Puerto Rico","1.20 - 2.50","","2.5","1.2","72.575","8.63","4.14"
"1979-01-01T00:00:00","Rhode Island","2.30","","2.3","2.3","72.575","7.94","7.94"
"1979-01-01T00:00:00","South Carolina","...","","0.0","0.0","72.575","0.0","0.0"
"1979-01-01T00:00:00","South Dakota","2.30","","2.3","2.3","72.575","7.94","7.94"
"1979-01-01T00:00:00","Tennessee","...","","0.0","0.0","72.575","0.0","0.0"
"1979-01-01T00:00:00","Texas","1.40","","1.4","1.4","72.575","4.83","4.83"
"1979-01-01T00:00:00","U.S. Virgin Islands","2.90","","2.9","2.9","72.575","10.01","10.01"
"1979-01-01T00:00:00","Utah","2.20 - 2.45","","2.45","2.2","72.575","8.45","7.59"
"1979-01-01T00:00:00","Vermont","2.90","","2.9","2.9","72.575","10.01","10.01"
"1979-01-01T00:00:00","Virginia","2.35","","2.35","2.35","72.575","8.11","8.11"
"1979-01-01T00:00:00","Washington","2.30","","2.3","2.3","72.575","7.94","7.94"
"1979-01-01T00:00:00","West Virginia","2.20","","2.2","2.2","72.575","7.59","7.59"
"1979-01-01T00:00:00","Wisconsin","2.80","","2.8","2.8","72.575","9.66","9.66"
"1979-01-01T00:00:00","Wyoming","1.60","","1.6","1.6","72.575","5.52","5.52"
"1980-01-01T00:00:00","Alabama","...","","0.0","0.0","82.40833333","0.0","0.0"
"1980-01-01T00:00:00","Alaska","3.60","","3.6","3.6","82.40833333","10.94","10.94"
"1980-01-01T00:00:00","Arizona","...","","0.0","0.0","82.40833333","0.0","0.0"
"1980-01-01T00:00:00","Arkansas","2.55","","2.55","2.55","82.40833333","7.75","7.75"
"1980-01-01T00:00:00","California","2.90","","2.9","2.9","82.40833333","8.81","8.81"
"1980-01-01T00:00:00","Colorado","1.90","","1.9","1.9","82.40833333","5.77","5.77"
"1980-01-01T00:00:00","Connecticut","3.12","","3.12","3.12","82.40833333","9.48","9.48"
"1980-01-01T00:00:00","Delaware","2.00","","2.0","2.0","82.40833333","6.08","6.08"
"1980-01-01T00:00:00","District of Columbia","2.50 - 3.50","","3.5","2.5","82.40833333","10.63","7.6"
"1980-01-01T00:00:00","Federal","$3.10","","3.1","3.1","82.40833333","9.42","9.42"
"1980-01-01T00:00:00","Florida","...","","0.0","0.0","82.40833333","0.0","0.0"
"1980-01-01T00:00:00","Georgia","1.25","","1.25","1.25","82.40833333","3.8","3.8"
"1980-01-01T00:00:00","Guam","3.10","","3.1","3.1","82.40833333","9.42","9.42"
"1980-01-01T00:00:00","Hawaii","2.90","","2.9","2.9","82.40833333","8.81","8.81"
"1980-01-01T00:00:00","Idaho","2.30","","2.3","2.3","82.40833333","6.99","6.99"
"1980-01-01T00:00:00","Illinois","2.30","","2.3","2.3","82.40833333","6.99","6.99"
"1980-01-01T00:00:00","Indiana","2.00","","2.0","2.0","82.40833333","6.08","6.08"
"1980-01-01T00:00:00","Iowa","...","","0.0","0.0","82.40833333","0.0","0.0"
"1980-01-01T00:00:00","Kansas","1.60","","1.6","1.6","82.40833333","4.86","4.86"
"1980-01-01T00:00:00","Kentucky","2.15","","2.15","2.15","82.40833333","6.53","6.53"
"1980-01-01T00:00:00","Louisiana","...","","0.0","0.0","82.40833333","0.0","0.0"
"1980-01-01T00:00:00","Maine","3.10","","3.1","3.1","82.40833333","9.42","9.42"
"1980-01-01T00:00:00","Maryland","3.10","","3.1","3.1","82.40833333","9.42","9.42"
"1980-01-01T00:00:00","Massachusetts","3.10","","3.1","3.1","82.40833333","9.42","9.42"
"1980-01-01T00:00:00","Michigan","3.10","","3.1","3.1","82.40833333","9.42","9.42"
"1980-01-01T00:00:00","Minnesota","2.90","","2.9","2.9","82.40833333","8.81","8.81"
"1980-01-01T00:00:00","Mississippi","...","","0.0","0.0","82.40833333","0.0","0.0"
"1980-01-01T00:00:00","Missouri","...","","0.0","0.0","82.40833333","0.0","0.0"
"1980-01-01T00:00:00","Montana","2.00","","2.0","2.0","82.40833333","6.08","6.08"
"1980-01-01T00:00:00","Nebraska","1.60","","1.6","1.6","82.40833333","4.86","4.86"
"1980-01-01T00:00:00","Nevada","2.75","","2.75","2.75","82.40833333","8.36","8.36"
"1980-01-01T00:00:00","New Hampshire","3.10","","3.1","3.1","82.40833333","9.42","9.42"
"1980-01-01T00:00:00","New Jersey","3.10","","3.1","3.1","82.40833333","9.42","9.42"
"1980-01-01T00:00:00","New Mexico","2.65","","2.65","2.65","82.40833333","8.05","8.05"
"1980-01-01T00:00:00","New York","3.10","","3.1","3.1","82.40833333","9.42","9.42"
"1980-01-01T00:00:00","North Carolina","2.75","","2.75","2.75","82.40833333","8.36","8.36"
"1980-01-01T00:00:00","North Dakota","2.60 - 3.10","","3.1","2.6","82.40833333","9.42","7.9"
"1980-01-01T00:00:00","Ohio","2.30","","2.3","2.3","82.40833333","6.99","6.99"
"1980-01-01T00:00:00","Oklahoma","2.00","","2.0","2.0","82.40833333","6.08","6.08"
"1980-01-01T00:00:00","Oregon","2.90","","2.9","2.9","82.40833333","8.81","8.81"
"1980-01-01T00:00:00","Pennsylvania","3.10","","3.1","3.1","82.40833333","9.42","9.42"
"1980-01-01T00:00:00","Puerto Rico","1.20 - 2.50","","2.5","1.2","82.40833333","7.6","3.65"
"1980-01-01T00:00:00","Rhode Island","2.65","","2.65","2.65","82.40833333","8.05","8.05"
"1980-01-01T00:00:00","South Carolina","...","","0.0","0.0","82.40833333","0.0","0.0"
"1980-01-01T00:00:00","South Dakota","2.30","","2.3","2.3","82.40833333","6.99","6.99"
"1980-01-01T00:00:00","Tennessee","...","","0.0","0.0","82.40833333","0.0","0.0"
"1980-01-01T00:00:00","Texas","1.40","","1.4","1.4","82.40833333","4.25","4.25"
"1980-01-01T00:00:00","U.S. Virgin Islands","3.10","","3.1","3.1","82.40833333","9.42","9.42"
"1980-01-01T00:00:00","Utah","2.35 - 2.60","","2.6","2.35","82.40833333","7.9","7.14"
"1980-01-01T00:00:00","Vermont","3.10","","3.1","3.1","82.40833333","9.42","9.42"
"1980-01-01T00:00:00","Virginia","2.35","","2.35","2.35","82.40833333","7.14","7.14"
"1980-01-01T00:00:00","Washington","2.30","","2.3","2.3","82.40833333","6.99","6.99"
"1980-01-01T00:00:00","West Virginia","2.20","","2.2","2.2","82.40833333","6.68","6.68"
"1980-01-01T00:00:00","Wisconsin","3.00","","3.0","3.0","82.40833333","9.12","9.12"
"1980-01-01T00:00:00","Wyoming","1.60","","1.6","1.6","82.40833333","4.86","4.86"
"1981-01-01T00:00:00","Alabama","...","","0.0","0.0","90.925","0.0","0.0"
"1981-01-01T00:00:00","Alaska","3.85","","3.85","3.85","90.925","10.6","10.6"
"1981-01-01T00:00:00","Arizona","...","","0.0","0.0","90.925","0.0","0.0"
"1981-01-01T00:00:00","Arkansas","2.70","","2.7","2.7","90.925","7.44","7.44"
"1981-01-01T00:00:00","California","3.35","","3.35","3.35","90.925","9.23","9.23"
"1981-01-01T00:00:00","Colorado","1.90","","1.9","1.9","90.925","5.23","5.23"
"1981-01-01T00:00:00","Connecticut","3.37","","3.37","3.37","90.925","9.28","9.28"
"1981-01-01T00:00:00","Delaware","2.00","","2.0","2.0","90.925","5.51","5.51"
"1981-01-01T00:00:00","District of Columbia","2.50 - 3.75","","3.75","2.5","90.925","10.33","6.88"
"1981-01-01T00:00:00","Federal","$3.35","","3.35","3.35","90.925","9.23","9.23"
"1981-01-01T00:00:00","Florida","...","","0.0","0.0","90.925","0.0","0.0"
"1981-01-01T00:00:00","Georgia","1.25","","1.25","1.25","90.925","3.44","3.44"
"1981-01-01T00:00:00","Guam","3.35","","3.35","3.35","90.925","9.23","9.23"
"1981-01-01T00:00:00","Hawaii","3.10","","3.1","3.1","90.925","8.54","8.54"
"1981-01-01T00:00:00","Idaho","2.30","","2.3","2.3","90.925","6.33","6.33"
"1981-01-01T00:00:00","Illinois","2.30","","2.3","2.3","90.925","6.33","6.33"
"1981-01-01T00:00:00","Indiana","2.00","","2.0","2.0","90.925","5.51","5.51"
"1981-01-01T00:00:00","Iowa","...","","0.0","0.0","90.925","0.0","0.0"
"1981-01-01T00:00:00","Kansas","1.60","","1.6","1.6","90.925","4.41","4.41"
"1981-01-01T00:00:00","Kentucky","2.15","","2.15","2.15","90.925","5.92","5.92"
"1981-01-01T00:00:00","Louisiana","...","","0.0","0.0","90.925","0.0","0.0"
"1981-01-01T00:00:00","Maine","3.35","","3.35","3.35","90.925","9.23","9.23"
"1981-01-01T00:00:00","Maryland","3.35","","3.35","3.35","90.925","9.23","9.23"
"1981-01-01T00:00:00","Massachusetts","3.35","","3.35","3.35","90.925","9.23","9.23"
"1981-01-01T00:00:00","Michigan","3.35","","3.35","3.35","90.925","9.23","9.23"
"1981-01-01T00:00:00","Minnesota","3.10","","3.1","3.1","90.925","8.54","8.54"
"1981-01-01T00:00:00","Mississippi","...","","0.0","0.0","90.925","0.0","0.0"
"1981-01-01T00:00:00","Missouri","...","","0.0","0.0","90.925","0.0","0.0"
"1981-01-01T00:00:00","Montana","2.00","","2.0","2.0","90.925","5.51","5.51"
"1981-01-01T00:00:00","Nebraska","1.60","","1.6","1.6","90.925","4.41","4.41"
"1981-01-01T00:00:00","Nevada","2.75","","2.75","2.75","90.925","7.57","7.57"
"1981-01-01T00:00:00","New Hampshire","3.35","","3.35","3.35","90.925","9.23","9.23"
"1981-01-01T00:00:00","New Jersey","3.35","","3.35","3.35","90.925","9.23","9.23"
"1981-01-01T00:00:00","New Mexico","2.90","","2.9","2.9","90.925","7.99","7.99"
"1981-01-01T00:00:00","New York","3.35","","3.35","3.35","90.925","9.23","9.23"
"1981-01-01T00:00:00","North Carolina","2.90","","2.9","2.9","90.925","7.99","7.99"
"1981-01-01T00:00:00","North Dakota","2.80 - 3.10","","3.1","2.8","90.925","8.54","7.71"
"1981-01-01T00:00:00","Ohio","2.30","","2.3","2.3","90.925","6.33","6.33"
"1981-01-01T00:00:00","Oklahoma","3.10","","3.1","3.1","90.925","8.54","8.54"
"1981-01-01T00:00:00","Oregon","3.10","","3.1","3.1","90.925","8.54","8.54"
"1981-01-01T00:00:00","Pennsylvania","3.35","","3.35","3.35","90.925","9.23","9.23"
"1981-01-01T00:00:00","Puerto Rico","1.20 - 3.10","","3.1","1.2","90.925","8.54","3.3"
"1981-01-01T00:00:00","Rhode Island","2.90","","2.9","2.9","90.925","7.99","7.99"
"1981-01-01T00:00:00","South Carolina","...","","0.0","0.0","90.925","0.0","0.0"
"1981-01-01T00:00:00","South Dakota","2.30","","2.3","2.3","90.925","6.33","6.33"
"1981-01-01T00:00:00","Tennessee","...","","0.0","0.0","90.925","0.0","0.0"
"1981-01-01T00:00:00","Texas","1.40","","1.4","1.4","90.925","3.86","3.86"
"1981-01-01T00:00:00","U.S. Virgin Islands","3.35","","3.35","3.35","90.925","9.23","9.23"
"1981-01-01T00:00:00","Utah","2.50 - 2.75","","2.75","2.5","90.925","7.57","6.88"
"1981-01-01T00:00:00","Vermont","3.35","","3.35","3.35","90.925","9.23","9.23"
"1981-01-01T00:00:00","Virginia","2.65","","2.65","2.65","90.925","7.3","7.3"
"1981-01-01T00:00:00","Washington","2.30","","2.3","2.3","90.925","6.33","6.33"
"1981-01-01T00:00:00","West Virginia","2.75","","2.75","2.75","90.925","7.57","7.57"
"1981-01-01T00:00:00","Wisconsin","3.25","","3.25","3.25","90.925","8.95","8.95"
"1981-01-01T00:00:00","Wyoming","1.60","","1.6","1.6","90.925","4.41","4.41"
"1982-01-01T00:00:00","Alabama","...","","0.0","0.0","96.5","0.0","0.0"
"1982-01-01T00:00:00","Alaska","3.85","","3.85","3.85","96.5","9.99","9.99"
"1982-01-01T00:00:00","Arizona","...","","0.0","0.0","96.5","0.0","0.0"
"1982-01-01T00:00:00","Arkansas","2.70","","2.7","2.7","96.5","7.01","7.01"
"1982-01-01T00:00:00","California","3.35","","3.35","3.35","96.5","8.69","8.69"
"1982-01-01T00:00:00","Colorado","1.90","","1.9","1.9","96.5","4.93","4.93"
"1982-01-01T00:00:00","Connecticut","3.37","","3.37","3.37","96.5","8.74","8.74"
"1982-01-01T00:00:00","Delaware","2.00","","2.0","2.0","96.5","5.19","5.19"
"1982-01-01T00:00:00","District of Columbia","2.50 - 3.75","","3.75","2.5","96.5","9.73","6.49"
"1982-01-01T00:00:00","Federal","$3.35","","3.35","3.35","96.5","8.69","8.69"
"1982-01-01T00:00:00","Florida","...","","0.0","0.0","96.5","0.0","0.0"
"1982-01-01T00:00:00","Georgia","1.25","","1.25","1.25","96.5","3.24","3.24"
"1982-01-01T00:00:00","Guam","3.35","","3.35","3.35","96.5","8.69","8.69"
"1982-01-01T00:00:00","Hawaii","3.10","","3.1","3.1","96.5","8.04","8.04"
"1982-01-01T00:00:00","Idaho","2.30","","2.3","2.3","96.5","5.97","5.97"
"1982-01-01T00:00:00","Illinois","2.30","","2.3","2.3","96.5","5.97","5.97"
"1982-01-01T00:00:00","Indiana","2.00","","2.0","2.0","96.5","5.19","5.19"
"1982-01-01T00:00:00","Iowa","...","","0.0","0.0","96.5","0.0","0.0"
"1982-01-01T00:00:00","Kansas","1.60","","1.6","1.6","96.5","4.15","4.15"
"1982-01-01T00:00:00","Kentucky","2.15","","2.15","2.15","96.5","5.58","5.58"
"1982-01-01T00:00:00","Louisiana","...","","0.0","0.0","96.5","0.0","0.0"
"1982-01-01T00:00:00","Maine","3.35","","3.35","3.35","96.5","8.69","8.69"
"1982-01-01T00:00:00","Maryland","3.35","","3.35","3.35","96.5","8.69","8.69"
"1982-01-01T00:00:00","Massachusetts","3.35","","3.35","3.35","96.5","8.69","8.69"
"1982-01-01T00:00:00","Michigan","3.35","","3.35","3.35","96.5","8.69","8.69"
"1982-01-01T00:00:00","Minnesota","3.10","","3.1","3.1","96.5","8.04","8.04"
"1982-01-01T00:00:00","Mississippi","...","","0.0","0.0","96.5","0.0","0.0"
"1982-01-01T00:00:00","Missouri","...","","0.0","0.0","96.5","0.0","0.0"
"1982-01-01T00:00:00","Montana","2.00","","2.0","2.0","96.5","5.19","5.19"
"1982-01-01T00:00:00","Nebraska","1.60","","1.6","1.6","96.5","4.15","4.15"
"1982-01-01T00:00:00","Nevada","2.75","","2.75","2.75","96.5","7.14","7.14"
"1982-01-01T00:00:00","New Hampshire","3.35","","3.35","3.35","96.5","8.69","8.69"
"1982-01-01T00:00:00","New Jersey","3.35","","3.35","3.35","96.5","8.69","8.69"
"1982-01-01T00:00:00","New Mexico","2.90","","2.9","2.9","96.5","7.52","7.52"
"1982-01-01T00:00:00","New York","3.35","","3.35","3.35","96.5","8.69","8.69"
"1982-01-01T00:00:00","North Carolina","2.90","","2.9","2.9","96.5","7.52","7.52"
"1982-01-01T00:00:00","North Dakota","2.80 - 3.10","","3.1","2.8","96.5","8.04","7.27"
"1982-01-01T00:00:00","Ohio","2.30","","2.3","2.3","96.5","5.97","5.97"
"1982-01-01T00:00:00","Oklahoma","3.10","","3.1","3.1","96.5","8.04","8.04"
"1982-01-01T00:00:00","Oregon","3.10","","3.1","3.1","96.5","8.04","8.04"
"1982-01-01T00:00:00","Pennsylvania","3.35","","3.35","3.35","96.5","8.69","8.69"
"1982-01-01T00:00:00","Puerto Rico","1.20 - 3.10","","3.1","1.2","96.5","8.04","3.11"
"1982-01-01T00:00:00","Rhode Island","2.90","","2.9","2.9","96.5","7.52","7.52"
"1982-01-01T00:00:00","South Carolina","...","","0.0","0.0","96.5","0.0","0.0"
"1982-01-01T00:00:00","South Dakota","2.30","","2.3","2.3","96.5","5.97","5.97"
"1982-01-01T00:00:00","Tennessee","...","","0.0","0.0","96.5","0.0","0.0"
"1982-01-01T00:00:00","Texas","1.40","","1.4","1.4","96.5","3.63","3.63"
"1982-01-01T00:00:00","U.S. Virgin Islands","3.35","","3.35","3.35","96.5","8.69","8.69"
"1982-01-01T00:00:00","Utah","2.50 - 2.75","","2.75","2.5","96.5","7.14","6.49"
"1982-01-01T00:00:00","Vermont","3.35","","3.35","3.35","96.5","8.69","8.69"
"1982-01-01T00:00:00","Virginia","2.65","","2.65","2.65","96.5","6.88","6.88"
"1982-01-01T00:00:00","Washington","2.30","","2.3","2.3","96.5","5.97","5.97"
"1982-01-01T00:00:00","West Virginia","2.75","","2.75","2.75","96.5","7.14","7.14"
"1982-01-01T00:00:00","Wisconsin","3.25","","3.25","3.25","96.5","8.43","8.43"
"1982-01-01T00:00:00","Wyoming","1.60","","1.6","1.6","96.5","4.15","4.15"
"1983-01-01T00:00:00","Alabama","...","","0.0","0.0","99.6","0.0","0.0"
"1983-01-01T00:00:00","Alaska","3.85","","3.85","3.85","99.6","9.68","9.68"
"1983-01-01T00:00:00","Arizona","...","","0.0","0.0","99.6","0.0","0.0"
"1983-01-01T00:00:00","Arkansas","2.70","","2.7","2.7","99.6","6.79","6.79"
"1983-01-01T00:00:00","California","3.35","","3.35","3.35","99.6","8.42","8.42"
"1983-01-01T00:00:00","Colorado","1.90","","1.9","1.9","99.6","4.78","4.78"
"1983-01-01T00:00:00","Connecticut","3.37","","3.37","3.37","99.6","8.47","8.47"
"1983-01-01T00:00:00","Delaware","2.00","","2.0","2.0","99.6","5.03","5.03"
"1983-01-01T00:00:00","District of Columbia","2.50 - 3.75","","3.75","2.5","99.6","9.43","6.29"
"1983-01-01T00:00:00","Federal","$3.35","","3.35","3.35","99.6","8.42","8.42"
"1983-01-01T00:00:00","Florida","...","","0.0","0.0","99.6","0.0","0.0"
"1983-01-01T00:00:00","Georgia","1.25","","1.25","1.25","99.6","3.14","3.14"
"1983-01-01T00:00:00","Guam","3.35","","3.35","3.35","99.6","8.42","8.42"
"1983-01-01T00:00:00","Hawaii","3.10","","3.1","3.1","99.6","7.79","7.79"
"1983-01-01T00:00:00","Idaho","2.30","","2.3","2.3","99.6","5.78","5.78"
"1983-01-01T00:00:00","Illinois","2.30","","2.3","2.3","99.6","5.78","5.78"
"1983-01-01T00:00:00","Indiana","2.00","","2.0","2.0","99.6","5.03","5.03"
"1983-01-01T00:00:00","Iowa","...","","0.0","0.0","99.6","0.0","0.0"
"1983-01-01T00:00:00","Kansas","1.60","","1.6","1.6","99.6","4.02","4.02"
"1983-01-01T00:00:00","Kentucky","2.15","","2.15","2.15","99.6","5.41","5.41"
"1983-01-01T00:00:00","Louisiana","...","","0.0","0.0","99.6","0.0","0.0"
"1983-01-01T00:00:00","Maine","3.35","","3.35","3.35","99.6","8.42","8.42"
"1983-01-01T00:00:00","Maryland","3.35","","3.35","3.35","99.6","8.42","8.42"
"1983-01-01T00:00:00","Massachusetts","3.35","","3.35","3.35","99.6","8.42","8.42"
"1983-01-01T00:00:00","Michigan","3.35","","3.35","3.35","99.6","8.42","8.42"
"1983-01-01T00:00:00","Minnesota","3.10","","3.1","3.1","99.6","7.79","7.79"
"1983-01-01T00:00:00","Mississippi","...","","0.0","0.0","99.6","0.0","0.0"
"1983-01-01T00:00:00","Missouri","...","","0.0","0.0","99.6","0.0","0.0"
"1983-01-01T00:00:00","Montana","2.00","","2.0","2.0","99.6","5.03","5.03"
"1983-01-01T00:00:00","Nebraska","1.60","","1.6","1.6","99.6","4.02","4.02"
"1983-01-01T00:00:00","Nevada","2.75","","2.75","2.75","99.6","6.91","6.91"
"1983-01-01T00:00:00","New Hampshire","3.35","","3.35","3.35","99.6","8.42","8.42"
"1983-01-01T00:00:00","New Jersey","3.35","","3.35","3.35","99.6","8.42","8.42"
"1983-01-01T00:00:00","New Mexico","2.90","","2.9","2.9","99.6","7.29","7.29"
"1983-01-01T00:00:00","New York","3.35","","3.35","3.35","99.6","8.42","8.42"
"1983-01-01T00:00:00","North Carolina","2.90","","2.9","2.9","99.6","7.29","7.29"
"1983-01-01T00:00:00","North Dakota","2.80 - 3.10","","3.1","2.8","99.6","7.79","7.04"
"1983-01-01T00:00:00","Ohio","2.30","","2.3","2.3","99.6","5.78","5.78"
"1983-01-01T00:00:00","Oklahoma","3.10","","3.1","3.1","99.6","7.79","7.79"
"1983-01-01T00:00:00","Oregon","3.10","","3.1","3.1","99.6","7.79","7.79"
"1983-01-01T00:00:00","Pennsylvania","3.35","","3.35","3.35","99.6","8.42","8.42"
"1983-01-01T00:00:00","Puerto Rico","1.20 - 3.10","","3.1","1.2","99.6","7.79","3.02"
"1983-01-01T00:00:00","Rhode Island","2.90","","2.9","2.9","99.6","7.29","7.29"
"1983-01-01T00:00:00","South Carolina","...","","0.0","0.0","99.6","0.0","0.0"
"1983-01-01T00:00:00","South Dakota","2.30","","2.3","2.3","99.6","5.78","5.78"
"1983-01-01T00:00:00","Tennessee","...","","0.0","0.0","99.6","0.0","0.0"
"1983-01-01T00:00:00","Texas","1.40","","1.4","1.4","99.6","3.52","3.52"
"1983-01-01T00:00:00","U.S. Virgin Islands","3.35","","3.35","3.35","99.6","8.42","8.42"
"1983-01-01T00:00:00","Utah","2.50 - 2.75","","2.75","2.5","99.6","6.91","6.29"
"1983-01-01T00:00:00","Vermont","3.35","","3.35","3.35","99.6","8.42","8.42"
"1983-01-01T00:00:00","Virginia","2.65","","2.65","2.65","99.6","6.66","6.66"
"1983-01-01T00:00:00","Washington","2.30","","2.3","2.3","99.6","5.78","5.78"
"1983-01-01T00:00:00","West Virginia","2.75","","2.75","2.75","99.6","6.91","6.91"
"1983-01-01T00:00:00","Wisconsin","3.25","","3.25","3.25","99.6","8.17","8.17"
"1983-01-01T00:00:00","Wyoming","1.60","","1.6","1.6","99.6","4.02","4.02"
"1984-01-01T00:00:00","Alabama","...","","0.0","0.0","103.8833333","0.0","0.0"
"1984-01-01T00:00:00","Alaska","3.85","","3.85","3.85","103.8833333","9.28","9.28"
"1984-01-01T00:00:00","Arizona","...","","0.0","0.0","103.8833333","0.0","0.0"
"1984-01-01T00:00:00","Arkansas","2.70","","2.7","2.7","103.8833333","6.51","6.51"
"1984-01-01T00:00:00","California","3.35","","3.35","3.35","103.8833333","8.07","8.07"
"1984-01-01T00:00:00","Colorado","1.90","","1.9","1.9","103.8833333","4.58","4.58"
"1984-01-01T00:00:00","Connecticut","3.37","","3.37","3.37","103.8833333","8.12","8.12"
"1984-01-01T00:00:00","Delaware","2.00","","2.0","2.0","103.8833333","4.82","4.82"
"1984-01-01T00:00:00","District of Columbia","2.50 - 3.75","","3.75","2.5","103.8833333","9.04","6.03"
"1984-01-01T00:00:00","Federal","$3.35","","3.35","3.35","103.8833333","8.07","8.07"
"1984-01-01T00:00:00","Florida","...","","0.0","0.0","103.8833333","0.0","0.0"
"1984-01-01T00:00:00","Georgia","1.25","","1.25","1.25","103.8833333","3.01","3.01"
"1984-01-01T00:00:00","Guam","3.35","","3.35","3.35","103.8833333","8.07","8.07"
"1984-01-01T00:00:00","Hawaii","3.10","","3.1","3.1","103.8833333","7.47","7.47"
"1984-01-01T00:00:00","Idaho","2.30","","2.3","2.3","103.8833333","5.54","5.54"
"1984-01-01T00:00:00","Illinois","2.30","","2.3","2.3","103.8833333","5.54","5.54"
"1984-01-01T00:00:00","Indiana","2.00","","2.0","2.0","103.8833333","4.82","4.82"
"1984-01-01T00:00:00","Iowa","...","","0.0","0.0","103.8833333","0.0","0.0"
"1984-01-01T00:00:00","Kansas","1.60","","1.6","1.6","103.8833333","3.86","3.86"
"1984-01-01T00:00:00","Kentucky","2.15","","2.15","2.15","103.8833333","5.18","5.18"
"1984-01-01T00:00:00","Louisiana","...","","0.0","0.0","103.8833333","0.0","0.0"
"1984-01-01T00:00:00","Maine","3.35","","3.35","3.35","103.8833333","8.07","8.07"
"1984-01-01T00:00:00","Maryland","3.35","","3.35","3.35","103.8833333","8.07","8.07"
"1984-01-01T00:00:00","Massachusetts","3.35","","3.35","3.35","103.8833333","8.07","8.07"
"1984-01-01T00:00:00","Michigan","3.35","","3.35","3.35","103.8833333","8.07","8.07"
"1984-01-01T00:00:00","Minnesota","3.10","","3.1","3.1","103.8833333","7.47","7.47"
"1984-01-01T00:00:00","Mississippi","...","","0.0","0.0","103.8833333","0.0","0.0"
"1984-01-01T00:00:00","Missouri","...","","0.0","0.0","103.8833333","0.0","0.0"
"1984-01-01T00:00:00","Montana","2.00","","2.0","2.0","103.8833333","4.82","4.82"
"1984-01-01T00:00:00","Nebraska","1.60","","1.6","1.6","103.8833333","3.86","3.86"
"1984-01-01T00:00:00","Nevada","2.75","","2.75","2.75","103.8833333","6.63","6.63"
"1984-01-01T00:00:00","New Hampshire","3.35","","3.35","3.35","103.8833333","8.07","8.07"
"1984-01-01T00:00:00","New Jersey","3.35","","3.35","3.35","103.8833333","8.07","8.07"
"1984-01-01T00:00:00","New Mexico","2.90","","2.9","2.9","103.8833333","6.99","6.99"
"1984-01-01T00:00:00","New York","3.35","","3.35","3.35","103.8833333","8.07","8.07"
"1984-01-01T00:00:00","North Carolina","2.90","","2.9","2.9","103.8833333","6.99","6.99"
"1984-01-01T00:00:00","North Dakota","2.80 - 3.10","","3.1","2.8","103.8833333","7.47","6.75"
"1984-01-01T00:00:00","Ohio","2.30","","2.3","2.3","103.8833333","5.54","5.54"
"1984-01-01T00:00:00","Oklahoma","3.10","","3.1","3.1","103.8833333","7.47","7.47"
"1984-01-01T00:00:00","Oregon","3.10","","3.1","3.1","103.8833333","7.47","7.47"
"1984-01-01T00:00:00","Pennsylvania","3.35","","3.35","3.35","103.8833333","8.07","8.07"
"1984-01-01T00:00:00","Puerto Rico","1.20 - 3.10","","3.1","1.2","103.8833333","7.47","2.89"
"1984-01-01T00:00:00","Rhode Island","2.90","","2.9","2.9","103.8833333","6.99","6.99"
"1984-01-01T00:00:00","South Carolina","...","","0.0","0.0","103.8833333","0.0","0.0"
"1984-01-01T00:00:00","South Dakota","2.30","","2.3","2.3","103.8833333","5.54","5.54"
"1984-01-01T00:00:00","Tennessee","...","","0.0","0.0","103.8833333","0.0","0.0"
"1984-01-01T00:00:00","Texas","1.40","","1.4","1.4","103.8833333","3.37","3.37"
"1984-01-01T00:00:00","U.S. Virgin Islands","3.35","","3.35","3.35","103.8833333","8.07","8.07"
"1984-01-01T00:00:00","Utah","2.50 - 2.75","","2.75","2.5","103.8833333","6.63","6.03"
"1984-01-01T00:00:00","Vermont","3.35","","3.35","3.35","103.8833333","8.07","8.07"
"1984-01-01T00:00:00","Virginia","2.65","","2.65","2.65","103.8833333","6.39","6.39"
"1984-01-01T00:00:00","Washington","2.30","","2.3","2.3","103.8833333","5.54","5.54"
"1984-01-01T00:00:00","West Virginia","2.75","","2.75","2.75","103.8833333","6.63","6.63"
"1984-01-01T00:00:00","Wisconsin","3.25","","3.25","3.25","103.8833333","7.83","7.83"
"1984-01-01T00:00:00","Wyoming","1.60","","1.6","1.6","103.8833333","3.86","3.86"
"1985-01-01T00:00:00","Alabama","...","","0.0","0.0","107.5666667","0.0","0.0"
"1985-01-01T00:00:00","Alaska","3.85","","3.85","3.85","107.5666667","8.96","8.96"
"1985-01-01T00:00:00","Arizona","...","","0.0","0.0","107.5666667","0.0","0.0"
"1985-01-01T00:00:00","Arkansas","2.70","","2.7","2.7","107.5666667","6.29","6.29"
"1985-01-01T00:00:00","California","3.35","","3.35","3.35","107.5666667","7.8","7.8"
"1985-01-01T00:00:00","Colorado","1.90","","1.9","1.9","107.5666667","4.42","4.42"
"1985-01-01T00:00:00","Connecticut","3.37","","3.37","3.37","107.5666667","7.84","7.84"
"1985-01-01T00:00:00","Delaware","2.00","","2.0","2.0","107.5666667","4.66","4.66"
"1985-01-01T00:00:00","District of Columbia","2.50 - 3.75","","3.75","2.5","107.5666667","8.73","5.82"
"1985-01-01T00:00:00","Federal","$3.35","","3.35","3.35","107.5666667","7.8","7.8"
"1985-01-01T00:00:00","Florida","...","","0.0","0.0","107.5666667","0.0","0.0"
"1985-01-01T00:00:00","Georgia","1.25","","1.25","1.25","107.5666667","2.91","2.91"
"1985-01-01T00:00:00","Guam","3.35","","3.35","3.35","107.5666667","7.8","7.8"
"1985-01-01T00:00:00","Hawaii","3.10","","3.1","3.1","107.5666667","7.22","7.22"
"1985-01-01T00:00:00","Idaho","2.30","","2.3","2.3","107.5666667","5.35","5.35"
"1985-01-01T00:00:00","Illinois","2.30","","2.3","2.3","107.5666667","5.35","5.35"
"1985-01-01T00:00:00","Indiana","2.00","","2.0","2.0","107.5666667","4.66","4.66"
"1985-01-01T00:00:00","Iowa","...","","0.0","0.0","107.5666667","0.0","0.0"
"1985-01-01T00:00:00","Kansas","1.60","","1.6","1.6","107.5666667","3.72","3.72"
"1985-01-01T00:00:00","Kentucky","2.15","","2.15","2.15","107.5666667","5.0","5.0"
"1985-01-01T00:00:00","Louisiana","...","","0.0","0.0","107.5666667","0.0","0.0"
"1985-01-01T00:00:00","Maine","3.35","","3.35","3.35","107.5666667","7.8","7.8"
"1985-01-01T00:00:00","Maryland","3.35","","3.35","3.35","107.5666667","7.8","7.8"
"1985-01-01T00:00:00","Massachusetts","3.35","","3.35","3.35","107.5666667","7.8","7.8"
"1985-01-01T00:00:00","Michigan","3.35","","3.35","3.35","107.5666667","7.8","7.8"
"1985-01-01T00:00:00","Minnesota","3.10","","3.1","3.1","107.5666667","7.22","7.22"
"1985-01-01T00:00:00","Mississippi","...","","0.0","0.0","107.5666667","0.0","0.0"
"1985-01-01T00:00:00","Missouri","...","","0.0","0.0","107.5666667","0.0","0.0"
"1985-01-01T00:00:00","Montana","2.00","","2.0","2.0","107.5666667","4.66","4.66"
"1985-01-01T00:00:00","Nebraska","1.60","","1.6","1.6","107.5666667","3.72","3.72"
"1985-01-01T00:00:00","Nevada","2.75","","2.75","2.75","107.5666667","6.4","6.4"
"1985-01-01T00:00:00","New Hampshire","3.35","","3.35","3.35","107.5666667","7.8","7.8"
"1985-01-01T00:00:00","New Jersey","3.35","","3.35","3.35","107.5666667","7.8","7.8"
"1985-01-01T00:00:00","New Mexico","2.90","","2.9","2.9","107.5666667","6.75","6.75"
"1985-01-01T00:00:00","New York","3.35","","3.35","3.35","107.5666667","7.8","7.8"
"1985-01-01T00:00:00","North Carolina","2.90","","2.9","2.9","107.5666667","6.75","6.75"
"1985-01-01T00:00:00","North Dakota","2.80 - 3.10","","3.1","2.8","107.5666667","7.22","6.52"
"1985-01-01T00:00:00","Ohio","2.30","","2.3","2.3","107.5666667","5.35","5.35"
"1985-01-01T00:00:00","Oklahoma","3.10","","3.1","3.1","107.5666667","7.22","7.22"
"1985-01-01T00:00:00","Oregon","3.10","","3.1","3.1","107.5666667","7.22","7.22"
"1985-01-01T00:00:00","Pennsylvania","3.35","","3.35","3.35","107.5666667","7.8","7.8"
"1985-01-01T00:00:00","Puerto Rico","1.20 - 3.10","","3.1","1.2","107.5666667","7.22","2.79"
"1985-01-01T00:00:00","Rhode Island","2.90","","2.9","2.9","107.5666667","6.75","6.75"
"1985-01-01T00:00:00","South Carolina","...","","0.0","0.0","107.5666667","0.0","0.0"
"1985-01-01T00:00:00","South Dakota","2.30","","2.3","2.3","107.5666667","5.35","5.35"
"1985-01-01T00:00:00","Tennessee","...","","0.0","0.0","107.5666667","0.0","0.0"
"1985-01-01T00:00:00","Texas","1.40","","1.4","1.4","107.5666667","3.26","3.26"
"1985-01-01T00:00:00","U.S. Virgin Islands","3.35","","3.35","3.35","107.5666667","7.8","7.8"
"1985-01-01T00:00:00","Utah","2.50 - 2.75","","2.75","2.5","107.5666667","6.4","5.82"
"1985-01-01T00:00:00","Vermont","3.35","","3.35","3.35","107.5666667","7.8","7.8"
"1985-01-01T00:00:00","Virginia","2.65","","2.65","2.65","107.5666667","6.17","6.17"
"1985-01-01T00:00:00","Washington","2.30","","2.3","2.3","107.5666667","5.35","5.35"
"1985-01-01T00:00:00","West Virginia","2.75","","2.75","2.75","107.5666667","6.4","6.4"
"1985-01-01T00:00:00","Wisconsin","3.25","","3.25","3.25","107.5666667","7.57","7.57"
"1985-01-01T00:00:00","Wyoming","1.60","","1.6","1.6","107.5666667","3.72","3.72"
"1986-01-01T00:00:00","Alabama","...","","0.0","0.0","109.6083333","0.0","0.0"
"1986-01-01T00:00:00","Alaska","3.85","","3.85","3.85","109.6083333","8.8","8.8"
"1986-01-01T00:00:00","Arizona","...","","0.0","0.0","109.6083333","0.0","0.0"
"1986-01-01T00:00:00","Arkansas","2.70","","2.7","2.7","109.6083333","6.17","6.17"
"1986-01-01T00:00:00","California","3.35","","3.35","3.35","109.6083333","7.65","7.65"
"1986-01-01T00:00:00","Colorado","1.90","","1.9","1.9","109.6083333","4.34","4.34"
"1986-01-01T00:00:00","Connecticut","3.37","","3.37","3.37","109.6083333","7.7","7.7"
"1986-01-01T00:00:00","Delaware","2.00","","2.0","2.0","109.6083333","4.57","4.57"
"1986-01-01T00:00:00","District of Columbia","2.50 - 3.75","","3.75","2.5","109.6083333","8.57","5.71"
"1986-01-01T00:00:00","Federal","$3.35","","3.35","3.35","109.6083333","7.65","7.65"
"1986-01-01T00:00:00","Florida","...","","0.0","0.0","109.6083333","0.0","0.0"
