"car","price","body","mileage","engV","engType","registration","year","model","drive"
"Ford","15500","crossover","68","2.5","Gas","yes","2010-01-01T00:00:00","Kuga","full"
"Mercedes-Benz","20500","sedan","173","1.8","Gas","yes","2011-01-01T00:00:00","E-Class","rear"
"Mercedes-Benz","35000","other","135","5.5","Petrol","yes","2008-01-01T00:00:00","CL 550","rear"
"Mercedes-Benz","17800","van","162","1.8","Diesel","yes","2012-01-01T00:00:00","B 180","front"
"Mercedes-Benz","33000","vagon","91","","Other","yes","2013-01-01T00:00:00","E-Class",""
"Nissan","16600","crossover","83","2.0","Petrol","yes","2013-01-01T00:00:00","X-Trail","full"
"Honda","6500","sedan","199","2.0","Petrol","yes","2003-01-01T00:00:00","Accord","front"
"Renault","10500","vagon","185","1.5","Diesel","yes","2011-01-01T00:00:00","Megane","front"
"Mercedes-Benz","21500","sedan","146","1.8","Gas","yes","2012-01-01T00:00:00","E-Class","rear"
"Mercedes-Benz","22700","sedan","125","2.2","Diesel","yes","2010-01-01T00:00:00","E-Class","rear"
"Nissan","20447.154","crossover","0","1.2","Petrol","yes","2016-01-01T00:00:00","Qashqai","front"
"Mercedes-Benz","20400","sedan","190","1.8","Gas","yes","2011-01-01T00:00:00","E-Class","rear"
"Mercedes-Benz","22500","sedan","164","1.8","Gas","yes","2012-01-01T00:00:00","E-Class","rear"
"BMW","4700","sedan","200","","Petrol","yes","1996-01-01T00:00:00","316","rear"
"Mercedes-Benz","21500","sedan","159","1.8","Gas","yes","2012-01-01T00:00:00","E-Class","rear"
"BMW","19999","sedan","290","4.8","Petrol","yes","2006-01-01T00:00:00","750","rear"
"BMW","129222","sedan","2","5.0","Petrol","yes","2016-01-01T00:00:00","750","full"
"Mercedes-Benz","99999","crossover","0","3.0","Petrol","yes","2016-01-01T00:00:00","GLE-Class","full"
"Nissan","16600","crossover","83","2.0","Petrol","yes","2013-01-01T00:00:00","X-Trail","full"
"BMW","73900","sedan","57","4.4","Petrol","yes","2013-01-01T00:00:00","M5","rear"
"Land Rover","0","crossover","0","4.4","Diesel","yes","2016-01-01T00:00:00","Range Rover","full"
"Nissan","26033.553","crossover","0","1.6","Diesel","yes","2016-01-01T00:00:00","X-Trail","full"
"BMW","104999","crossover","2","3.0","Diesel","yes","2016-01-01T00:00:00","X5","full"
"BMW","66500","crossover","1","2.0","Diesel","yes","2016-01-01T00:00:00","X5","full"
"BMW","65099","crossover","0","2.0","Diesel","yes","2016-01-01T00:00:00","X5","full"
"BMW","23900","crossover","235","3.0","Diesel","yes","2007-01-01T00:00:00","X5","full"
"Mercedes-Benz","69999","crossover","0","2.2","Diesel","yes","2016-01-01T00:00:00","GLE-Class","full"
"BMW","66200","crossover","70","3.0","Diesel","yes","2014-01-01T00:00:00","X5","full"
"BMW","63000","crossover","0","2.0","Diesel","yes","2015-01-01T00:00:00","X5","full"
"Mercedes-Benz","105999","crossover","0","2.98","Diesel","yes","2016-01-01T00:00:00","GLE-Class","full"
"Nissan","13980","hatch","31","","Other","yes","2013-01-01T00:00:00","Leaf","front"
"Nissan","17300","hatch","24","","Other","yes","2013-01-01T00:00:00","Leaf","front"
"Volkswagen","10700","sedan","147","2.0","Petrol","yes","2007-01-01T00:00:00","Passat B6","front"
"Audi","2600","vagon","273","2.5","Diesel","no","1999-01-01T00:00:00","A6","front"
"Chrysler","13700","sedan","70","2.4","Petrol","yes","2008-01-01T00:00:00","Sebring","front"
"Volkswagen","8999","sedan","120","2.0","Petrol","yes","2008-01-01T00:00:00","Passat B6","front"
"Jaguar","18777","sedan","82","3.0","Petrol","yes","2008-01-01T00:00:00","XF","rear"
"Audi","2850","sedan","260","","Other","no","1999-01-01T00:00:00","A6",""
"Audi","37000","sedan","37","2.8","Petrol","yes","2012-01-01T00:00:00","A6","full"
"Mercedes-Benz","200000.0","van","19","3.5","Petrol","yes","2013-01-01T00:00:00","Sprinter 324 .","rear"
"Audi","3850","vagon","215","2.5","Diesel","no","2002-01-01T00:00:00","A6","front"
"Nissan","13275","hatch","12","","Other","yes","2013-01-01T00:00:00","Leaf","front"
"Mercedes-Benz","20400","sedan","190","1.8","Gas","yes","2011-01-01T00:00:00","E-Class","rear"
"BMW","1900","sedan","300","2.5","Diesel","no","1997-01-01T00:00:00","5 Series","rear"
"BMW","39333","sedan","6","2.0","Petrol","yes","2016-01-01T00:00:00","520",""
"Mercedes-Benz","99999","crossover","0","2.99","Diesel","yes","2016-01-01T00:00:00","GLE-Class","full"
"Mercedes-Benz","70999","crossover","0","2.2","Diesel","yes","2016-01-01T00:00:00","GLE-Class","full"
"BMW","63500","crossover","1","2.0","Diesel","yes","2016-01-01T00:00:00","X5","full"
"BMW","59900","crossover","30","2.0","Diesel","yes","2016-01-01T00:00:00","X5","full"
"Mitsubishi","9200","crossover","110","2.4","Petrol","yes","2006-01-01T00:00:00","Outlander","full"
"Nissan","20241.897","crossover","0","1.6","Petrol","yes","2015-01-01T00:00:00","Juke","front"
"Mercedes-Benz","14490","vagon","212","2.2","Diesel","yes","2008-01-01T00:00:00","E-Class","rear"
"Mercedes-Benz","31500","sedan","123","2.2","Diesel","yes","2011-01-01T00:00:00","E-Class",""
"Mercedes-Benz","0","crossover","0","3.0","Diesel","yes","2016-01-01T00:00:00","GLE-Class","full"
"Volkswagen","8999","sedan","120","1.9","Diesel","yes","2007-01-01T00:00:00","Passat B6","front"
"Audi","3650","sedan","240","2.5","Diesel","no","2000-01-01T00:00:00","A6","front"
"Nissan","17000","hatch","38","","Other","yes","2013-01-01T00:00:00","Leaf","front"
"Mitsubishi","12000","sedan","121","2.4","Gas","yes","2009-01-01T00:00:00","Galant","front"
"Kia","20633.886","crossover","0","1.7","Diesel","yes","2016-01-01T00:00:00","Sportage","front"
"Porsche","55000","crossover","105","3.0","Diesel","yes","2012-01-01T00:00:00","Cayenne","full"
"Kia","18000","crossover","64","2.0","Diesel","yes","2011-01-01T00:00:00","Sportage","full"
"Kia","21700","crossover","58","2.0","Diesel","yes","2012-01-01T00:00:00","Sportage","full"
"Volkswagen","2400","vagon","320","1.9","Diesel","no","2000-01-01T00:00:00","Passat B5","front"
"Volkswagen","2350","sedan","300","1.9","Diesel","no","1998-01-01T00:00:00","Passat B5","front"
"Honda","18600","vagon","98","2.4","Gas","yes","2011-01-01T00:00:00","Accord","front"
"Mercedes-Benz","104999","crossover","1","3.0","Diesel","yes","2016-01-01T00:00:00","GLE-Class","full"
"Toyota","195000","crossover","0","4.5","Diesel","yes","2016-01-01T00:00:00","Land Cruiser 200","full"
"Porsche","49900","crossover","73","3.0","Diesel","yes","2011-01-01T00:00:00","Cayenne","full"
"Porsche","50900","crossover","53","3.6","Petrol","yes","2013-01-01T00:00:00","Cayenne","full"
"Porsche","99999","crossover","1","2.99","Diesel","yes","2016-01-01T00:00:00","Cayenne","full"
"Mercedes-Benz","0","crossover","0","3.0","Diesel","yes","2016-01-01T00:00:00","GLE-Class","full"
"Toyota","0","crossover","0","4.5","Diesel","yes","2016-01-01T00:00:00","Land Cruiser 200","full"
"Toyota","102999","crossover","0","4.5","Diesel","yes","2016-01-01T00:00:00","Land Cruiser 200","full"
"Audi","35900","crossover","143","3.0","Diesel","yes","2010-01-01T00:00:00","Q7","full"
"Honda","16500","sedan","147","2.4","Petrol","yes","2009-01-01T00:00:00","Accord","front"
"Toyota","103999","crossover","0","4.5","Diesel","yes","2016-01-01T00:00:00","Land Cruiser 200","full"
"Porsche","114900","crossover","25","4.8","Petrol","yes","2013-01-01T00:00:00","Cayenne","full"
"Porsche","26500","crossover","160","4.8","Petrol","yes","2008-01-01T00:00:00","Cayenne","full"
"Mitsubishi","12999","crossover","140","2.4","Gas","yes","2007-01-01T00:00:00","Outlander XL","full"
"Honda","30000","sedan","52","3.5","Gas","yes","2014-01-01T00:00:00","Accord","front"
"Porsche","26900","crossover","135","4.8","Petrol","yes","2008-01-01T00:00:00","Cayenne","full"
"Toyota","80000","crossover","23","4.5","Diesel","yes","2014-01-01T00:00:00","Land Cruiser 200","full"
"BMW","8500","sedan","260","2.2","Gas","yes","2001-01-01T00:00:00","520","rear"
"Mercedes-Benz","7000","van","197","2.2","Diesel","yes","2002-01-01T00:00:00","Vito .","front"
"Audi","36000","crossover","145","3.0","Petrol","yes","2010-01-01T00:00:00","Q7","full"
"Mercedes-Benz","9500","van","280","2.2","Diesel","yes","2005-01-01T00:00:00","Vito .","rear"
"Toyota","103999","crossover","0","4.5","Diesel","yes","2016-01-01T00:00:00","Land Cruiser 200","full"
"Toyota","100000.0","crossover","0","4.5","Diesel","yes","2016-01-01T00:00:00","Land Cruiser 200","full"
"Mercedes-Benz","16500","other","107","2.2","Diesel","yes","2010-01-01T00:00:00","Vito .","front"
"Toyota","15500","sedan","120","3.5","Petrol","yes","2008-01-01T00:00:00","Camry","front"
"Porsche","0","sedan","22","4.8","Petrol","yes","2014-01-01T00:00:00","Panamera","full"
"Mercedes-Benz","10999","van","191","2.2","Diesel","yes","2007-01-01T00:00:00","Vito .","rear"
"Audi","0","crossover","0","3.0","Diesel","yes","2015-01-01T00:00:00","Q7","full"
"Audi","88888","crossover","0","3.0","Diesel","yes","2015-01-01T00:00:00","Q7","full"
"Toyota","0","crossover","49","4.5","Diesel","yes","2014-01-01T00:00:00","Land Cruiser 200","full"
"Mercedes-Benz","16500","van","223","2.2","Diesel","yes","2009-01-01T00:00:00","Vito .","rear"
"Volkswagen","17900","crossover","145","3.0","Diesel","yes","2007-01-01T00:00:00","Touareg","full"
"Volkswagen","0","van","165","2.0","Diesel","yes","2013-01-01T00:00:00","T5","front"
"Mercedes-Benz","20400","sedan","190","1.8","Gas","yes","2011-01-01T00:00:00","E-Class","rear"
"Volkswagen","20000","crossover","115","2.5","Diesel","yes","2008-01-01T00:00:00","Touareg","full"
"BMW","21000","sedan","186","3.0","Petrol","yes","2007-01-01T00:00:00","530","rear"
"Hyundai","11800","sedan","65","1.4","Petrol","yes","2013-01-01T00:00:00","Accent","front"
"Mercedes-Benz","0","van","450","2.2","Diesel","yes","2000-01-01T00:00:00","Vito .","front"
"Volkswagen","10000","van","231","1.9","Diesel","yes","2005-01-01T00:00:00","T5  .",""
"Volkswagen","37990","crossover","140","3.0","Diesel","yes","2012-01-01T00:00:00","Touareg","full"
"Porsche","0","crossover","0","3.0","Diesel","yes","2016-01-01T00:00:00","Cayenne","full"
"BMW","3900","vagon","240","3.0","Diesel","no","2001-01-01T00:00:00","530","rear"
"Volkswagen","33500","crossover","98","","Petrol","yes","2013-01-01T00:00:00","Touareg","full"
"Hyundai","9700","sedan","54","1.4","Petrol","yes","2013-01-01T00:00:00","Accent","front"
"Nissan","12400","hatch","26","","Other","yes","2011-01-01T00:00:00","Leaf",""
"Mercedes-Benz","6200","sedan","221","1.8","Gas","yes","2004-01-01T00:00:00","E-Class","rear"
"Renault","10500","vagon","185","1.5","Diesel","yes","2011-01-01T00:00:00","Megane","front"
"Hyundai","6900","crossover","105","1.6","Petrol","yes","2009-01-01T00:00:00","Accent","front"
"Mercedes-Benz","20300","sedan","198","1.8","Gas","yes","2011-01-01T00:00:00","E-Class","rear"
"Audi","18500","crossover","185","3.6","Petrol","yes","2008-01-01T00:00:00","Q7","full"
"Toyota","73900","crossover","1","4.5","Diesel","yes","2016-01-01T00:00:00","Land Cruiser 200","full"
"Toyota","30500","crossover","40","2.7","Petrol","yes","2011-01-01T00:00:00","Land Cruiser Prado","full"
"Toyota","30800","crossover","56","2.7","Gas","yes","2011-01-01T00:00:00","Land Cruiser Prado","full"
"Toyota","25500","crossover","200","4.0","Petrol","yes","2007-01-01T00:00:00","Land Cruiser Prado","full"
"Mercedes-Benz","29500","sedan","37","1.8","Petrol","yes","2012-01-01T00:00:00","E-Class",""
"Opel","3550","vagon","231","2.0","Diesel","no","2005-01-01T00:00:00","Vectra C","front"
"Volkswagen","0","van","162","2.0","Diesel","yes","2011-01-01T00:00:00","T5","front"
"Toyota","99999","crossover","0","4.5","Petrol","yes","2016-01-01T00:00:00","Land Cruiser 200","full"
"Mercedes-Benz","107999","crossover","0","2.98","Diesel","yes","2016-01-01T00:00:00","GLS 350","full"
"BMW","0","crossover","1","3.0","Diesel","yes","2014-01-01T00:00:00","X6","full"
"BMW","0","crossover","0","3.0","Diesel","yes","2015-01-01T00:00:00","X6","full"
"Toyota","74999","crossover","1","4.5","Diesel","yes","2016-01-01T00:00:00","Land Cruiser 200","full"
"Audi","34000","crossover","118","2.0","Diesel","yes","2013-01-01T00:00:00","Q5","full"
"BMW","2850","sedan","214","1.9","Petrol","no","2000-01-01T00:00:00","318","rear"
"Volkswagen","3250","sedan","255","1.9","Diesel","no","2003-01-01T00:00:00","Passat B5","front"
"Volkswagen","16900","crossover","133","2.5","Diesel","yes","2007-01-01T00:00:00","Touareg","full"
"Toyota","99999","crossover","0","4.5","Diesel","yes","2016-01-01T00:00:00","Land Cruiser 200","full"
"Chevrolet","6800","sedan","106","1.6","Petrol","yes","2007-01-01T00:00:00","Lacetti","front"
"Toyota","23400","crossover","120","4.0","Petrol","yes","2007-01-01T00:00:00","Land Cruiser Prado","full"
"Skoda","17900","sedan","65","1.8","Petrol","yes","2013-01-01T00:00:00","Superb","front"
"Toyota","37700","crossover","62","3.0","Diesel","yes","2013-01-01T00:00:00","Land Cruiser Prado","full"
"Land Rover","29500","crossover","50","3.5","Diesel","yes","2008-01-01T00:00:00","Range Rover Sport","full"
"Mercedes-Benz","93555","crossover","0","","Other","yes","2016-01-01T00:00:00","GLS 350",""
"Volkswagen","30000","sedan","67","2.0","Diesel","yes","2013-01-01T00:00:00","Passat B7","front"
"Mitsubishi","7999","sedan","112","2.0","Petrol","yes","2008-01-01T00:00:00","Lancer X","front"
"Land Rover","43500","crossover","54","5.0","Petrol","yes","2012-01-01T00:00:00","Range Rover Sport","full"
"Mercedes-Benz","107777","crossover","0","3.0","Diesel","yes","2016-01-01T00:00:00","GLS 350","full"
"Mitsubishi","8400","sedan","91","1.5","Petrol","yes","2009-01-01T00:00:00","Lancer X","front"
"Land Rover","40000","vagon","52","2.2","Diesel","yes","2013-01-01T00:00:00","Range Rover Evoque","full"
"Mercedes-Benz","109999","crossover","0","2.98","Diesel","yes","2016-01-01T00:00:00","GLS 350","full"
"Opel","2780","sedan","254","2.2","Diesel","yes","2003-01-01T00:00:00","Vectra C","front"
"Mercedes-Benz","43500","other","51","3.0","Diesel","yes","2014-01-01T00:00:00","E-Class","rear"
"Volkswagen","18700","other","145","2.0","Diesel","yes","2011-01-01T00:00:00","T5","front"
"Chevrolet","7800","sedan","85","1.6","Gas","yes","2012-01-01T00:00:00","Lacetti","front"
"BMW","6350","crossover","156","4.4","Gas","no","2002-01-01T00:00:00","X5","full"
"Daewoo","3500","sedan","112","","Petrol","yes","2007-01-01T00:00:00","Lanos","front"
"BMW","25500","other","163","4.8","Petrol","yes","2008-01-01T00:00:00","X5","full"
"Land Rover","53500","crossover","69","3.5","Diesel","yes","2012-01-01T00:00:00","Range Rover Sport","full"
"Nissan","15999","crossover","59","2.0","Petrol","yes","2011-01-01T00:00:00","Qashqai","full"
"Nissan","17700","crossover","40","1.6","Petrol","yes","2014-01-01T00:00:00","Qashqai",""
"Volkswagen","14499","van","164","2.0","Diesel","yes","2013-01-01T00:00:00","T5","front"
"Daewoo","4300","sedan","70","1.5","Petrol","yes","2007-01-01T00:00:00","Lanos","front"
"Mitsubishi","18999","crossover","173","3.8","Gas","yes","2008-01-01T00:00:00","Pajero Wagon","full"
"Land Rover","0","crossover","45","3.0","Petrol","yes","2014-01-01T00:00:00","Range Rover Sport","full"
"Mercedes-Benz","71999","crossover","0","2.2","Diesel","yes","2016-01-01T00:00:00","GLE-Class","full"
"Mercedes-Benz","0","crossover","0","3.0","Diesel","yes","2016-01-01T00:00:00","GLS 350","full"
"Mitsubishi","18500","crossover","135","3.0","Gas","yes","2009-01-01T00:00:00","Pajero Wagon","full"
"Volkswagen","18900","other","45","2.0","Diesel","yes","2013-01-01T00:00:00","Passat B7","front"
"Mercedes-Benz","17900","van","167","2.2","Diesel","yes","2012-01-01T00:00:00","Vito .",""
"BMW","67500","crossover","1","2.0","Diesel","yes","2016-01-01T00:00:00","X5","full"
"BMW","67500","crossover","1","2.5","Diesel","yes","2016-01-01T00:00:00","X5","full"
"Land Rover","28999","crossover","139","3.6","Diesel","yes","2008-01-01T00:00:00","Range Rover Sport","full"
"Land Rover","49999","crossover","43","5.0","Petrol","yes","2012-01-01T00:00:00","Range Rover Sport","full"
"Toyota","14700","sedan","139","3.5","Petrol","yes","2008-01-01T00:00:00","Camry","front"
"Land Rover","53500","crossover","57","3.0","Diesel","yes","2013-01-01T00:00:00","Range Rover Sport","full"
"Daewoo","5600","sedan","145","1.6","Petrol","yes","2008-01-01T00:00:00","Lanos","front"
"Land Rover","78900","crossover","0","3.0","Diesel","yes","2015-01-01T00:00:00","Range Rover Sport","full"
"Skoda","13200","hatch","64","1.8","Petrol","yes","2012-01-01T00:00:00","Octavia A5","front"
"BMW","37200","other","115","3.0","Diesel","yes","2011-01-01T00:00:00","X5","full"
"Land Rover","27500","other","174","3.6","Diesel","yes","2008-01-01T00:00:00","Range Rover","full"
"Mazda","9200","sedan","124","2.0","Petrol","yes","2007-01-01T00:00:00","3","front"
"Mercedes-Benz","17500","van","220","3.0","Diesel","yes","2012-01-01T00:00:00","Vito .","rear"
"Toyota","24000","sedan","16","2.5","Petrol","yes","2013-01-01T00:00:00","Camry","front"
"Land Rover","77777","crossover","42","2.99","Diesel","yes","2014-01-01T00:00:00","Range Rover Sport","full"
"Mazda","8000","sedan","167","2.0","Petrol","yes","2007-01-01T00:00:00","6","front"
"BMW","0","crossover","36","3.0","Diesel","yes","2013-01-01T00:00:00","X5","full"
"Lexus","85999","crossover","39","5.7","Gas","yes","2013-01-01T00:00:00","LX 570","full"
"Mercedes-Benz","2400","sedan","3","3.0","Diesel","yes","1998-01-01T00:00:00","E-Class","front"
"Toyota","195000","crossover","0","4.5","Diesel","yes","2016-01-01T00:00:00","Land Cruiser 200","full"
"Audi","4600","vagon","242","99.99","Diesel","no","2004-01-01T00:00:00","A6","front"
"Mitsubishi","18900","crossover","127","3.0","Gas","yes","2008-01-01T00:00:00","Pajero Wagon","full"
"Mercedes-Benz","114999","crossover","0","2.99","Diesel","yes","2016-01-01T00:00:00","GLS 350","full"
"Mercedes-Benz","103333","crossover","0","3.0","Diesel","yes","2016-01-01T00:00:00","GLE-Class","full"
"Mercedes-Benz","0","crossover","1","3.0","Petrol","yes","2015-01-01T00:00:00","GLE-Class","full"
"Toyota","20800","crossover","107","4.0","Petrol","yes","2006-01-01T00:00:00","Land Cruiser Prado","full"
"BMW","24500","crossover","170","4.8","Gas","yes","2007-01-01T00:00:00","X5","full"
"Toyota","12300","sedan","157","2.4","Gas","yes","2007-01-01T00:00:00","Camry","front"
"Mercedes-Benz","20500","sedan","173","1.8","Gas","yes","2011-01-01T00:00:00","E-Class","rear"
"BMW","11500","sedan","193","4.4","Petrol","yes","2000-01-01T00:00:00","740","rear"
"Mercedes-Benz","13200","van","182","2.2","Diesel","yes","2011-01-01T00:00:00","Vito .","rear"
"BMW","29900","crossover","235","3.0","Diesel","yes","2009-01-01T00:00:00","X5","full"
"Mercedes-Benz","12500","van","167","2.2","Diesel","yes","2013-01-01T00:00:00","Vito .","rear"
"Skoda","13999","sedan","88","1.8","Petrol","yes","2012-01-01T00:00:00","Octavia A5","front"
"Ford","15500","crossover","68","2.5","Gas","yes","2010-01-01T00:00:00","Kuga","full"
"Lexus","79500","crossover","40","5.7","Petrol","yes","2014-01-01T00:00:00","LX 570","full"
"Land Rover","30000","other","155","3.6","Diesel","yes","2008-01-01T00:00:00","Range Rover Sport","full"
"Lexus","16600","sedan","179","3.0","Petrol","yes","2006-01-01T00:00:00","GS 300","full"
"Toyota","14300","sedan","71","2.4","Petrol","yes","2008-01-01T00:00:00","Camry","front"
"Lexus","0","crossover","11","5.7","Petrol","yes","2016-01-01T00:00:00","LX 570","full"
"Lexus","47000","crossover","1","5.7","Petrol","yes","2008-01-01T00:00:00","LX 570","full"
"Daewoo","3200","sedan","130","1.5","Petrol","yes","2003-01-01T00:00:00","Lanos","front"
"Mercedes-Benz","0","other","22","3.0","Diesel","yes","2015-01-01T00:00:00","S 350","full"
"Audi","24996","sedan","98","3.2","Petrol","yes","2009-01-01T00:00:00","A5","full"
"Mercedes-Benz","9200","other","280","2.4","Petrol","yes","2003-01-01T00:00:00","E-Class","rear"
"Audi","6800","sedan","225","2.4","Gas","yes","1998-01-01T00:00:00","A6","front"
"Ford","15500","crossover","68","2.5","Diesel","yes","2010-01-01T00:00:00","Kuga","front"
"Mercedes-Benz","38200","sedan","39","1.6","Petrol","yes","2015-01-01T00:00:00","C-Class","rear"
"Hyundai","10500","crossover","120","","Other","yes","2007-01-01T00:00:00","Tucson","full"
"Skoda","19200","sedan","75","1.8","Petrol","yes","2014-01-01T00:00:00","Octavia A7","front"
"Mercedes-Benz","125000","sedan","18","3.0","Diesel","yes","2015-01-01T00:00:00","S 350","full"
"Mercedes-Benz","0","sedan","62","3.0","Diesel","yes","2013-01-01T00:00:00","S 350","rear"
"Porsche","51900","sedan","78","4.8","Petrol","yes","2011-01-01T00:00:00","Panamera",""
"Porsche","87900","crossover","1","3.0","Diesel","yes","2016-01-01T00:00:00","Cayenne","full"
"Toyota","9000","sedan","232","2.4","Petrol","yes","2005-01-01T00:00:00","Camry","front"
"Nissan","11500","crossover","128","2.0","Petrol","yes","2008-01-01T00:00:00","Qashqai",""
"Infiniti","35999","crossover","98","3.7","Gas","yes","2012-01-01T00:00:00","FX 37","full"
"Lexus","21900","sedan","77","3.0","Petrol","yes","2008-01-01T00:00:00","GS 300","rear"
"Toyota","13900","sedan","139","2.4","Other","yes","2008-01-01T00:00:00","Camry","front"
"Lexus","22400","crossover","100","4.7","Gas","yes","2005-01-01T00:00:00","GX","full"
"Porsche","81000","crossover","35","4.8","Petrol","yes","2014-01-01T00:00:00","Cayenne","full"
"Mercedes-Benz","6200","other","340","2.4","Gas","yes","1998-01-01T00:00:00","E-Class","rear"
"BMW","66900","crossover","70","3.0","Diesel","yes","2014-01-01T00:00:00","X5","full"
"BMW","104999","crossover","2","3.0","Diesel","yes","2016-01-01T00:00:00","X5","full"
"Mercedes-Benz","38600","other","12","1.8","Petrol","yes","2012-01-01T00:00:00","E-Class","rear"
"Nissan","21850","crossover","64","2.0","Petrol","yes","2013-01-01T00:00:00","X-Trail","full"
"Mercedes-Benz","37500","other","94","5.5","Petrol","yes","2009-01-01T00:00:00","CL 55 AMG","rear"
"Nissan","17000","hatch","20","","Other","yes","2014-01-01T00:00:00","Leaf","front"
"Audi","39000","sedan","18","1.8","Other","yes","2015-01-01T00:00:00","A5","front"
"Lexus","44500","crossover","144","5.7","Gas","yes","2009-01-01T00:00:00","LX 570","full"
"Mercedes-Benz","24999","sedan","112","2.2","Diesel","yes","2012-01-01T00:00:00","C-Class",""
"Toyota","11300","hatch","87","1.0","Petrol","yes","2009-01-01T00:00:00","IQ","front"
"Nissan","25382.955","crossover","0","1.6","Diesel","yes","2016-01-01T00:00:00","Qashqai","full"
"Skoda","8100","sedan","135","1.8","Petrol","yes","2008-01-01T00:00:00","Superb","front"
"Mitsubishi","23000","crossover","125","3.0","Gas","yes","2008-01-01T00:00:00","Pajero Wagon","full"
"Nissan","14200","sedan","28","","Other","yes","2014-01-01T00:00:00","Leaf","front"
"Tesla","159600","sedan","0","","Other","yes","2016-01-01T00:00:00","Model S","full"
"Mercedes-Benz","0","vagon","200","2.2","Diesel","yes","2006-01-01T00:00:00","Vito .","rear"
"Audi","1950","vagon","210","1.8","Gas","no","1996-01-01T00:00:00","A4","front"
"Land Rover","33000","crossover","140","5.0","Petrol","yes","2010-01-01T00:00:00","Range Rover Sport","full"
"Audi","0","crossover","65","3.0","Diesel","yes","2013-01-01T00:00:00","A6","full"
"Land Rover","51500","crossover","93","3.0","Diesel","yes","2013-01-01T00:00:00","Range Rover Sport","full"
"Skoda","22700","hatch","24","1.4","Petrol","yes","2014-01-01T00:00:00","Octavia A7","front"
"Nissan","17500","hatch","62","","Other","yes","2013-01-01T00:00:00","Leaf","front"
"Skoda","11900","sedan","109","1.8","Petrol","yes","2012-01-01T00:00:00","Octavia A5","front"
"Porsche","0","crossover","200","4.8","Petrol","yes","2007-01-01T00:00:00","Cayenne","full"
"BMW","28000","sedan","170","2.0","Diesel","yes","2011-01-01T00:00:00","520","rear"
"Subaru","12900","vagon","116","2.0","Petrol","yes","2008-01-01T00:00:00","Forester","full"
"Kia","16400","hatch","54","1.6","Diesel","yes","2013-01-01T00:00:00","Ceed","front"
"Toyota","24171.42","sedan","1","2.5","Petrol","yes","2016-01-01T00:00:00","Camry","front"
"Audi","1950","sedan","320","19.0","Other","no","1996-01-01T00:00:00","A4",""
"Mercedes-Benz","20300","sedan","198","1.8","Gas","yes","2011-01-01T00:00:00","E-Class","rear"
"Subaru","14000","crossover","171","99.99","Petrol","yes","2010-01-01T00:00:00","Forester","full"
"Volkswagen","9900","sedan","80","1.6","Petrol","yes","2011-01-01T00:00:00","Polo","front"
"Mercedes-Benz","110000","crossover","0","3.0","Diesel","yes","2016-01-01T00:00:00","GLS 350","full"
"Nissan","16500","hatch","32","","Other","yes","2013-01-01T00:00:00","Leaf","front"
"Audi","25500","sedan","140","2.8","Petrol","yes","2012-01-01T00:00:00","A6","front"
"Renault","13300","other","132","1.5","Diesel","yes","2012-01-01T00:00:00","Megane",""
"Volkswagen","7000","van","345","1.9","Diesel","yes","2006-01-01T00:00:00","T5","front"
"VAZ","3600","other","80","2.0","Gas","yes","2002-01-01T00:00:00","2121","full"
"Honda","12990","sedan","111","1.8","Petrol","yes","2011-01-01T00:00:00","Civic","front"
"Porsche","0","sedan","14","3.6","Petrol","yes","2014-01-01T00:00:00","Panamera","full"
"Land Rover","147000","crossover","15","5.0","Petrol","yes","2015-01-01T00:00:00","Range Rover Sport","full"
"Honda","11900","sedan","109","2.4","Petrol","yes","2009-01-01T00:00:00","Accord","front"
"Volkswagen","12199","vagon","149","2.0","Diesel","yes","2008-01-01T00:00:00","Passat B6","front"
"Chevrolet","5200","sedan","179","1.5","Gas","yes","2008-01-01T00:00:00","Aveo","front"
"Renault","10500","vagon","185","1.5","Diesel","yes","2011-01-01T00:00:00","Megane","front"
"Toyota","24800","sedan","43","2.5","Gas","yes","2015-01-01T00:00:00","Camry","front"
"Kia","13300","hatch","35","1.6","Petrol","yes","2012-01-01T00:00:00","Ceed","front"
"Audi","2200","sedan","250","","Diesel","no","2001-01-01T00:00:00","A6","front"
"Audi","2300","vagon","250","2.5","Diesel","no","2001-01-01T00:00:00","A6","full"
"Audi","2350","vagon","250","","Diesel","no","2001-01-01T00:00:00","A6","front"
"Audi","2500","sedan","180","","Petrol","no","2000-01-01T00:00:00","A4","front"
"BMW","0","crossover","8","2.0","Diesel","yes","2016-01-01T00:00:00","X5","full"
"Mitsubishi","6200","sedan","152","1.6","Petrol","yes","2006-01-01T00:00:00","Lancer","front"
"Nissan","18200","crossover","65","3.5","Gas","yes","2009-01-01T00:00:00","Murano","full"
"Ford","12500","sedan","63","1.6","Petrol","yes","2013-01-01T00:00:00","Focus","front"
"Porsche","117777","hatch","9","4.8","Petrol","yes","2014-01-01T00:00:00","Panamera","full"
"Kia","8800","other","135","2.4","Gas","yes","2006-01-01T00:00:00","Sorento","full"
"Porsche","69900","sedan","40","3.0","Diesel","yes","2013-01-01T00:00:00","Panamera","rear"
"Opel","5350","sedan","180","1.4","Petrol","yes","2007-01-01T00:00:00","Astra G","front"
"Kia","42741.621","crossover","0","2.2","Diesel","yes","2016-01-01T00:00:00","Sorento","full"
"Volkswagen","16500","sedan","123","1.8","Petrol","yes","2010-01-01T00:00:00","Passat B6","front"
"Chevrolet","6700","sedan","80","1.5","Petrol","yes","2011-01-01T00:00:00","Aveo","front"
"Mercedes-Benz","111999","crossover","0","3.0","Diesel","yes","2016-01-01T00:00:00","GLS 350","full"
"Audi","3700","vagon","273","2.5","Diesel","no","2003-01-01T00:00:00","A6","front"
"Porsche","0","crossover","13","3.0","Diesel","yes","2015-01-01T00:00:00","Macan","full"
"Alfa Romeo","5900","hatch","199","1.6","Petrol","yes","2002-01-01T00:00:00","147","front"
"Toyota","75500","crossover","50","4.6","Petrol","yes","2015-01-01T00:00:00","Land Cruiser 200","full"
"Mercedes-Benz","55000","crossover","40","4.6","Petrol","yes","2013-01-01T00:00:00","ML 500","full"
"Mitsubishi","9800","sedan","148","2.0","Gas","yes","2008-01-01T00:00:00","Lancer X","front"
"Subaru","6100","vagon","350","2.0","Petrol","yes","2005-01-01T00:00:00","Forester","full"
"Chevrolet","5500","sedan","121","1.5","Petrol","yes","2006-01-01T00:00:00","Aveo","front"
"Chevrolet","7799","sedan","199","1.6","Gas","yes","2012-01-01T00:00:00","Aveo","front"
"Honda","13900","hatch","63","1.8","Petrol","yes","2013-01-01T00:00:00","Civic","front"
"Kia","14500","crossover","106","2.5","Diesel","yes","2008-01-01T00:00:00","Sorento","full"
"Smart","8000","other","62","1.0","Petrol","yes","2011-01-01T00:00:00","Fortwo","rear"
"Renault","14700","crossover","61","1.5","Diesel","yes","2013-01-01T00:00:00","Duster","front"
"Lexus","135555","crossover","0","4.5","Diesel","yes","2016-01-01T00:00:00","LX 450","full"
"Hyundai","14500","crossover","102","2.2","Diesel","yes","2008-01-01T00:00:00","Santa FE","full"
"VAZ","4100","hatch","60","1.6","Petrol","yes","2013-01-01T00:00:00","2114","front"
"Porsche","54900","sedan","64","4.8","Petrol","yes","2011-01-01T00:00:00","Panamera","full"
"BMW","30500","sedan","73","2.0","Petrol","yes","2013-01-01T00:00:00","520","rear"
"Volkswagen","10700","sedan","195","3.2","Petrol","yes","2007-01-01T00:00:00","Passat B6","full"
"Nissan","17700","hatch","21","0.11","Other","yes","2014-01-01T00:00:00","Leaf","front"
"Renault","8700","vagon","123","1.5","Diesel","yes","2009-01-01T00:00:00","Megane","front"
"Mitsubishi","6200","sedan","170","","Other","yes","2005-01-01T00:00:00","Lancer","front"
"Honda","13200","sedan","145","2.0","Gas","yes","2008-01-01T00:00:00","Accord","front"
"Toyota","59900","crossover","90","4.5","Diesel","yes","2012-01-01T00:00:00","Land Cruiser 200","full"
"Ford","12099","sedan","109","1.6","Gas","yes","2011-01-01T00:00:00","Focus","front"
"Volkswagen","7300","van","240","1.9","Diesel","yes","2005-01-01T00:00:00","Caddy .","front"
"Mercedes-Benz","24800","other","160","3.0","Diesel","yes","2007-01-01T00:00:00","S 320","rear"
"Tesla","80000","sedan","27","","Other","yes","2013-01-01T00:00:00","Model S","front"
"Ford","12300","hatch","71","1.6","Gas","yes","2013-01-01T00:00:00","Fiesta","front"
"Subaru","17000","crossover","134","2.0","Petrol","yes","2011-01-01T00:00:00","Forester","full"
"Tesla","58000","hatch","52","","Other","yes","2013-01-01T00:00:00","Model S","front"
"Land Rover","102999","crossover","39","5.0","Petrol","yes","2014-01-01T00:00:00","Range Rover","full"
"Peugeot","8500","van","135","1.6","Diesel","yes","2009-01-01T00:00:00","Partner .","front"
"Hyundai","29999","crossover","52","2.2","Diesel","yes","2014-01-01T00:00:00","Santa FE","full"
"Suzuki","11500","crossover","101","2.0","Petrol","yes","2008-01-01T00:00:00","Grand Vitara","full"
"Kia","20500","crossover","98","2.0","Petrol","yes","2011-01-01T00:00:00","Sportage","full"
"BMW","89999","crossover","17","4.4","Petrol","yes","2015-01-01T00:00:00","X6 M","full"
"Renault","7800","vagon","120","1.5","Diesel","yes","2008-01-01T00:00:00","Megane","front"
"Lexus","16500","sedan","115","3.0","Petrol","yes","2007-01-01T00:00:00","GS 300","rear"
"Renault","10600","vagon","220","2.5","Other","yes","2006-01-01T00:00:00","Trafic .","front"
"Audi","37800","other","126","3.0","Diesel","yes","2010-01-01T00:00:00","Q7","full"
"Volkswagen","8800","van","93","1.6","Diesel","yes","2012-01-01T00:00:00","Caddy .","front"
"BMW","8500","sedan","284","1.9","Gas","yes","2000-01-01T00:00:00","316","rear"
"Toyota","25900","crossover","97","4.0","Petrol","yes","2009-01-01T00:00:00","Land Cruiser Prado","full"
"Land Rover","95000","crossover","60","5.0","Petrol","yes","2014-01-01T00:00:00","Range Rover","full"
"Toyota","36000","crossover","940","","Other","yes","2009-01-01T00:00:00","Land Cruiser 200",""
"Subaru","8000","crossover","210","2.0","Petrol","yes","2005-01-01T00:00:00","Forester","full"
"BMW","2550","sedan","280","1.6","Petrol","no","2000-01-01T00:00:00","316","rear"
"Nissan","18500","hatch","9","","Other","yes","2015-01-01T00:00:00","Leaf","front"
"Nissan","20999","hatch","12","","Other","yes","2015-01-01T00:00:00","Leaf","front"
"Nissan","14999","hatch","31","1.0","Other","yes","2013-01-01T00:00:00","Leaf","front"
"Mercedes-Benz","12600","sedan","123","3.2","Petrol","yes","2000-01-01T00:00:00","S 320","rear"
"Tesla","85500","sedan","1","","Other","yes","2016-01-01T00:00:00","Model S","full"
"Renault","18456.1611","crossover","1","1.5","Diesel","yes","2016-01-01T00:00:00","Duster","full"
"Mercedes-Benz","8200","sedan","280","2.4","Gas","yes","1997-01-01T00:00:00","E-Class","rear"
"Mazda","12500","sedan","89","2.0","Petrol","yes","2009-01-01T00:00:00","6","front"
"Peugeot","8300","vagon","135","2.0","Petrol","yes","2008-01-01T00:00:00","307","front"
"Audi","4150","sedan","220","2.5","Diesel","no","1999-01-01T00:00:00","A8","front"
"Audi","46000","sedan","170","4.2","Diesel","yes","2011-01-01T00:00:00","A8","full"
"Toyota","28700","crossover","100","3.5","Petrol","yes","2012-01-01T00:00:00","Highlander","full"
"Daewoo","3499","hatch","104","0.8","Petrol","yes","2008-01-01T00:00:00","Matiz","front"
"Skoda","7650","sedan","119","1.8","Gas","yes","2006-01-01T00:00:00","Octavia Tour","front"
"Audi","2411","sedan","240","1.6","Other","yes","1987-01-01T00:00:00","80","front"
"Volkswagen","8900","van","272","1.9","Diesel","yes","2005-01-01T00:00:00","Caddy .","front"
"Renault","11500","vagon","230","1.5","Diesel","yes","2012-01-01T00:00:00","Megane","front"
"Volkswagen","4500","van","380","2.0","Diesel","yes","2004-01-01T00:00:00","Caddy .","front"
"Hyundai","9600","sedan","98","1.4","Petrol","yes","2011-01-01T00:00:00","Accent","front"
"Ford","5900","hatch","138","1.4","Petrol","yes","2008-01-01T00:00:00","Fiesta","front"
"Mercedes-Benz","9900","sedan","275","2.2","Other","yes","2005-01-01T00:00:00","E-Class","rear"
"Toyota","15300","crossover","130","2.0","Petrol","yes","2008-01-01T00:00:00","Rav 4","full"
"Nissan","9300","hatch","97","1.2","Petrol","yes","2010-01-01T00:00:00","Micra","front"
"Renault","12499","van","78","2.0","Diesel","yes","2012-01-01T00:00:00","Trafic .","front"
"Nissan","15000","crossover","46","1.6","Petrol","yes","2013-01-01T00:00:00","Juke","front"
"Toyota","37700","crossover","47","5.7","Gas","yes","2009-01-01T00:00:00","Sequoia","full"
"BMW","8000","sedan","330","","Diesel","yes","1997-01-01T00:00:00","525","rear"
"Smart","6500","other","110","1.0","Petrol","yes","2007-01-01T00:00:00","Fortwo","rear"
"Suzuki","9650","crossover","81","2.0","Petrol","yes","2006-01-01T00:00:00","Grand Vitara","full"
"Volkswagen","7000","sedan","185","2.8","Gas","yes","2004-01-01T00:00:00","Passat B5","full"
"Honda","13200","sedan","100","1.8","Petrol","yes","2012-01-01T00:00:00","Civic","front"
"Honda","13400","sedan","38","1.8","Petrol","yes","2012-01-01T00:00:00","Civic","front"
"Suzuki","6999","crossover","203","2.0","Petrol","yes","2002-01-01T00:00:00","Grand Vitara","full"
"BMW","34600","crossover","163","5.0","Petrol","yes","2011-01-01T00:00:00","X5 M","full"
"Audi","1300","sedan","250","","Gas","no","1994-01-01T00:00:00","80","front"
"Kia","23999","crossover","14","2.2","Diesel","yes","2012-01-01T00:00:00","Sorento","full"
"Opel","1600","sedan","280","2.3","Diesel","yes","1987-01-01T00:00:00","Omega","rear"
"Mercedes-Benz","35900","crossover","254","5.0","Gas","yes","2004-01-01T00:00:00","G 500","full"
"Ford","16400","crossover","87","2.5","Petrol","yes","2010-01-01T00:00:00","Kuga","full"
"Hyundai","8900","sedan","138","1.4","Petrol","yes","2011-01-01T00:00:00","Accent","front"
"Subaru","38900","crossover","0","2.0","Diesel","yes","2016-01-01T00:00:00","Forester","full"
"Renault","13200","van","230","2.0","Diesel","yes","2009-01-01T00:00:00","Trafic .","front"
"Toyota","26500","crossover","21","2.0","Petrol","yes","2013-01-01T00:00:00","Rav 4","full"
"Volkswagen","7800","van","282","2.5","Diesel","yes","2000-01-01T00:00:00","T4  .","front"
"Mercedes-Benz","109999","crossover","1","3.0","Diesel","yes","2016-01-01T00:00:00","GLS 350","full"
"Audi","24900","sedan","163","4.2","Diesel","yes","2008-01-01T00:00:00","A8","full"
"Lexus","27500","crossover","150","4.7","Gas","yes","2005-01-01T00:00:00","LX 470","full"
"Volkswagen","0","vagon","217","2.0","Diesel","no","2008-01-01T00:00:00","Passat B6","full"
"Daewoo","3950","hatch","36","0.8","Petrol","yes","2011-01-01T00:00:00","Matiz","front"
"Tesla","58000","sedan","8","","Other","yes","2013-01-01T00:00:00","Model S","front"
"BMW","63500","crossover","33","3.0","Petrol","yes","2015-01-01T00:00:00","X5","full"
"Lexus","57800","crossover","60","5.7","Petrol","yes","2011-01-01T00:00:00","LX 570","full"
"Renault","6800","van","131","1.5","Diesel","yes","2013-01-01T00:00:00","Kangoo .","front"
"Tesla","59000","sedan","30","","Other","yes","2013-01-01T00:00:00","Model S","rear"
"Nissan","19000","crossover","70","1.6","Petrol","yes","2012-01-01T00:00:00","Qashqai","front"
"Toyota","14700","sedan","131","3.5","Gas","yes","2007-01-01T00:00:00","Camry","front"
"Smart","10700","other","23","1.0","Petrol","yes","2014-01-01T00:00:00","Fortwo",""
"Mercedes-Benz","41900","sedan","95","6.2","Petrol","yes","2011-01-01T00:00:00","S 500",""
"Lexus","6000","sedan","350","3.0","Petrol","yes","1996-01-01T00:00:00","GS 300","rear"
"Toyota","23000","other","211","4.0","Gas","yes","2007-01-01T00:00:00","Land Cruiser Prado","full"
"Mazda","2700","other","450","2.0","Gas","yes","1989-01-01T00:00:00","626","front"
"Hyundai","6200","hatch","121","1.4","Gas","yes","2008-01-01T00:00:00","Getz","front"
"Toyota","28900","crossover","20","2.5","Petrol","yes","2013-01-01T00:00:00","Rav 4","full"
"Volkswagen","19100","sedan","4","1.6","Other","yes","2016-01-01T00:00:00","Jetta","front"
"BMW","1500","sedan","270","2.5","Diesel","no","1992-01-01T00:00:00","525","rear"
"Renault","5400","vagon","181","1.5","Diesel","no","2010-01-01T00:00:00","Megane","front"
"Nissan","15700","hatch","22","0.11","Other","yes","2013-01-01T00:00:00","Leaf","front"
"BMW","26900","crossover","170","3.0","Diesel","yes","2008-01-01T00:00:00","X5","full"
"Volkswagen","10600","van","120","2.0","Diesel","yes","2007-01-01T00:00:00","Touran","front"
"Honda","16777","sedan","77","2.4","Petrol","yes","2011-01-01T00:00:00","Accord","front"
"Land Rover","102999","crossover","39","5.0","Petrol","yes","2014-01-01T00:00:00","Range Rover","full"
"Mitsubishi","16900","crossover","126","3.0","Gas","yes","2008-01-01T00:00:00","Pajero Wagon","full"
"BMW","8500","other","265","2.8","Gas","yes","1998-01-01T00:00:00","328","rear"
"Mercedes-Benz","17800","van","162","1.8","Diesel","yes","2012-01-01T00:00:00","B 180","front"
"Mercedes-Benz","20300","sedan","198","1.8","Gas","yes","2011-01-01T00:00:00","E-Class","rear"
"Mitsubishi","7200","sedan","83","1.6","Other","yes","2007-01-01T00:00:00","Lancer","front"
"Volkswagen","8599","van","169","1.6","Diesel","yes","2011-01-01T00:00:00","Caddy .","front"
"BMW","6400","other","220","2.5","Petrol","yes","1997-01-01T00:00:00","323","rear"
"Ford","6450","hatch","150","1.4","Petrol","yes","2007-01-01T00:00:00","Fiesta","front"
"Audi","3600","sedan","374","2.5","Diesel","no","2001-01-01T00:00:00","A8","full"
"Chevrolet","5999","sedan","121","1.6","Petrol","yes","2008-01-01T00:00:00","Lacetti","front"
"Mazda","25000","sedan","0","2.0","Other","yes","2016-01-01T00:00:00","6","front"
"Ford","6450","hatch","149","1.4","Petrol","yes","2007-01-01T00:00:00","Fiesta","front"
"Land Rover","47500","crossover","63","4.4","Diesel","yes","2012-01-01T00:00:00","Range Rover","full"
"Ford","6450","hatch","150","1.4","Petrol","yes","2007-01-01T00:00:00","Fiesta","front"
"Subaru","10500","sedan","125","2.0","Petrol","yes","2007-01-01T00:00:00","Legacy","full"
"BMW","28900","sedan","78","2.0","Petrol","yes","2012-01-01T00:00:00","528","rear"
"Toyota","15500","crossover","165","2.7","Gas","yes","2005-01-01T00:00:00","Land Cruiser Prado","full"
"Nissan","15656.589","crossover","0","1.6","Petrol","yes","2016-01-01T00:00:00","Juke","front"
"Opel","6700","sedan","335","2.5","Gas","yes","1998-01-01T00:00:00","Omega","rear"
"Tesla","159600","sedan","7","","Other","yes","2016-01-01T00:00:00","Model S","rear"
"Peugeot","6000","sedan","171","2.0","Petrol","yes","2006-01-01T00:00:00","407","front"
"Nissan","6700","sedan","80","1.8","Petrol","yes","2003-01-01T00:00:00","Primera","front"
"Lexus","15000","sedan","147","2.5","Other","yes","2007-01-01T00:00:00","IS 250","rear"
"Nissan","16800","crossover","70","2.0","Petrol","yes","2013-01-01T00:00:00","Qashqai",""
"Land Rover","99000","crossover","50","4.4","Diesel","yes","2013-01-01T00:00:00","Range Rover","full"
"Mercedes-Benz","6999","sedan","288","3.2","Gas","yes","2001-01-01T00:00:00","E-Class","rear"
"Land Rover","52000","crossover","70","4.4","Diesel","yes","2012-01-01T00:00:00","Range Rover","full"
"Porsche","60000","other","11","3.8","Petrol","yes","2010-01-01T00:00:00","911","rear"
"Mercedes-Benz","72700","van","42","2.2","Diesel","yes","2014-01-01T00:00:00","V 250","full"
"Opel","4200","sedan","290","2.0","Petrol","yes","1997-01-01T00:00:00","Omega","rear"
"Mazda","6800","hatch","208","2.0","Petrol","yes","2003-01-01T00:00:00","6","front"
"Mercedes-Benz","13500","sedan","317","5.0","Petrol","yes","2001-01-01T00:00:00","S 500","rear"
"Volkswagen","11000","vagon","210","1.9","Diesel","yes","2008-01-01T00:00:00","Touran","front"
"Subaru","17000","crossover","28","2.0","Petrol","yes","2010-01-01T00:00:00","Forester","full"
"Toyota","39000","crossover","88","4.5","Diesel","yes","2009-01-01T00:00:00","Land Cruiser 200","full"
"Mercedes-Benz","53500","crossover","46","5.5","Petrol","yes","2008-01-01T00:00:00","G 500","full"
"Toyota","28999","sedan","86","3.5","Petrol","yes","2013-01-01T00:00:00","Camry","front"
"Honda","13700","sedan","120","3.5","Petrol","yes","2008-01-01T00:00:00","Accord","front"
"BMW","42000","sedan","5","2.0","Petrol","yes","2016-01-01T00:00:00","520","rear"
"Subaru","12200","other","103","2.0","Diesel","yes","2009-01-01T00:00:00","Legacy","full"
"Hyundai","25600","crossover","94","2.0","Diesel","yes","2013-01-01T00:00:00","IX35","full"
"Volkswagen","12000","sedan","186","3.2","Petrol","yes","2006-01-01T00:00:00","Passat B6","full"
"Audi","2850","vagon","280","2.5","Diesel","no","1999-01-01T00:00:00","A6",""
"Subaru","9700","crossover","230","2.5","Gas","yes","2006-01-01T00:00:00","Forester","full"
"Chevrolet","8800","sedan","110","1.6","Gas","yes","2013-01-01T00:00:00","Lacetti","full"
"Volkswagen","8900","other","180","1.9","Diesel","yes","2010-01-01T00:00:00","Caddy .","front"
"Land Rover","169900","crossover","0","4.4","Diesel","yes","2016-01-01T00:00:00","Range Rover","full"
"BMW","75555","sedan","30","4.4","Petrol","yes","2014-01-01T00:00:00","550","full"
"Land Rover","95555","crossover","60","4.4","Diesel","yes","2014-01-01T00:00:00","Range Rover","full"
"BMW","42900","sedan","2","2.0","Petrol","yes","2016-01-01T00:00:00","520","rear"
"Opel","10950","sedan","44","1.6","Gas","yes","2012-01-01T00:00:00","Astra H","front"
"Mazda","2800","hatch","100","2.0","Petrol","yes","1992-01-01T00:00:00","626","front"
"Land Rover","79450","other","0","","Diesel","yes","2016-01-01T00:00:00","Range Rover Sport",""
"Subaru","8400","sedan","170","3.0","Petrol","yes","2004-01-01T00:00:00","Legacy","full"
"Toyota","12900","sedan","177","2.4","Gas","yes","2009-01-01T00:00:00","Camry","front"
"Toyota","8900","sedan","115","1.6","Petrol","yes","2008-01-01T00:00:00","Corolla","front"
"Ford","2500","sedan","313","1.6","Petrol","yes","1993-01-01T00:00:00","Mondeo","front"
"Renault","9500","vagon","78","1.5","Diesel","yes","2014-01-01T00:00:00","Kangoo .","front"
"Opel","6800","vagon","170","1.3","Diesel","yes","2006-01-01T00:00:00","Astra H","front"
"BMW","26999","crossover","180","4.8","Gas","yes","2008-01-01T00:00:00","X5","full"
"Renault","7250","van","83","","Other","yes","2013-01-01T00:00:00","Kangoo .",""
"Toyota","27700","sedan","21","2.5","Petrol","yes","2015-01-01T00:00:00","Camry","front"
"Subaru","29500","crossover","0","2.5","Petrol","yes","2015-01-01T00:00:00","Forester","full"
"Renault","5300","van","145","1.5","Other","yes","2010-01-01T00:00:00","Kangoo .","front"
"Toyota","9100","sedan","151","1.6","Gas","yes","2007-01-01T00:00:00","Corolla","front"
"Subaru","14300","crossover","110","2.5","Petrol","yes","2008-01-01T00:00:00","Forester","full"
"Ford","14999","crossover","79","2.5","Petrol","yes","2013-01-01T00:00:00","Kuga","full"
"BMW","6500","sedan","298","2.5","Petrol","yes","1998-01-01T00:00:00","523","rear"
"Renault","6600","van","134","1.5","Diesel","yes","2011-01-01T00:00:00","Kangoo .","front"
"Chevrolet","5450","sedan","242","1.6","Gas","yes","2004-01-01T00:00:00","Lacetti","front"
"Audi","23800","crossover","205","4.2","Gas","yes","2007-01-01T00:00:00","Q7","full"
"Toyota","20859.15","crossover","1","2.0","Petrol","yes","2016-01-01T00:00:00","Rav 4","front"
"Volkswagen","33700","van","11","1.4","Petrol","yes","2016-01-01T00:00:00","Touran","front"
"Volkswagen","13000","sedan","140","2.0","Petrol","yes","2006-01-01T00:00:00","Jetta","front"
"Nissan","13300","crossover","127","3.5","Gas","yes","2007-01-01T00:00:00","Murano","full"
"Land Rover","44000","crossover","99","5.0","Petrol","yes","2010-01-01T00:00:00","Range Rover","full"
"Hyundai","39900","crossover","0","2.2","Diesel","yes","2016-01-01T00:00:00","Santa FE","full"
"Volkswagen","19000","sedan","109","1.8","Petrol","yes","2012-01-01T00:00:00","Passat B7","front"
"Ford","7200","hatch","114","1.4","Gas","yes","2009-01-01T00:00:00","Focus","front"
"Lexus","19999","crossover","142","3.5","Gas","yes","2008-01-01T00:00:00","RX 350","full"
"Toyota","32000","sedan","22","2.5","Petrol","yes","2015-01-01T00:00:00","Camry","front"
"BMW","2200","sedan","303","2.5","Diesel","no","1999-01-01T00:00:00","525","rear"
"BMW","3100","vagon","1","2.0","Diesel","no","2002-01-01T00:00:00","320","rear"
"Toyota","35500","crossover","165","4.0","Gas","yes","2011-01-01T00:00:00","Land Cruiser Prado","full"
"Kia","11200","sedan","60","1.6","Petrol","yes","2012-01-01T00:00:00","Rio","front"
"BMW","0","crossover","5","3.0","Diesel","yes","2016-01-01T00:00:00","X6","full"
"Smart","8800","other","26","1.0","Petrol","yes","2011-01-01T00:00:00","Fortwo","rear"
"Mitsubishi","8000","crossover","220","2.4","Gas","yes","2004-01-01T00:00:00","Outlander","full"
"Chevrolet","7800","vagon","142","1.8","Gas","yes","2010-01-01T00:00:00","Lacetti","front"
"Skoda","8500","sedan","149","1.6","Gas","yes","2008-01-01T00:00:00","Octavia Tour","front"
"Volkswagen","13499","sedan","162","1.4","Petrol","yes","2012-01-01T00:00:00","Passat B7","front"
"Smart","4200","other","130","99.99","Petrol","yes","2002-01-01T00:00:00","Fortwo",""
"Volkswagen","11500","other","189","2.0","Diesel","yes","2011-01-01T00:00:00","Caddy .","front"
"Hyundai","37400","crossover","0","2.2","Diesel","yes","2016-01-01T00:00:00","Santa FE","full"
"Renault","10999","van","207","2.0","Diesel","yes","2012-01-01T00:00:00","Trafic .","front"
"Mercedes-Benz","3500","van","395","2.3","Diesel","no","1997-01-01T00:00:00","Vito .","front"
"Peugeot","17895.15","hatch","0","1.6","Diesel","yes","2016-01-01T00:00:00","308","front"
"Honda","13950","sedan","143","2.0","Petrol","yes","2008-01-01T00:00:00","Accord","rear"
"Mercedes-Benz","43500","sedan","59","4.6","Petrol","yes","2011-01-01T00:00:00","S 500","full"
"Hyundai","18900","crossover","145","2.0","Gas","yes","2011-01-01T00:00:00","IX35","full"
"Chery","3500","sedan","83","1.6","Petrol","yes","2008-01-01T00:00:00","Amulet","front"
"Lexus","0","crossover","22","4.5","Diesel","yes","2016-01-01T00:00:00","LX 450","full"
"Bentley","85000","other","20","6.0","Petrol","yes","2008-01-01T00:00:00","Continental","full"
"BMW","0","sedan","240","2.8","Gas","yes","1997-01-01T00:00:00","528","rear"
"Volkswagen","23000","sedan","75","2.0","Petrol","yes","2013-01-01T00:00:00","Passat CC",""
"Hyundai","10800","crossover","142","2.0","Diesel","yes","2007-01-01T00:00:00","Tucson","full"
"Audi","4850","sedan","270","2.6","Petrol","yes","1995-01-01T00:00:00","A6","front"
"Audi","16000","sedan","250","2.0","Diesel","yes","2008-01-01T00:00:00","A6",""
"Mercedes-Benz","7900","other","206","2.2","Diesel","yes","2004-01-01T00:00:00","Vito .","rear"
"Infiniti","33800","crossover","44","3.7","Petrol","yes","2012-01-01T00:00:00","FX 37","full"
"Ford","8900","sedan","117","2.0","Petrol","yes","2008-01-01T00:00:00","Mondeo","front"
"Honda","9850","sedan","140","2.0","Petrol","yes","2006-01-01T00:00:00","Accord","front"
"Nissan","14500","crossover","151","2.5","Diesel","yes","2006-01-01T00:00:00","Pathfinder","full"
"BMW","13700","crossover","270","4.6","Gas","yes","2004-01-01T00:00:00","X5","full"
"BMW","2900","vagon","236","2.0","Diesel","no","2001-01-01T00:00:00","320","rear"
"Volkswagen","8500","other","200","1.6","Diesel","yes","2011-01-01T00:00:00","Caddy .","front"
"Mazda","13500","crossover","69","","Petrol","yes","2008-01-01T00:00:00","CX-7","full"
"Honda","4800","sedan","1","1.6","Petrol","yes","1999-01-01T00:00:00","Civic","front"
"Mercedes-Benz","13600","van","190","2.2","Diesel","yes","2009-01-01T00:00:00","Vito .","rear"
"Land Rover","53500","crossover","57","3.0","Diesel","yes","2013-01-01T00:00:00","Range Rover Sport","full"
"Nissan","16600","crossover","83","2.0","Petrol","yes","2013-01-01T00:00:00","X-Trail","full"
"Nissan","12300","sedan","115","2.5","Petrol","yes","2009-01-01T00:00:00","Teana","front"
"Smart","2300","hatch","91","0.6","Petrol","no","2002-01-01T00:00:00","Fortwo","rear"
"Lexus","74777","crossover","63","5.7","Gas","yes","2012-01-01T00:00:00","LX 570","full"
"Honda","14700","sedan","93","2.0","Petrol","yes","2009-01-01T00:00:00","Accord",""
"Mitsubishi","9500","crossover","225","2.4","Gas","yes","2004-01-01T00:00:00","Outlander","full"
"Daewoo","3650","sedan","64","1.4","Petrol","yes","2008-01-01T00:00:00","Lanos","front"
"Hyundai","16300","crossover","125","2.7","Gas","yes","2007-01-01T00:00:00","Santa FE","full"
"Ford","12000","hatch","44","1.0","Petrol","yes","2013-01-01T00:00:00","Focus","front"
"Toyota","3700","hatch","282","1.4","Petrol","yes","1995-01-01T00:00:00","Corolla","front"
"Hyundai","10800","crossover","106","2.0","Gas","yes","2007-01-01T00:00:00","Tucson","full"
"BMW","10999","sedan","225","3.0","Diesel","yes","2003-01-01T00:00:00","530","rear"
"Mercedes-Benz","0","crossover","63","5.5","Petrol","yes","2011-01-01T00:00:00","GL 550","full"
"Land Rover","85900","crossover","60","3.0","Diesel","yes","2013-01-01T00:00:00","Range Rover Sport","full"
"Land Rover","39900","crossover","120","5.0","Petrol","yes","2012-01-01T00:00:00","Range Rover","full"
"Renault","7899","van","129","1.5","Other","yes","2014-01-01T00:00:00","Kangoo .","front"
"Toyota","11700","sedan","131","2.4","Petrol","yes","2007-01-01T00:00:00","Camry","front"
"Volkswagen","14500","sedan","1","1.6","Other","yes","2016-01-01T00:00:00","Polo","front"
"Mercedes-Benz","15300","other","120","2.6","Petrol","yes","2004-01-01T00:00:00","CLK 240","rear"
"Mercedes-Benz","35500","crossover","99","5.0","Gas","yes","2005-01-01T00:00:00","G 63 AMG","full"
"BMW","6500","sedan","335","2.8","Petrol","yes","1996-01-01T00:00:00","528","rear"
"Mercedes-Benz","44000","other","82","5.5","Petrol","yes","2010-01-01T00:00:00","S 500","full"
"Mercedes-Benz","12000","van","177","","Diesel","yes","2013-01-01T00:00:00","Vito .","rear"
"Ford","10400","hatch","45","1.0","Petrol","yes","2013-01-01T00:00:00","Focus","front"
"VAZ","0","sedan","13","1.6","Petrol","yes","2012-01-01T00:00:00","2115","front"
"Nissan","18000","hatch","45","","Other","yes","2013-01-01T00:00:00","Leaf","front"
"Nissan","12500","crossover","107","2.0","Gas","yes","2008-01-01T00:00:00","Qashqai","full"
"BMW","32500","crossover","152","3.0","Diesel","yes","2008-01-01T00:00:00","X5","full"
"Toyota","24000","crossover","73","4.0","Petrol","yes","2008-01-01T00:00:00","Land Cruiser Prado","full"
"Audi","29602.95","sedan","1","1.4","Petrol","yes","2016-01-01T00:00:00","A4","front"
"Volkswagen","13500","van","124","2.0","Diesel","yes","2013-01-01T00:00:00","T5","front"
"Toyota","15500","crossover","146","2.4","Gas","yes","2008-01-01T00:00:00","Rav 4","full"
"BMW","15000","other","205","","Petrol","yes","2004-01-01T00:00:00","530","rear"
"Volvo","23880","sedan","127","3.0","Petrol","yes","2011-01-01T00:00:00","S80","full"
"BMW","13900","crossover","184","3.0","Gas","yes","2004-01-01T00:00:00","X5","full"
"Nissan","15500","hatch","41","","Other","yes","2014-01-01T00:00:00","Leaf","full"
"Mercedes-Benz","250000","other","6","5.5","Petrol","yes","2016-01-01T00:00:00","S 63 AMG","full"
"Nissan","15000","hatch","22","","Other","yes","2014-01-01T00:00:00","Leaf","front"
"Toyota","19800","crossover","252","4.2","Diesel","yes","2002-01-01T00:00:00","Land Cruiser 100","full"
"Mercedes-Benz","249999","other","3","5.5","Petrol","yes","2016-01-01T00:00:00","S 63 AMG","full"
"Porsche","18500","crossover","200","3.2","Gas","yes","2005-01-01T00:00:00","Cayenne","full"
"Subaru","10900","crossover","160","3.0","Petrol","yes","2006-01-01T00:00:00","Tribeca","full"
"Volkswagen","0","van","146","2.5","Diesel","yes","2009-01-01T00:00:00","T5  .","full"
"Bentley","55555","other","45","6.0","Petrol","yes","2005-01-01T00:00:00","Continental","full"
"VAZ","3300","sedan","200","1.5","Gas","yes","2004-01-01T00:00:00","2115","front"
"BMW","11400","sedan","206","3.0","Petrol","yes","2003-01-01T00:00:00","530","rear"
"Ford","10066.485","hatch","1","1.25","Petrol","yes","2015-01-01T00:00:00","Fiesta","front"
"Toyota","20800","sedan","49","3.5","Petrol","yes","2011-01-01T00:00:00","Camry","front"
"Renault","6300","van","73","1.5","Diesel","yes","2008-01-01T00:00:00","Kangoo .","front"
"Mitsubishi","2600","other","200","2.4","Petrol","no","2002-01-01T00:00:00","Lancer","front"
"Hyundai","21166.665","sedan","0","1.8","Petrol","yes","2015-01-01T00:00:00","Elantra","front"
"SsangYong","11400","crossover","153","","Diesel","yes","2010-01-01T00:00:00","Kyron","full"
"Toyota","18400","crossover","160","4.7","Gas","yes","2003-01-01T00:00:00","Land Cruiser 100","full"
"Chevrolet","6700","hatch","88","1.6","Petrol","yes","2009-01-01T00:00:00","Lacetti",""
"Volkswagen","51900","crossover","30","3.0","Diesel","yes","2015-01-01T00:00:00","Touareg","full"
"Toyota","8300","sedan","140","3.0","Petrol","yes","2002-01-01T00:00:00","Camry",""
"Hyundai","11200","crossover","78","2.0","Petrol","yes","2009-01-01T00:00:00","Tucson","full"
"Audi","20500","sedan","155","3.0","Petrol","yes","2010-01-01T00:00:00","A6","full"
"Hyundai","13800","other","57","1.6","Petrol","yes","2012-01-01T00:00:00","Elantra","front"
"Mercedes-Benz","16800","other","266","3.0","Diesel","yes","2007-01-01T00:00:00","E-Class","rear"
"Volkswagen","37900","crossover","73","3.0","Diesel","yes","2012-01-01T00:00:00","Touareg","full"
"Volkswagen","8700","other","520","2.5","Diesel","yes","1999-01-01T00:00:00","T4  .","front"
"Mercedes-Benz","15200","sedan","195","3.0","Diesel","yes","2007-01-01T00:00:00","E-Class","rear"
"Audi","2650","vagon","270","2.5","Diesel","no","2001-01-01T00:00:00","A6","front"
"Toyota","14500","sedan","127","2.4","Gas","yes","2008-01-01T00:00:00","Camry","front"
"Ford","5700","hatch","190","1.2","Petrol","yes","2008-01-01T00:00:00","Fiesta","front"
"BMW","13500","sedan","233","3.0","Diesel","yes","2003-01-01T00:00:00","530","rear"
"Mercedes-Benz","31900","sedan","97","2.2","Diesel","yes","2011-01-01T00:00:00","E-Class","rear"
"Mazda","0","sedan","350","2.0","Other","yes","2003-01-01T00:00:00","6",""
"Mercedes-Benz","11800","sedan","167","3.2","Diesel","yes","2003-01-01T00:00:00","E-Class","rear"
"Audi","6399","vagon","230","2.5","Diesel","yes","1999-01-01T00:00:00","A6","front"
"Skoda","8800","sedan","140","1.8","Petrol","yes","2007-01-01T00:00:00","Superb","front"
"Audi","3800","sedan","270","2.5","Diesel","no","2000-01-01T00:00:00","A6","front"
"Mercedes-Benz","3550","sedan","274","3.2","Diesel","no","2002-01-01T00:00:00","E-Class",""
"Mercedes-Benz","39900","crossover","127","5.5","Petrol","yes","2010-01-01T00:00:00","GL 550","full"
"Porsche","49900","crossover","73","3.0","Diesel","yes","2011-01-01T00:00:00","Cayenne","full"
"Porsche","50900","crossover","53","3.6","Petrol","yes","2013-01-01T00:00:00","Cayenne","full"
"Volvo","10200","sedan","143","2.4","Other","yes","2006-01-01T00:00:00","S80","front"
"Mitsubishi","11700","crossover","197","3.0","Gas","yes","2006-01-01T00:00:00","Pajero Sport","full"
"Ford","1250","hatch","250","2.0","Petrol","yes","1986-01-01T00:00:00","Scorpio","rear"
"Volkswagen","20600","sedan","107","1.8","Petrol","yes","2012-01-01T00:00:00","Passat CC","front"
"Mercedes-Benz","9200","sedan","172","2.8","Petrol","yes","1997-01-01T00:00:00","E-Class","rear"
"Mercedes-Benz","26800","vagon","160","2.2","Diesel","yes","2014-01-01T00:00:00","E-Class","rear"
"Land Rover","26700","crossover","171","3.6","Diesel","yes","2008-01-01T00:00:00","Range Rover Sport","full"
"Volkswagen","25999","sedan","60","1.8","Petrol","yes","2014-01-01T00:00:00","Passat B7","front"
"Volkswagen","7600","van","158","2.0","Diesel","yes","2009-01-01T00:00:00","Caddy .","front"
"Hyundai","9300","sedan","90","1.6","Petrol","yes","2011-01-01T00:00:00","Elantra","front"
"Mercedes-Benz","140000","crossover","88","5.46","Petrol","yes","2013-01-01T00:00:00","G 63 AMG","full"
"Skoda","5200","vagon","175","1.4","Petrol","yes","2004-01-01T00:00:00","Fabia","front"
"Ford","19000","sedan","21","2.0","Petrol","yes","2012-01-01T00:00:00","Mondeo","front"
"BMW","21500","other","72","3.0","Petrol","yes","2007-01-01T00:00:00","Z4","rear"
"Toyota","24800","crossover","90","4.0","Petrol","yes","2008-01-01T00:00:00","FJ Cruiser","full"
"Mercedes-Benz","46700","sedan","115","5.5","Petrol","yes","2011-01-01T00:00:00","S 500","full"
"Subaru","9999","sedan","76","2.0","Petrol","yes","2008-01-01T00:00:00","Legacy","full"
"Ford","19500","hatch","35","2.3","Petrol","yes","2013-01-01T00:00:00","Mondeo","front"
"BMW","86999","crossover","0","3.0","Diesel","yes","2016-01-01T00:00:00","X6","full"
"Toyota","37600","crossover","126","4.7","Petrol","yes","2008-01-01T00:00:00","Land Cruiser 200","full"
"Kia","18700","other","87","2.2","Diesel","yes","2010-01-01T00:00:00","Sorento","full"
"BMW","2450","sedan","328","2.5","Diesel","no","1996-01-01T00:00:00","525","rear"
"Fiat","7800","van","1","","Diesel","yes","2010-01-01T00:00:00","Doblo .",""
"Skoda","12300","other","102","1.8","Petrol","yes","2010-01-01T00:00:00","Octavia A5","front"
"Volkswagen","19900","other","112","2.0","Petrol","yes","2012-01-01T00:00:00","Passat CC","front"
"Porsche","16900","crossover","120","3.2","Petrol","yes","2005-01-01T00:00:00","Cayenne","full"
"Volkswagen","20900","sedan","82","2.0","Diesel","yes","2012-01-01T00:00:00","Passat B7","front"
"Hyundai","10500","crossover","120","2.7","Petrol","yes","2006-01-01T00:00:00","Tucson","full"
"BMW","17900","other","98","3.0","Petrol","yes","2007-01-01T00:00:00","Z4","rear"
"Toyota","19000","crossover","263","4.2","Diesel","yes","2001-01-01T00:00:00","Land Cruiser 100","full"
"Audi","55000","crossover","65","2.99","Diesel","yes","2013-01-01T00:00:00","A6 Allroad","full"
"Mercedes-Benz","124999","crossover","0","3.0","Diesel","yes","2016-01-01T00:00:00","GLS 350","full"
"Bentley","222222","other","0","6.0","Petrol","yes","2015-01-01T00:00:00","Continental","full"
"Renault","7499","van","123","1.5","Diesel","yes","2009-01-01T00:00:00","Kangoo .","front"
"Volkswagen","6500","vagon","101","2.0","Diesel","yes","2011-01-01T00:00:00","Passat B6","front"
"Honda","10999","sedan","130","1.8","Petrol","yes","2007-01-01T00:00:00","Civic","front"
"Subaru","13000","crossover","110","3.0","Petrol","yes","2006-01-01T00:00:00","Tribeca","full"
"Volkswagen","0","van","207","2.0","Diesel","yes","2012-01-01T00:00:00","T5","front"
"Hyundai","28888","crossover","20","2.2","Diesel","yes","2013-01-01T00:00:00","Santa FE","full"
"Volkswagen","0","van","239","2.0","Diesel","yes","2012-01-01T00:00:00","T5  .","front"
"Mercedes-Benz","21000","crossover","135","3.5","Petrol","yes","2007-01-01T00:00:00","ML 350","full"
"Mercedes-Benz","39900","sedan","29","6.3","Petrol","yes","2007-01-01T00:00:00","S 63 AMG","rear"
"Mercedes-Benz","11000","sedan","319","2.2","Diesel","yes","2003-01-01T00:00:00","220","rear"
"Volkswagen","10600","van","153","1.6","Diesel","yes","2012-01-01T00:00:00","Caddy .",""
"Mercedes-Benz","12700","van","160","3.0","Diesel","yes","2007-01-01T00:00:00","Vito .","rear"
"Nissan","15861","hatch","29","","Other","yes","2014-01-01T00:00:00","Leaf","front"
"Renault","6400","van","136","1.5","Diesel","yes","2012-01-01T00:00:00","Kangoo .","front"
"Chevrolet","4450","crossover","164","1.7","Other","yes","2006-01-01T00:00:00","Niva","full"
"Skoda","3300","sedan","234","1.8","Petrol","no","2002-01-01T00:00:00","Superb","front"
"Renault","2700","other","160","2.0","Petrol","no","2001-01-01T00:00:00","Megane","front"
"Toyota","16000","crossover","250","4.7","Gas","yes","2001-01-01T00:00:00","Land Cruiser 100","full"
"Audi","0","crossover","1","3.0","Diesel","yes","2016-01-01T00:00:00","A6 Allroad","full"
"Opel","12800","van","190","1.7","Diesel","yes","2011-01-01T00:00:00","Zafira","front"
"Hyundai","27768.975","crossover","1","2.2","Diesel","yes","2015-01-01T00:00:00","Santa FE","front"
"Toyota","37500","crossover","115","5.7","Petrol","yes","2008-01-01T00:00:00","Land Cruiser 200","full"
"Nissan","21303.75","crossover","1","2.0","Petrol","yes","2015-01-01T00:00:00","Qashqai","front"
"BMW","39600","crossover","98","3.0","Petrol","yes","2011-01-01T00:00:00","X6","full"
"Ford","0","sedan","200","2.5","Diesel","yes","1996-01-01T00:00:00","Scorpio","rear"
"Nissan","14673","hatch","34","","Other","yes","2013-01-01T00:00:00","Leaf","front"
"Kia","19600","crossover","80","2.0","Gas","yes","2013-01-01T00:00:00","Sportage","full"
"Chevrolet","8900","sedan","58","2.0","Petrol","yes","2012-01-01T00:00:00","Epica","front"
"BMW","30500","sedan","630","","Petrol","yes","2010-01-01T00:00:00","523","rear"
"BMW","29500","sedan","850","","Petrol","yes","2011-01-01T00:00:00","523","rear"
"Nissan","14500","crossover","740","2.0","Petrol","yes","2008-01-01T00:00:00","X-Trail","full"
"VAZ","3350","sedan","154","1.6","Gas","yes","2008-01-01T00:00:00","21099","front"
"Hyundai","11999","sedan","162","2.2","Diesel","yes","2006-01-01T00:00:00","Santa FE","full"
"Chevrolet","4999","sedan","135","1.5","Gas","yes","2008-01-01T00:00:00","Aveo","front"
"Volkswagen","2450","sedan","200","1.3","Gas","yes","1991-01-01T00:00:00","Jetta","front"
"Toyota","11999","sedan","139","3.5","Petrol","yes","2008-01-01T00:00:00","Camry","front"
"Hyundai","9500","crossover","87","2.0","Gas","yes","2008-01-01T00:00:00","Tucson",""
"Mercedes-Benz","39900","sedan","84","5.5","Petrol","yes","2011-01-01T00:00:00","S 500","full"
"Nissan","14246","hatch","42","","Other","yes","2013-01-01T00:00:00","Leaf","front"
"Chevrolet","6300","hatch","81","1.6","Petrol","yes","2009-01-01T00:00:00","Lacetti","front"
"Volkswagen","12000","van","196","2.0","Diesel","yes","2011-01-01T00:00:00","T5","front"
"BMW","33000","sedan","147","3.0","Diesel","yes","2009-01-01T00:00:00","730","rear"
"Hyundai","15999","crossover","87","2.4","Gas","yes","2011-01-01T00:00:00","Santa FE","full"
"Skoda","15800","sedan","39","1.8","Petrol","yes","2013-01-01T00:00:00","Octavia A5","front"
"Skoda","3400","hatch","220","1.9","Diesel","no","2002-01-01T00:00:00","Octavia","front"
"BMW","49900","other","82","3.0","Petrol","yes","2012-01-01T00:00:00","640","rear"
"Hyundai","12333","crossover","78","2.0","Petrol","yes","2009-01-01T00:00:00","Tucson","full"
"Skoda","15500","vagon","112","1.8","Petrol","yes","2011-01-01T00:00:00","Superb","front"
"Volkswagen","9200","sedan","195","2.0","Petrol","yes","2006-01-01T00:00:00","Passat B6","front"
"Skoda","9100","sedan","170","1.6","Petrol","yes","2007-01-01T00:00:00","Octavia A5","front"
"Ford","15999","sedan","67","2.0","Petrol","yes","2011-01-01T00:00:00","Mondeo","front"
"Nissan","11800","crossover","140","2.0","Petrol","yes","2009-01-01T00:00:00","Qashqai","full"
"Volkswagen","3000","sedan","240","1.8","Petrol","yes","1991-01-01T00:00:00","Jetta","front"
"Porsche","79900","sedan","29","3.0","Petrol","yes","2014-01-01T00:00:00","Panamera","full"
"Bentley","85000","other","20","6.0","Petrol","yes","2008-01-01T00:00:00","Continental","full"
"Chevrolet","5200","sedan","11","","Petrol","yes","2007-01-01T00:00:00","Aveo","front"
"Volkswagen","10800","other","146","1.6","Diesel","yes","2012-01-01T00:00:00","Caddy","front"
"BMW","16800","crossover","250","3.0","Diesel","yes","2004-01-01T00:00:00","X5","full"
"Land Rover","19500","crossover","169","4.2","Gas","yes","2007-01-01T00:00:00","Range Rover Sport","full"
"Opel","15500","van","180","2.0","Diesel","yes","2010-01-01T00:00:00","Vivaro .","front"
"VAZ","2900","sedan","84","1.6","Petrol","yes","2007-01-01T00:00:00","21099","front"
"Skoda","17900","sedan","57","1.4","Petrol","yes","2012-01-01T00:00:00","Superb","front"
"BMW","23999","crossover","194","3.0","Petrol","yes","2007-01-01T00:00:00","X5","full"
"Nissan","115916.4825","other","1","3.8","Petrol","yes","2016-01-01T00:00:00","GT-R","full"
"Mercedes-Benz","69900","sedan","76","6.0","Petrol","yes","2010-01-01T00:00:00","S 500","rear"
"Porsche","79900","sedan","29","3.0","Petrol","yes","2014-01-01T00:00:00","Panamera","full"
"VAZ","3600","sedan","35","1.5","Petrol","yes","2009-01-01T00:00:00","2107","rear"
"Opel","7500","sedan","107","1.4","Petrol","yes","2007-01-01T00:00:00","Astra G","front"
"Skoda","12300","sedan","102","1.6","Petrol","yes","2012-01-01T00:00:00","Octavia A5","front"
"Hyundai","10200","sedan","59","1.4","Petrol","yes","2012-01-01T00:00:00","Accent","front"
"Nissan","15658","hatch","49","","Other","yes","2013-01-01T00:00:00","Leaf","front"
"Hyundai","9550","crossover","138","2.0","Gas","yes","2007-01-01T00:00:00","Tucson","front"
"Volkswagen","9850","van","126","2.0","Diesel","yes","2012-01-01T00:00:00","Caddy .","front"
"Opel","1850","hatch","316","2.0","Diesel","no","1999-01-01T00:00:00","Astra G","front"
"Volkswagen","19500","sedan","128","1.8","Petrol","yes","2013-01-01T00:00:00","Passat B7","front"
"Honda","5200","other","200","1.7","Gas","yes","2002-01-01T00:00:00","Civic","front"
"Honda","4000","hatch","260","1.5","Petrol","yes","1999-01-01T00:00:00","Civic","front"
"Mercedes-Benz","29000","crossover","139","3.5","Gas","yes","2009-01-01T00:00:00","ML 350","full"
"Volkswagen","15000","other","280","2.8","Diesel","yes","2006-01-01T00:00:00","LT .","rear"
"Toyota","10700","sedan","57","1.3","Petrol","yes","2010-01-01T00:00:00","Corolla","front"
"Renault","0","van","159","1.5","Diesel","yes","2011-01-01T00:00:00","Kangoo .","front"
"Audi","0","crossover","65","2.99","Diesel","yes","2013-01-01T00:00:00","A6 Allroad","full"
"Porsche","51000","crossover","52","3.0","Diesel","yes","2013-01-01T00:00:00","Cayenne","full"
"Toyota","33715.5","crossover","1","2.7","Petrol","yes","2015-01-01T00:00:00","Land Cruiser Prado","full"
"Ford","13000","other","200","4.6","Gas","yes","1994-01-01T00:00:00","Mustang GT","rear"
"Toyota","164500","crossover","0","4.5","Diesel","yes","2015-01-01T00:00:00","Land Cruiser 200","full"
"Volkswagen","0","van","124","1.6","Diesel","yes","2013-01-01T00:00:00","Caddy .","front"
"Mitsubishi","18700","crossover","97","3.2","Diesel","yes","2009-01-01T00:00:00","Pajero Wagon","full"
"Nissan","94500","other","18","3.8","Petrol","yes","2014-01-01T00:00:00","GT-R","full"
"Audi","16999","vagon","140","4.2","Petrol","yes","2007-01-01T00:00:00","A6 Allroad","full"
"Land Rover","92000","crossover","0","5.0","Petrol","yes","2015-01-01T00:00:00","Range Rover Sport","full"
"Volkswagen","0","other","142","2.5","Diesel","yes","2007-01-01T00:00:00","Multivan","full"
"Mitsubishi","5900","sedan","170","1.6","Petrol","yes","2007-01-01T00:00:00","Lancer","front"
"ZAZ","5950","hatch","12","1.5","Petrol","yes","2015-01-01T00:00:00","Lanos","front"
"Nissan","19800","hatch","33","","Other","yes","2014-01-01T00:00:00","Leaf","front"
"Nissan","15444","hatch","61","","Other","yes","2013-01-01T00:00:00","Leaf","front"
"Hyundai","14900","sedan","74","2.4","Gas","yes","2012-01-01T00:00:00","Sonata","front"
"Nissan","12850","hatch","30","","Other","yes","2011-01-01T00:00:00","Leaf","front"
"Mitsubishi","9300","sedan","95","2.0","Petrol","yes","2008-01-01T00:00:00","Lancer X","front"
"Toyota","19500","crossover","150","4.0","Petrol","yes","2005-01-01T00:00:00","Land Cruiser Prado","full"
"Citroen","19000","sedan","123","1.6","Petrol","yes","2013-01-01T00:00:00","DS5","front"
"Lexus","43800","crossover","85","5.7","Gas","yes","2009-01-01T00:00:00","LX 570","full"
"Mercedes-Benz","32000","crossover","96","3.5","Petrol","yes","2010-01-01T00:00:00","ML 350","full"
"Toyota","10500","sedan","185","1.6","Petrol","yes","2008-01-01T00:00:00","Corolla","front"
"Hyundai","33500","sedan","0","2.4","Petrol","yes","2016-01-01T00:00:00","Sonata","front"
"Opel","4600","vagon","180","1.6","Petrol","yes","2000-01-01T00:00:00","Astra G","front"
"Chevrolet","5200","sedan","126","1.5","Gas","yes","2007-01-01T00:00:00","Aveo","front"
"Lexus","54500","crossover","118","5.7","Petrol","yes","2010-01-01T00:00:00","LX 570","full"
"Renault","2150","vagon","199","1.9","Diesel","no","2003-01-01T00:00:00","Laguna","front"
"BMW","1650","sedan","270","1.8","Petrol","no","1995-01-01T00:00:00","318","rear"
"BMW","3150","sedan","200","2.0","Diesel","no","1999-01-01T00:00:00","320","rear"
"Mercedes-Benz","45555","sedan","42","3.0","Diesel","yes","2011-01-01T00:00:00","S 350","rear"
"Volkswagen","16000","crossover","90","2.0","Petrol","yes","2011-01-01T00:00:00","Tiguan","full"
"Hyundai","21900","sedan","110","3.0","Petrol","yes","2012-01-01T00:00:00","Grandeur","front"
"Volkswagen","9555","van","152","1.6","Diesel","yes","2012-01-01T00:00:00","Caddy .","front"
"Volkswagen","10777","van","157","1.6","Diesel","yes","2012-01-01T00:00:00","Caddy .","front"
"Toyota","0","crossover","1","4.5","Diesel","yes","2016-01-01T00:00:00","Land Cruiser 200","full"
"Volkswagen","11000","vagon","171","1.9","Diesel","yes","2009-01-01T00:00:00","Golf Variant","front"
"Audi","0","vagon","0","3.0","Diesel","yes","2016-01-01T00:00:00","A6 Allroad","full"
"Nissan","94900","other","18","3.8","Petrol","yes","2013-01-01T00:00:00","GT-R","full"
"Volkswagen","12700","hatch","156","1.6","Diesel","yes","2011-01-01T00:00:00","Golf VI","front"
"Daewoo","2750","sedan","147","1.3","Petrol","yes","2003-01-01T00:00:00","Sens","front"
"BMW","99999","other","0","3.0","Petrol","yes","2016-01-01T00:00:00","640","full"
"VAZ","3100","sedan","160","1.5","Petrol","yes","2006-01-01T00:00:00","21099","front"
"Renault","4200","sedan","310","1.4","Petrol","yes","2003-01-01T00:00:00","Symbol","front"
"Volkswagen","17777","van","250","2.0","Diesel","yes","2010-01-01T00:00:00","T6  .","full"
"Mercedes-Benz","3799","sedan","210","2.0","Petrol","yes","1995-01-01T00:00:00","200","rear"
"Nissan","16238","hatch","27","","Other","yes","2013-01-01T00:00:00","Leaf","front"
"Mercedes-Benz","114999","crossover","0","3.0","Diesel","yes","2016-01-01T00:00:00","GLS 350","full"
"Ford","3050","sedan","260","1.6","Gas","yes","1994-01-01T00:00:00","Mondeo","front"
"Dodge","16000","other","138","5.7","Gas","yes","2006-01-01T00:00:00","RAM","full"
"Mercedes-Benz","14600","van","217","2.2","Diesel","yes","2012-01-01T00:00:00","Vito .","rear"
"Audi","7750","sedan","259","3.0","Diesel","no","2005-01-01T00:00:00","A6","full"
"BMW","16500","other","122","2.2","Petrol","yes","2005-01-01T00:00:00","520","rear"
"BMW","12600","sedan","219","3.6","Petrol","yes","2002-01-01T00:00:00","735","rear"
"Lexus","26900","crossover","161","4.7","Petrol","yes","2006-01-01T00:00:00","LX 470","full"
"BMW","3100","sedan","315","2.5","Diesel","no","1998-01-01T00:00:00","525","rear"
"Hyundai","20300","crossover","67","2.0","Diesel","yes","2012-01-01T00:00:00","IX35","full"
"Hyundai","20300","crossover","55","2.0","Diesel","yes","2012-01-01T00:00:00","IX35","full"
"Suzuki","10999","crossover","128","2.0","Gas","yes","2007-01-01T00:00:00","Grand Vitara","full"
"Renault","5900","van","250","1.9","Diesel","yes","2005-01-01T00:00:00","Trafic .","front"
"Lexus","15300","sedan","107","2.5","Petrol","yes","2007-01-01T00:00:00","IS 250","rear"
"Nissan","18888","crossover","116","5.6","Gas","yes","2007-01-01T00:00:00","Armada","full"
"VAZ","5450","sedan","67","1.6","Petrol","yes","2013-01-01T00:00:00","2170","front"
"Nissan","27694.134","crossover","1","1.6","Diesel","yes","2016-01-01T00:00:00","X-Trail","front"
"Fiat","4300","van","196","1.3","Diesel","yes","2004-01-01T00:00:00","Doblo .",""
"Volkswagen","8999","vagon","161","2.0","Diesel","yes","2008-01-01T00:00:00","Passat B6","front"
"BMW","20500","crossover","73","2.0","Petrol","yes","2011-01-01T00:00:00","X1","rear"
"Toyota","11800","sedan","189","2.4","Gas","yes","2007-01-01T00:00:00","Camry","front"
"Volkswagen","12800","vagon","167","1.6","Diesel","yes","2011-01-01T00:00:00","Golf Variant","front"
"VAZ","3350","hatch","190","1.6","Gas","yes","2008-01-01T00:00:00","2114","front"
"Subaru","12000","crossover","135","2.5","Petrol","yes","2008-01-01T00:00:00","Forester","full"
"Mercedes-Benz","24500","sedan","222","5.5","Petrol","yes","2005-01-01T00:00:00","S 550","rear"
"Kia","7850","hatch","87","1.6","Petrol","yes","2008-01-01T00:00:00","Ceed","front"
"BMW","5000","sedan","400","2.5","Petrol","yes","1991-01-01T00:00:00","525","rear"
"Lexus","16999","sedan","149","3.5","Petrol","yes","2007-01-01T00:00:00","GS 350","full"
"Mazda","21340.8","sedan","1","2.0","Petrol","yes","2015-01-01T00:00:00","6","front"
"Audi","25500","vagon","181","3.0","Petrol","yes","2009-01-01T00:00:00","A6 Allroad","full"
"Nissan","25000","hatch","2","","Other","yes","2015-01-01T00:00:00","Leaf","front"
"BMW","8200","sedan","210","3.5","Petrol","yes","1999-01-01T00:00:00","735","rear"
"Mercedes-Benz","11200","sedan","280","2.2","Diesel","yes","2005-01-01T00:00:00","E-Class","rear"
"Ford","7200","hatch","163","1.6","Petrol","yes","2005-01-01T00:00:00","C-Max","front"
"Lexus","115500","crossover","2","4.5","Diesel","yes","2016-01-01T00:00:00","LX 570","full"
"Mazda","12000","sedan","70","2.0","Petrol","yes","2008-01-01T00:00:00","6","front"
"BMW","37000","sedan","130","3.0","Petrol","yes","2011-01-01T00:00:00","535","full"
"Toyota","16800","crossover","165","2.7","Petrol","yes","2005-01-01T00:00:00","Land Cruiser Prado","full"
"Nissan","15000","crossover","23","2.0","Petrol","yes","2010-01-01T00:00:00","Qashqai","front"
"Nissan","16700","hatch","39","","Other","yes","2015-01-01T00:00:00","Leaf","front"
"BMW","3300","sedan","250","3.0","Diesel","no","2000-01-01T00:00:00","530","rear"
"Porsche","23999","crossover","119","4.8","Petrol","yes","2008-01-01T00:00:00","Cayenne","full"
"Fiat","6300","van","217","1.9","Diesel","yes","2005-01-01T00:00:00","Doblo .","front"
"Honda","14200","other","130","2.4","Petrol","yes","2009-01-01T00:00:00","Accord","front"
"Dodge","24500","other","73","8.3","Petrol","yes","2005-01-01T00:00:00","RAM","rear"
"Lexus","37000","sedan","64","4.6","Petrol","yes","2010-01-01T00:00:00","LS 460","full"
"Toyota","21950","crossover","141","2.7","Gas","yes","2010-01-01T00:00:00","Venza","full"
"Skoda","8200","vagon","135","1.6","Gas","yes","2007-01-01T00:00:00","Octavia Tour","front"
"Porsche","67000","sedan","33","4.8","Petrol","yes","2011-01-01T00:00:00","Panamera","full"
"Kia","21500","crossover","107","2.2","Diesel","yes","2011-01-01T00:00:00","Sorento","full"
"Porsche","112000","hatch","22","4.8","Petrol","yes","2014-01-01T00:00:00","Panamera","full"
"Kia","22999","crossover","72","2.2","Diesel","yes","2012-01-01T00:00:00","Sorento","full"
"Toyota","24999","crossover","153","4.0","Petrol","yes","2007-01-01T00:00:00","Land Cruiser Prado","full"
"Kia","22800","crossover","45","2.0","Diesel","yes","2013-01-01T00:00:00","Sportage","full"
"Lexus","18500","crossover","227","4.7","Petrol","yes","2002-01-01T00:00:00","LX 470","full"
"Mercedes-Benz","7600","van","240","2.2","Diesel","yes","2005-01-01T00:00:00","Vito .","rear"
"BMW","14900","vagon","221","2.0","Diesel","yes","2008-01-01T00:00:00","520","rear"
"Mercedes-Benz","5300","van","212","2.2","Diesel","yes","2000-01-01T00:00:00","Vito .","front"
"VAZ","800","other","150","1.5","Petrol","yes","2002-01-01T00:00:00","2108","front"
"Daewoo","3900","sedan","64","1.4","Gas","yes","2008-01-01T00:00:00","Lanos","front"
"Volkswagen","13700","other","103","2.0","Diesel","yes","2011-01-01T00:00:00","Passat B6",""
"BMW","2550","vagon","312","2.5","Diesel","no","1999-01-01T00:00:00","525","rear"
"Toyota","13300","other","131","2.4","Gas","yes","2008-01-01T00:00:00","Camry","front"
"Skoda","6950","vagon","138","1.2","Gas","yes","2009-01-01T00:00:00","Fabia","front"
"Peugeot","6800","hatch","146","1.6","Petrol","yes","2007-01-01T00:00:00","207","front"
"Mazda","15600","crossover","79","3.5","Petrol","yes","2008-01-01T00:00:00","CX-9","full"
"Toyota","12200","sedan","185","3.5","Petrol","yes","2008-01-01T00:00:00","Camry","front"
"Mazda","2900","sedan","375","1.8","Petrol","yes","1995-01-01T00:00:00","626","front"
"Mercedes-Benz","22900","sedan","197","2.2","Diesel","yes","2010-01-01T00:00:00","E-Class","rear"
"Hyundai","22800","crossover","0","2.0","Petrol","yes","2016-01-01T00:00:00","Tucson","front"
"Mazda","6700","sedan","213","2.0","Gas","yes","2003-01-01T00:00:00","6","front"
"BMW","45000","sedan","110","","Other","yes","2012-01-01T00:00:00","535","full"
"Mercedes-Benz","11500","van","180","2.2","Diesel","yes","2011-01-01T00:00:00","Vito .","rear"
"Renault","12300","sedan","99","2.5","Petrol","yes","2011-01-01T00:00:00","Latitude","front"
"Volkswagen","15500","sedan","80","1.4","Petrol","yes","2013-01-01T00:00:00","Jetta","front"
"Toyota","28600","crossover","66","2.2","Diesel","yes","2013-01-01T00:00:00","Rav 4","full"
"Mercedes-Benz","14900","sedan","171","3.2","Gas","yes","2006-01-01T00:00:00","E-Class","full"
"BMW","26999","sedan","131","2.0","Diesel","yes","2011-01-01T00:00:00","520","rear"
"Toyota","13250","sedan","96","2.4","Gas","yes","2008-01-01T00:00:00","Rav 4","front"
"Daewoo","3450","sedan","140","1.5","Gas","yes","2007-01-01T00:00:00","Lanos","front"
"Jeep","40000","crossover","45","3.0","Diesel","yes","2012-01-01T00:00:00","Grand Cherokee","full"
"Kia","5500","sedan","150","2.0","Petrol","yes","2004-01-01T00:00:00","Magentis","front"
"Dodge","0","other","0","3.0","Diesel","yes","2015-01-01T00:00:00","RAM","full"
"Great Wall","10500","other","32","2.0","Petrol","yes","2013-01-01T00:00:00","Haval",""
"Mercedes-Benz","10900","van","191","2.2","Diesel","yes","2007-01-01T00:00:00","Vito .","rear"
"Toyota","99999","crossover","0","4.5","Diesel","yes","2016-01-01T00:00:00","Land Cruiser 200","full"
"Mazda","26500","sedan","26","2.5","Petrol","yes","2014-01-01T00:00:00","6","front"
"BMW","13300","vagon","157","2.0","Diesel","yes","2007-01-01T00:00:00","520","rear"
"Audi","72000","sedan","55","6.3","Petrol","yes","2012-01-01T00:00:00","A8","full"
"Skoda","14900","hatch","87","1.8","Petrol","yes","2012-01-01T00:00:00","Octavia A5","front"
"Mercedes-Benz","0","van","190","2.2","Diesel","yes","2007-01-01T00:00:00","Vito .","rear"
"Land Rover","164999","crossover","1","4.4","Diesel","yes","2016-01-01T00:00:00","Range Rover","full"
"Hyundai","26000","crossover","33","2.0","Diesel","yes","2013-01-01T00:00:00","IX35","full"
"Toyota","8700","sedan","131","1.6","Gas","yes","2007-01-01T00:00:00","Corolla","front"
"Nissan","15000","other","30","","Other","yes","2013-01-01T00:00:00","Leaf","front"
"Nissan","95000","other","3","3.8","Petrol","yes","2013-01-01T00:00:00","GT-R",""
"Honda","20850","crossover","114","3.5","Gas","yes","2009-01-01T00:00:00","Pilot","full"
"Subaru","38000","crossover","0","2.0","Petrol","yes","2016-01-01T00:00:00","Forester","full"
"Chevrolet","11280.79875","sedan","1","1.4","Petrol","yes","2016-01-01T00:00:00","Aveo","front"
"Volkswagen","11500","sedan","119","2.0","Diesel","yes","2007-01-01T00:00:00","Passat B6","front"
"Opel","5650","sedan","151","1.4","Petrol","yes","2008-01-01T00:00:00","Astra G",""
"Volkswagen","10974.21","sedan","1","1.6","Petrol","yes","2015-01-01T00:00:00","Polo","front"
"Skoda","10900","hatch","163","1.8","Petrol","yes","2006-01-01T00:00:00","Octavia","front"
"Ford","53900","other","1","2.3","Petrol","yes","2016-01-01T00:00:00","Mustang","rear"
"ZAZ","7039.5","hatch","1","1.5","Petrol","yes","2015-01-01T00:00:00","Lanos","front"
"BMW","3500","sedan","272","2.0","Diesel","yes","2000-01-01T00:00:00","320","rear"
"Mazda","14800","sedan","30","2.0","Petrol","yes","2009-01-01T00:00:00","6","front"
"Daewoo","3950","other","113","1.5","Other","yes","2006-01-01T00:00:00","Lanos","front"
"Audi","36100","sedan","75","3.0","Diesel","yes","2011-01-01T00:00:00","A7","full"
"Mercedes-Benz","0","crossover","1","3.0","Diesel","yes","2016-01-01T00:00:00","GLS 350","full"
"Renault","12200","van","164","2.5","Diesel","yes","2009-01-01T00:00:00","Trafic .","front"
"Mercedes-Benz","29500","crossover","253","5.0","Petrol","yes","2003-01-01T00:00:00","G 500","full"
"Mercedes-Benz","71999","crossover","0","2.2","Diesel","yes","2016-01-01T00:00:00","GLE-Class","full"
"Porsche","49500","crossover","60","3.6","Petrol","yes","2012-01-01T00:00:00","Cayenne","full"
"BMW","29500","crossover","189","3.0","Diesel","yes","2009-01-01T00:00:00","X5","full"
"Ford","13893.75","sedan","119","2.0","Petrol","yes","2011-01-01T00:00:00","Mondeo","front"
"BMW","39000","crossover","180","3.0","Diesel","yes","2011-01-01T00:00:00","X5","full"
"Dodge","0","other","0","3.0","Diesel","yes","2015-01-01T00:00:00","RAM","full"
"Fiat","4599","van","165","1.3","Diesel","yes","2007-01-01T00:00:00","Doblo .","front"
"Chevrolet","6950","sedan","32","1.6","Petrol","yes","2008-01-01T00:00:00","Aveo","front"
"BMW","10700","sedan","243","3.0","Diesel","yes","2002-01-01T00:00:00","530","rear"
"Daewoo","4200","sedan","99","1.5","Petrol","yes","2008-01-01T00:00:00","Lanos","front"
"Honda","7000","crossover","253","2.0","Petrol","yes","2001-01-01T00:00:00","CR-V","full"
"Porsche","81000","sedan","20","3.6","Petrol","yes","2014-01-01T00:00:00","Panamera","full"
"Nissan","13999","sedan","121","3.5","Petrol","yes","2010-01-01T00:00:00","Teana","front"
"Land Rover","14000","crossover","230","3.6","Diesel","no","2007-01-01T00:00:00","Range Rover","full"
"Chevrolet","7100","sedan","125","2.0","Gas","yes","2007-01-01T00:00:00","Epica","front"
"Subaru","8800","crossover","175","2.0","Gas","yes","2006-01-01T00:00:00","Forester","full"
"Toyota","14400","crossover","119","","Gas","yes","2008-01-01T00:00:00","Rav 4","full"
"Daewoo","3200","sedan","200","1.5","Gas","yes","2004-01-01T00:00:00","Lanos","front"
"Toyota","12800","sedan","145","2.4","Petrol","yes","2008-01-01T00:00:00","Camry","front"
"VAZ","1850","sedan","60","","Other","yes","1989-01-01T00:00:00","2106",""
"Volkswagen","0","other","440","1.4","Petrol","yes","2008-01-01T00:00:00","Eos","front"
"BMW","31500","crossover","130","3.0","Diesel","yes","2010-01-01T00:00:00","X5","full"
"BMW","33700","crossover","134","4.4","Petrol","yes","2009-01-01T00:00:00","X6","full"
"Volkswagen","9999","vagon","161","2.0","Diesel","yes","2008-01-01T00:00:00","Passat B6","front"
"Land Rover","45500","crossover","112","3.0","Diesel","yes","2012-01-01T00:00:00","Range Rover Sport","full"
"BMW","20999","crossover","170","4.8","Petrol","yes","2008-01-01T00:00:00","X5","full"
"Toyota","20900","sedan","70","2.5","Petrol","yes","2012-01-01T00:00:00","Camry","front"
"BMW","20500","other","114","","Other","yes","2008-01-01T00:00:00","325",""
"Mitsubishi","13499","crossover","116","2.4","Petrol","yes","2008-01-01T00:00:00","Outlander XL","full"
"Mitsubishi","7999","sedan","78","1.5","Gas","yes","2011-01-01T00:00:00","Lancer X","front"
"Land Rover","35700","crossover","90","5.0","Petrol","yes","2012-01-01T00:00:00","Range Rover","full"
"Toyota","14800","crossover","150","","Gas","yes","2006-01-01T00:00:00","Land Cruiser Prado","full"
"Lexus","17999","sedan","61","3.5","Petrol","yes","2009-01-01T00:00:00","GS 350","full"
"Honda","13300","sedan","148","","Petrol","yes","2009-01-01T00:00:00","Accord","front"
"Hyundai","13300","crossover","110","2.2","Diesel","yes","2008-01-01T00:00:00","Santa FE","full"
"Mercedes-Benz","6999","sedan","200","2.6","Gas","yes","2001-01-01T00:00:00","C-Class","rear"
"Mitsubishi","13300","crossover","135","3.0","Petrol","yes","2009-01-01T00:00:00","Outlander XL","full"
"Kia","22800","crossover","58","2.0","Diesel","yes","2013-01-01T00:00:00","Sportage","full"
"Mitsubishi","13900","crossover","127","3.0","Petrol","yes","2008-01-01T00:00:00","Outlander XL","full"
"Mitsubishi","11800","crossover","120","3.0","Petrol","yes","2008-01-01T00:00:00","Outlander XL","full"
"Lexus","21300","crossover","112","3.5","Gas","yes","2008-01-01T00:00:00","RX 350","full"
"Kia","22300","crossover","48","2.0","Diesel","yes","2014-01-01T00:00:00","Sportage","full"
"Mitsubishi","12700","crossover","110","2.4","Gas","yes","2008-01-01T00:00:00","Outlander XL","full"
"Audi","17700","other","70","2.0","Petrol","yes","2009-01-01T00:00:00","TT",""
"Hyundai","13900","crossover","103","2.2","Diesel","yes","2007-01-01T00:00:00","Santa FE","full"
"Nissan","16900","crossover","131","5.6","Petrol","yes","2007-01-01T00:00:00","Armada","full"
"Land Rover","40900","crossover","90","3.6","Diesel","yes","2011-01-01T00:00:00","Range Rover Sport","full"
"SsangYong","8200","crossover","108","2.0","Diesel","yes","2007-01-01T00:00:00","Actyon","full"
"Toyota","23300","crossover","40","2.0","Petrol","yes","2014-01-01T00:00:00","Rav 4","full"
"Skoda","6400","hatch","130","1.4","Petrol","yes","2008-01-01T00:00:00","Fabia","front"
"Chevrolet","5800","crossover","81","1.7","Gas","yes","2007-01-01T00:00:00","Niva","full"
"Nissan","12300","crossover","88","2.0","Petrol","yes","2009-01-01T00:00:00","Qashqai","front"
"Renault","4350","van","198","1.5","Diesel","yes","2004-01-01T00:00:00","Kangoo .","front"
"Smart","8200","other","69","1.0","Petrol","yes","2009-01-01T00:00:00","Fortwo","rear"
"Hyundai","24250","crossover","1","2.0","Petrol","yes","2016-01-01T00:00:00","Tucson","full"
"Seat","9000","hatch","70","1.4","Petrol","yes","2011-01-01T00:00:00","Leon","front"
"Toyota","25500","other","103","3.5","Petrol","yes","2010-01-01T00:00:00","Venza","full"
"BMW","36400","crossover","80","3.0","Petrol","yes","2011-01-01T00:00:00","X5","full"
"Chevrolet","34000","other","80","6.0","Petrol","yes","2006-01-01T00:00:00","Corvette","rear"
"Nissan","28502.565","crossover","1","2.0","Petrol","yes","2014-01-01T00:00:00","X-Trail","full"
"Mercedes-Benz","13700","van","198","3.2","Gas","yes","2006-01-01T00:00:00","Viano .","rear"
"Hyundai","18800","crossover","27","2.0","Petrol","yes","2012-01-01T00:00:00","IX35","full"
"Toyota","10100","sedan","142","2.4","Petrol","yes","2007-01-01T00:00:00","Camry","front"
"Mercedes-Benz","13600","van","199","2.2","Diesel","yes","2009-01-01T00:00:00","Vito .","rear"
"Mazda","6699","sedan","152","2.0","Petrol","yes","2004-01-01T00:00:00","6","front"
"Hyundai","12200","crossover","92","","Petrol","yes","2009-01-01T00:00:00","Tucson","full"
"Nissan","16500","crossover","60","1.6","Petrol","yes","2013-01-01T00:00:00","Qashqai","front"
"Toyota","25250","crossover","112","4.5","Gas","yes","2007-01-01T00:00:00","Land Cruiser 100","full"
"Volkswagen","4999","van","225","","Other","no","2003-01-01T00:00:00","Caravelle",""
"Volkswagen","10400","sedan","87","1.6","Petrol","yes","2011-01-01T00:00:00","Polo","front"
"Mazda","16900","sedan","65","2.5","Petrol","yes","2011-01-01T00:00:00","6","front"
"Audi","9999","sedan","190","2.5","Diesel","yes","2003-01-01T00:00:00","A6","front"
"Toyota","65000","other","60","4.5","Diesel","yes","2013-01-01T00:00:00","Land Cruiser 200","full"
"BMW","22700","crossover","216","4.8","Petrol","yes","2007-01-01T00:00:00","X5","full"
"Audi","8800","sedan","205","1.8","Petrol","yes","2003-01-01T00:00:00","A4","front"
"VAZ","1499","hatch","74","1.5","Other","yes","1989-01-01T00:00:00","2108","front"
"Toyota","33333","vagon","73","4.0","Gas","yes","2009-01-01T00:00:00","FJ Cruiser","full"
"Toyota","85000","crossover","1","4.5","Diesel","yes","2016-01-01T00:00:00","Land Cruiser 200","full"
"Opel","5100","sedan","155","1.4","Petrol","yes","2006-01-01T00:00:00","Astra G","front"
"Ford","8400","hatch","56","1.25","Petrol","yes","2012-01-01T00:00:00","Fiesta","front"
"Hyundai","12999","crossover","145","2.7","Petrol","yes","2009-01-01T00:00:00","Santa FE","full"
"Subaru","12000","vagon","115","2.5","Petrol","yes","2008-01-01T00:00:00","Forester","full"
"BMW","75000","crossover","16","3.0","Diesel","yes","2015-01-01T00:00:00","X6","full"
"Renault","10500","vagon","165","1.5","Diesel","yes","2012-01-01T00:00:00","Megane","front"
"Ford","9000","hatch","130","1.6","Gas","yes","2010-01-01T00:00:00","Focus","front"
"Porsche","22500","crossover","174","3.2","Gas","yes","2006-01-01T00:00:00","Cayenne","full"
"Volkswagen","8500","van","184","2.0","Diesel","yes","2007-01-01T00:00:00","Caddy .","front"
"Honda","9300","sedan","211","2.4","Gas","yes","2005-01-01T00:00:00","Accord","front"
"Skoda","8700","hatch","115","1.6","Petrol","yes","2010-01-01T00:00:00","Fabia","front"
"Ford","5350","hatch","142","1.3","Petrol","yes","2006-01-01T00:00:00","Fiesta","front"
"Smart","7000","other","74","1.0","Petrol","yes","2011-01-01T00:00:00","Fortwo","rear"
"VAZ","2800","hatch","200","1.6","Petrol","yes","2005-01-01T00:00:00","2112","front"
"Volkswagen","7170","van","176","2.0","Diesel","yes","2005-01-01T00:00:00","Caddy .","front"
"BMW","3350","vagon","295","2.0","Diesel","no","2002-01-01T00:00:00","320","rear"
"Hyundai","9500","sedan","155","3.3","Petrol","yes","2006-01-01T00:00:00","Sonata","front"
"Honda","13000","sedan","119","2.4","Other","yes","2008-01-01T00:00:00","Accord","front"
"Audi","31700","sedan","32","1.8","Petrol","yes","2014-01-01T00:00:00","A4","front"
"Ford","15400","vagon","92","1.6","Gas","yes","2013-01-01T00:00:00","Focus","front"
"Audi","2999","vagon","320","","Diesel","no","1999-01-01T00:00:00","A6","front"
"Audi","29000","vagon","213","3.0","Diesel","yes","2010-01-01T00:00:00","A6 Allroad","full"
"Porsche","27300","crossover","136","4.8","Petrol","yes","2009-01-01T00:00:00","Cayenne","full"
"BMW","3800","sedan","304","1.9","Gas","no","2000-01-01T00:00:00","318","rear"
"Daewoo","2650","sedan","165","1.5","Gas","yes","2007-01-01T00:00:00","Lanos","front"
"Volkswagen","19995","hatch","68","1.4","Petrol","yes","2013-01-01T00:00:00","Scirocco","front"
"BMW","4400","sedan","260","2.0","Gas","yes","1990-01-01T00:00:00","520","rear"
"Toyota","14700","sedan","141","3.5","Petrol","yes","2008-01-01T00:00:00","Camry","front"
"Hyundai","10800","crossover","212","2.0","Diesel","yes","2009-01-01T00:00:00","Tucson","full"
"Volkswagen","8000","hatch","41","1.0","Petrol","yes","2012-01-01T00:00:00","Up","front"
"Opel","4700","hatch","233","1.4","Petrol","yes","1999-01-01T00:00:00","Astra G","front"
"Porsche","69900","crossover","40","3.0","Petrol","yes","2013-01-01T00:00:00","Panamera","rear"
"Audi","73500","sedan","53","6.3","Petrol","yes","2013-01-01T00:00:00","A8","full"
"Opel","10900","other","143","1.3","Diesel","yes","2012-01-01T00:00:00","Astra J","front"
"VAZ","4500","hatch","82","1.6","Petrol","yes","2012-01-01T00:00:00","2114","front"
"Porsche","51900","sedan","57","3.6","Petrol","yes","2011-01-01T00:00:00","Panamera","full"
"Volkswagen","17200","other","15","1.2","Petrol","yes","2014-01-01T00:00:00","Golf VII","front"
"BMW","35500","crossover","33","2.0","Diesel","yes","2014-01-01T00:00:00","X1","full"
"Nissan","16500","hatch","11","","Other","yes","2015-01-01T00:00:00","Leaf","front"
"Volkswagen","30000","van","135","2.0","Diesel","yes","2011-01-01T00:00:00","Multivan","front"
"Honda","11500","crossover","147","2.0","Petrol","yes","2004-01-01T00:00:00","CR-V","full"
"Mercedes-Benz","69900","crossover","69","3.0","Diesel","yes","2014-01-01T00:00:00","GL 350","full"
"Citroen","8200","van","170","1.6","Diesel","yes","2008-01-01T00:00:00","Jumpy .","front"
"Kia","5400","hatch","124","1.1","Petrol","yes","2007-01-01T00:00:00","Picanto","front"
"BMW","34900","crossover","117","3.0","Petrol","yes","2011-01-01T00:00:00","X5","full"
