"Country","Region","Population","Area (sq. mi.)","Pop. Density (per sq. mi.)","Coastline (coast/area ratio)","Net migration","Infant mortality (per 1000 births)","GDP ($ per capita)","Literacy (%)","Phones (per 1000)","Arable (%)","Crops (%)","Other (%)","Climate","Birthrate","Deathrate","Agriculture","Industry","Service"
"Afghanistan","ASIA","31056997","647500","480.0","0.0","2306.0","16307.0","700","360.0","32.0","1213.0","22.0","8765.0","1.0","466.0","2034.0","38.0","24.0","38.0"
"Albania","EASTERN EUROPE","3581655","28748","1246.0","126.0","-493.0","2152.0","4500","865.0","712.0","2109.0","442.0","7449.0","3.0","1511.0","522.0","232.0","188.0","579.0"
"Algeria","NORTHERN AFRICA","32930091","2381740","138.0","4.0","-39.0","31.0","6000","700.0","781.0","322.0","25.0","9653.0","1.0","1714.0","461.0","101.0","6.0","298.0"
"American Samoa","OCEANIA","57794","199","2904.0","5829.0","-2071.0","927.0","8000","970.0","2595.0","10.0","15.0","75.0","2.0","2246.0","327.0","","",""
"Andorra","WESTERN EUROPE","71201","468","1521.0","0.0","66.0","405.0","19000","1000.0","4972.0","222.0","0.0","9778.0","3.0","871.0","625.0","","",""
"Angola","SUB-SAHARAN AFRICA","12127071","1246700","97.0","13.0","0.0","19119.0","1900","420.0","78.0","241.0","24.0","9735.0","","4511.0","242.0","96.0","658.0","246.0"
"Anguilla","LATIN AMER. & CARIB","13477","102","1321.0","5980.0","1076.0","2103.0","8600","950.0","4600.0","0.0","0.0","100.0","2.0","1417.0","534.0","4.0","18.0","78.0"
"Antigua & Barbuda","LATIN AMER. & CARIB","69108","443","1560.0","3454.0","-615.0","1946.0","11000","890.0","5499.0","1818.0","455.0","7727.0","2.0","1693.0","537.0","38.0","22.0","743.0"
"Argentina","LATIN AMER. & CARIB","39921833","2766890","144.0","18.0","61.0","1518.0","11200","971.0","2204.0","1231.0","48.0","8721.0","3.0","1673.0","755.0","95.0","358.0","547.0"
"Armenia","C.W. OF IND. STATES","2976372","29800","999.0","0.0","-647.0","2328.0","3500","986.0","1957.0","1755.0","23.0","8015.0","4.0","1207.0","823.0","239.0","343.0","418.0"
"Aruba","LATIN AMER. & CARIB","71891","193","3725.0","3549.0","0.0","589.0","28000","970.0","5161.0","1053.0","0.0","8947.0","2.0","1103.0","668.0","4.0","333.0","663.0"
"Australia","OCEANIA","20264082","7686850","26.0","34.0","398.0","469.0","29000","1000.0","5655.0","655.0","4.0","9341.0","1.0","1214.0","751.0","38.0","262.0","7.0"
"Austria","WESTERN EUROPE","8192880","83870","977.0","0.0","2.0","466.0","30000","980.0","4522.0","1691.0","86.0","8223.0","3.0","874.0","976.0","18.0","304.0","678.0"
"Azerbaijan","C.W. OF IND. STATES","7961619","86600","919.0","0.0","-49.0","8174.0","3400","970.0","1371.0","1963.0","271.0","7766.0","1.0","2074.0","975.0","141.0","457.0","402.0"
"Bahamas, The","LATIN AMER. & CARIB","303770","13940","218.0","2541.0","-22.0","2521.0","16700","956.0","4606.0","8.0","4.0","988.0","2.0","1757.0","905.0","3.0","7.0","9.0"
"Bahrain","NEAR EAST","698585","665","10505.0","2421.0","105.0","1727.0","16900","891.0","2813.0","282.0","563.0","9155.0","1.0","178.0","414.0","5.0","387.0","608.0"
"Bangladesh","ASIA","147365352","144000","10234.0","40.0","-71.0","626.0","1900","431.0","73.0","6211.0","307.0","3482.0","2.0","298.0","827.0","199.0","198.0","603.0"
"Barbados","LATIN AMER. & CARIB","279912","431","6495.0","2251.0","-31.0","125.0","15700","974.0","4819.0","3721.0","233.0","6046.0","2.0","1271.0","867.0","6.0","16.0","78.0"
"Belarus","C.W. OF IND. STATES","10293011","207600","496.0","0.0","254.0","1337.0","6100","996.0","3191.0","2955.0","6.0","6985.0","4.0","1116.0","1402.0","93.0","316.0","591.0"
"Belgium","WESTERN EUROPE","10379067","30528","3400.0","22.0","123.0","468.0","29100","980.0","4626.0","2328.0","4.0","7632.0","3.0","1038.0","1027.0","1.0","24.0","749.0"
"Belize","LATIN AMER. & CARIB","287730","22966","125.0","168.0","0.0","2569.0","4900","941.0","1157.0","285.0","171.0","9544.0","2.0","2884.0","572.0","142.0","152.0","612.0"
"Benin","SUB-SAHARAN AFRICA","7862944","112620","698.0","11.0","0.0","85.0","1100","409.0","97.0","1808.0","24.0","7952.0","2.0","3885.0","1222.0","316.0","138.0","546.0"
"Bermuda","NORTHERN AMERICA","65773","53","12410.0","19434.0","249.0","853.0","36000","980.0","8514.0","20.0","0.0","80.0","2.0","114.0","774.0","1.0","1.0","89.0"
"Bhutan","ASIA","2279723","47000","485.0","0.0","0.0","10044.0","1300","422.0","143.0","309.0","43.0","9648.0","2.0","3365.0","127.0","258.0","379.0","363.0"
"Bolivia","LATIN AMER. & CARIB","8989046","1098580","82.0","0.0","-132.0","5311.0","2400","872.0","719.0","267.0","19.0","9714.0","15.0","233.0","753.0","128.0","352.0","52.0"
"Bosnia & Herzegovina","EASTERN EUROPE","4498976","51129","880.0","4.0","31.0","2105.0","6100","","2154.0","136.0","296.0","8344.0","4.0","877.0","827.0","142.0","308.0","55.0"
"Botswana","SUB-SAHARAN AFRICA","1639833","600370","27.0","0.0","0.0","5458.0","9000","798.0","805.0","65.0","1.0","9934.0","1.0","2308.0","295.0","24.0","469.0","507.0"
"Brazil","LATIN AMER. & CARIB","188078227","8511965","221.0","9.0","-3.0","2961.0","7600","864.0","2253.0","696.0","9.0","9215.0","2.0","1656.0","617.0","84.0","4.0","516.0"
"British Virgin Is.","LATIN AMER. & CARIB","23098","153","1510.0","5229.0","1001.0","1805.0","16000","978.0","5065.0","20.0","667.0","7333.0","2.0","1489.0","442.0","18.0","62.0","92.0"
"Brunei","ASIA","379444","5770","658.0","279.0","359.0","1261.0","18600","939.0","2372.0","57.0","76.0","9867.0","2.0","1879.0","345.0","36.0","561.0","403.0"
"Bulgaria","EASTERN EUROPE","7385367","110910","666.0","32.0","-458.0","2055.0","7600","986.0","3363.0","4002.0","192.0","5806.0","3.0","965.0","1427.0","93.0","304.0","603.0"
"Burkina Faso","SUB-SAHARAN AFRICA","13902972","274200","507.0","0.0","0.0","9757.0","1100","266.0","70.0","1443.0","19.0","8538.0","2.0","4562.0","156.0","322.0","196.0","482.0"
"Burma","ASIA","47382633","678500","698.0","28.0","-18.0","6724.0","1800","853.0","101.0","1519.0","97.0","8384.0","2.0","1791.0","983.0","564.0","82.0","353.0"
"Burundi","SUB-SAHARAN AFRICA","8090068","27830","2907.0","0.0","-6.0","6929.0","600","516.0","34.0","3505.0","1402.0","5093.0","2.0","4222.0","1346.0","463.0","203.0","334.0"
"Cambodia","ASIA","13881427","181040","767.0","24.0","0.0","7148.0","1900","694.0","26.0","2096.0","61.0","7843.0","2.0","269.0","906.0","35.0","3.0","35.0"
"Cameroon","SUB-SAHARAN AFRICA","17340702","475440","365.0","8.0","0.0","6826.0","1800","790.0","57.0","1281.0","258.0","8461.0","15.0","3389.0","1347.0","448.0","17.0","382.0"
"Canada","NORTHERN AMERICA","33098932","9984670","33.0","202.0","596.0","475.0","29800","970.0","5522.0","496.0","2.0","9502.0","","1078.0","78.0","22.0","294.0","684.0"
"Cape Verde","SUB-SAHARAN AFRICA","420979","4033","1044.0","2393.0","-1207.0","4777.0","1400","766.0","1696.0","968.0","5.0","8982.0","3.0","2487.0","655.0","121.0","219.0","66.0"
"Cayman Islands","LATIN AMER. & CARIB","45436","262","1734.0","6107.0","1875.0","819.0","35000","980.0","8363.0","385.0","0.0","9615.0","2.0","1274.0","489.0","14.0","32.0","954.0"
"Central African Rep.","SUB-SAHARAN AFRICA","4303356","622984","69.0","0.0","0.0","91.0","1100","510.0","23.0","31.0","14.0","9676.0","2.0","3391.0","1865.0","55.0","2.0","25.0"
"Chad","SUB-SAHARAN AFRICA","9944201","1284000","77.0","0.0","-11.0","9382.0","1200","475.0","13.0","286.0","2.0","9712.0","2.0","4573.0","1638.0","335.0","259.0","406.0"
"Chile","LATIN AMER. & CARIB","16134219","756950","213.0","85.0","0.0","88.0","9900","962.0","2130.0","265.0","42.0","9693.0","3.0","1523.0","581.0","6.0","493.0","447.0"
"China","ASIA","1313973713","9596960","1369.0","15.0","-4.0","2418.0","5000","909.0","2667.0","154.0","125.0","8335.0","15.0","1325.0","697.0","125.0","473.0","403.0"
"Colombia","LATIN AMER. & CARIB","43593035","1138910","383.0","28.0","-31.0","2097.0","6300","925.0","1762.0","242.0","167.0","9591.0","2.0","2048.0","558.0","125.0","342.0","533.0"
"Comoros","SUB-SAHARAN AFRICA","690948","2170","3184.0","1567.0","0.0","7493.0","700","565.0","245.0","3587.0","2332.0","4081.0","2.0","3693.0","82.0","4.0","4.0","56.0"
"Congo, Dem. Rep.","SUB-SAHARAN AFRICA","62660551","2345410","267.0","0.0","0.0","9469.0","700","655.0","2.0","296.0","52.0","9652.0","2.0","4369.0","1327.0","55.0","11.0","34.0"
"Congo, Repub. of the","SUB-SAHARAN AFRICA","3702314","342000","108.0","5.0","-17.0","9386.0","700","838.0","37.0","51.0","13.0","9936.0","2.0","4257.0","1293.0","62.0","57.0","369.0"
"Cook Islands","OCEANIA","21388","240","891.0","5000.0","","","5000","950.0","2899.0","1739.0","1304.0","6957.0","2.0","21.0","","151.0","96.0","753.0"
"Costa Rica","LATIN AMER. & CARIB","4075261","51100","798.0","252.0","51.0","995.0","9100","960.0","3407.0","441.0","588.0","8971.0","2.0","1832.0","436.0","88.0","299.0","614.0"
"Cote d'Ivoire","SUB-SAHARAN AFRICA","17654843","322460","548.0","16.0","-7.0","9083.0","1400","509.0","146.0","975.0","1384.0","7641.0","2.0","3511.0","1484.0","279.0","171.0","55.0"
"Croatia","EASTERN EUROPE","4494749","56542","795.0","1032.0","158.0","684.0","10600","985.0","4204.0","2609.0","227.0","7165.0","","961.0","1148.0","7.0","308.0","622.0"
"Cuba","LATIN AMER. & CARIB","11382820","110860","1027.0","337.0","-158.0","633.0","2900","970.0","747.0","3305.0","76.0","5935.0","2.0","1189.0","722.0","55.0","261.0","684.0"
"Cyprus","NEAR EAST","784301","9250","848.0","701.0","43.0","718.0","19200","976.0","","779.0","444.0","8777.0","3.0","1256.0","768.0","37.0","198.0","765.0"
"Czech Republic","EASTERN EUROPE","10235455","78866","1298.0","0.0","97.0","393.0","15700","999.0","3143.0","398.0","305.0","5715.0","3.0","902.0","1059.0","34.0","393.0","573.0"
"Denmark","WESTERN EUROPE","5450661","43094","1265.0","1697.0","248.0","456.0","31100","1000.0","6146.0","5402.0","19.0","4579.0","3.0","1113.0","1036.0","18.0","246.0","735.0"
"Djibouti","SUB-SAHARAN AFRICA","486530","23000","212.0","137.0","0.0","10413.0","1300","679.0","228.0","4.0","0.0","9996.0","1.0","3953.0","1931.0","179.0","225.0","596.0"
"Dominica","LATIN AMER. & CARIB","68910","754","914.0","1963.0","-1387.0","1415.0","5400","940.0","3048.0","667.0","20.0","7333.0","2.0","1527.0","673.0","177.0","328.0","495.0"
"Dominican Republic","LATIN AMER. & CARIB","9183984","48730","1885.0","264.0","-322.0","3238.0","6000","847.0","974.0","2265.0","1033.0","6702.0","2.0","2322.0","573.0","112.0","306.0","582.0"
"East Timor","ASIA","1062777","15007","708.0","470.0","0.0","4741.0","500","586.0","","471.0","67.0","9462.0","2.0","2699.0","624.0","85.0","231.0","684.0"
"Ecuador","LATIN AMER. & CARIB","13547510","283560","478.0","79.0","-858.0","2366.0","3300","925.0","1256.0","585.0","493.0","8922.0","2.0","2229.0","423.0","7.0","312.0","618.0"
"Egypt","NORTHERN AFRICA","78887007","1001450","788.0","24.0","-22.0","3259.0","4000","577.0","1318.0","287.0","48.0","9665.0","1.0","2294.0","523.0","149.0","357.0","493.0"
"El Salvador","LATIN AMER. & CARIB","6822378","21040","3243.0","146.0","-374.0","251.0","4800","802.0","1424.0","3185.0","1207.0","5608.0","2.0","2661.0","578.0","99.0","302.0","599.0"
"Equatorial Guinea","SUB-SAHARAN AFRICA","540109","28051","193.0","106.0","0.0","8513.0","2700","857.0","185.0","463.0","357.0","918.0","2.0","3559.0","1506.0","3.0","906.0","62.0"
"Eritrea","SUB-SAHARAN AFRICA","4786994","121320","395.0","184.0","0.0","7487.0","700","586.0","79.0","495.0","3.0","9502.0","15.0","3433.0","96.0","102.0","254.0","643.0"
"Estonia","BALTICS","1324333","45226","293.0","839.0","-316.0","787.0","12300","998.0","3338.0","1604.0","45.0","8351.0","3.0","1004.0","1325.0","4.0","294.0","666.0"
"Ethiopia","SUB-SAHARAN AFRICA","74777981","1127127","663.0","0.0","0.0","9532.0","700","427.0","82.0","1071.0","75.0","8854.0","2.0","3798.0","1486.0","475.0","99.0","426.0"
"Faroe Islands","WESTERN EUROPE","47246","1399","338.0","7984.0","141.0","624.0","22000","","5038.0","214.0","0.0","9786.0","","1405.0","87.0","27.0","11.0","62.0"
"Fiji","OCEANIA","905949","18270","496.0","618.0","-314.0","1262.0","5800","937.0","1126.0","1095.0","465.0","844.0","2.0","2255.0","565.0","89.0","135.0","776.0"
"Finland","WESTERN EUROPE","5231372","338145","155.0","37.0","95.0","357.0","27400","1000.0","4053.0","719.0","3.0","9278.0","3.0","1045.0","986.0","28.0","295.0","676.0"
"France","WESTERN EUROPE","60876136","547030","1113.0","63.0","66.0","426.0","27600","990.0","5864.0","3353.0","207.0","644.0","4.0","1199.0","914.0","22.0","214.0","764.0"
"French Guiana","LATIN AMER. & CARIB","199509","91000","22.0","42.0","627.0","1207.0","8300","830.0","2556.0","14.0","5.0","9981.0","2.0","2046.0","488.0","66.0","156.0","778.0"
"French Polynesia","OCEANIA","274578","4167","659.0","6060.0","294.0","844.0","17500","980.0","1945.0","82.0","546.0","9372.0","2.0","1668.0","469.0","31.0","19.0","769.0"
"Gabon","SUB-SAHARAN AFRICA","1424906","267667","53.0","33.0","0.0","5364.0","5500","632.0","274.0","126.0","66.0","9808.0","2.0","3616.0","1225.0","61.0","592.0","348.0"
"Gambia, The","SUB-SAHARAN AFRICA","1641564","11300","1453.0","71.0","157.0","7202.0","1700","401.0","268.0","25.0","5.0","745.0","2.0","3937.0","1225.0","308.0","142.0","549.0"
"Gaza Strip","NEAR EAST","1428757","360","39688.0","1111.0","16.0","2293.0","600","","2443.0","2895.0","2105.0","50.0","3.0","3945.0","38.0","3.0","283.0","687.0"
"Georgia","C.W. OF IND. STATES","4661473","69700","669.0","44.0","-47.0","1859.0","2500","990.0","1466.0","1144.0","386.0","847.0","3.0","1041.0","923.0","172.0","275.0","553.0"
"Germany","WESTERN EUROPE","82422299","357021","2309.0","67.0","218.0","416.0","27600","990.0","6679.0","3385.0","59.0","6556.0","3.0","825.0","1062.0","9.0","296.0","695.0"
"Ghana","SUB-SAHARAN AFRICA","22409572","239460","936.0","23.0","-64.0","5143.0","2200","748.0","144.0","1626.0","967.0","7407.0","2.0","3052.0","972.0","366.0","246.0","387.0"
"Gibraltar","WESTERN EUROPE","27928","7","39897.0","17143.0","0.0","513.0","17500","","8777.0","0.0","0.0","100.0","","1074.0","931.0","","",""
"Greece","WESTERN EUROPE","10688058","131940","810.0","1037.0","235.0","553.0","20000","975.0","5897.0","211.0","878.0","7012.0","3.0","968.0","1024.0","54.0","213.0","733.0"
"Greenland","NORTHERN AMERICA","56361","2166086","0.0","204.0","-837.0","1582.0","20000","","4489.0","0.0","0.0","100.0","1.0","1593.0","784.0","","",""
"Grenada","LATIN AMER. & CARIB","89703","344","2608.0","3517.0","-1392.0","1462.0","5000","980.0","3645.0","588.0","2941.0","6471.0","2.0","2208.0","688.0","54.0","18.0","766.0"
"Guadeloupe","LATIN AMER. & CARIB","452776","1780","2544.0","1719.0","-15.0","86.0","8000","900.0","4638.0","1124.0","355.0","8521.0","2.0","1505.0","609.0","15.0","17.0","68.0"
"Guam","OCEANIA","171019","541","3161.0","2320.0","0.0","694.0","21000","990.0","4920.0","909.0","1636.0","7455.0","2.0","1879.0","448.0","","",""
"Guatemala","LATIN AMER. & CARIB","12293545","108890","1129.0","37.0","-167.0","3593.0","4100","706.0","921.0","1254.0","503.0","8243.0","2.0","2988.0","52.0","227.0","188.0","585.0"
"Guernsey","WESTERN EUROPE","65409","78","8386.0","6410.0","384.0","471.0","20000","","8424.0","","","","3.0","881.0","1001.0","3.0","1.0","87.0"
"Guinea","SUB-SAHARAN AFRICA","9690222","245857","394.0","13.0","-306.0","9037.0","2100","359.0","27.0","363.0","258.0","9379.0","2.0","4176.0","1548.0","237.0","362.0","401.0"
"Guinea-Bissau","SUB-SAHARAN AFRICA","1442029","36120","399.0","97.0","-157.0","10717.0","800","424.0","74.0","1067.0","882.0","8051.0","2.0","3722.0","1653.0","62.0","12.0","26.0"
"Guyana","LATIN AMER. & CARIB","767245","214970","36.0","21.0","-207.0","3326.0","4000","988.0","1435.0","244.0","15.0","9741.0","2.0","1828.0","828.0","37.0","203.0","427.0"
"Haiti","LATIN AMER. & CARIB","8308504","27750","2994.0","638.0","-34.0","7345.0","1600","529.0","169.0","283.0","1161.0","6009.0","2.0","3644.0","1217.0","28.0","2.0","52.0"
"Honduras","LATIN AMER. & CARIB","7326496","112090","654.0","73.0","-199.0","2932.0","2600","762.0","675.0","955.0","322.0","8723.0","2.0","2824.0","528.0","139.0","312.0","549.0"
"Hong Kong","ASIA","6940432","1092","63557.0","6712.0","524.0","297.0","28800","935.0","5467.0","505.0","101.0","9394.0","2.0","729.0","629.0","1.0","92.0","906.0"
"Hungary","EASTERN EUROPE","9981334","93030","1073.0","0.0","86.0","857.0","13900","994.0","3362.0","5009.0","206.0","4785.0","3.0","972.0","1311.0","37.0","312.0","651.0"
"Iceland","WESTERN EUROPE","299388","103000","29.0","483.0","238.0","331.0","30900","999.0","6477.0","7.0","0.0","9993.0","3.0","1364.0","672.0","86.0","15.0","765.0"
"India","ASIA","1095351995","3287590","3332.0","21.0","-7.0","5629.0","2900","595.0","454.0","544.0","274.0","4286.0","25.0","2201.0","818.0","186.0","276.0","538.0"
"Indonesia","ASIA","245452739","1919440","1279.0","285.0","0.0","356.0","3200","879.0","520.0","1132.0","723.0","8145.0","2.0","2034.0","625.0","134.0","458.0","408.0"
"Iran","ASIA","68688433","1648000","417.0","15.0","-84.0","4158.0","7000","794.0","2764.0","872.0","139.0","8989.0","1.0","17.0","555.0","116.0","424.0","46.0"
"Iraq","NEAR EAST","26783383","437072","613.0","1.0","0.0","5025.0","1500","404.0","386.0","1315.0","78.0","8607.0","1.0","3198.0","537.0","73.0","666.0","261.0"
"Ireland","WESTERN EUROPE","4062235","70280","578.0","206.0","499.0","539.0","29600","980.0","5005.0","152.0","3.0","8477.0","3.0","1445.0","782.0","5.0","46.0","49.0"
"Isle of Man","WESTERN EUROPE","75441","572","1319.0","2797.0","536.0","593.0","21000","","6760.0","9.0","0.0","91.0","3.0","1105.0","1119.0","1.0","13.0","86.0"
"Israel","NEAR EAST","6352117","20770","3058.0","131.0","68.0","703.0","19800","954.0","4623.0","1639.0","417.0","7944.0","3.0","1797.0","618.0","26.0","317.0","657.0"
"Italy","WESTERN EUROPE","58133509","301230","1930.0","252.0","207.0","594.0","26700","986.0","4309.0","2779.0","953.0","6268.0","","872.0","104.0","21.0","291.0","688.0"
"Jamaica","LATIN AMER. & CARIB","2758124","10991","2509.0","930.0","-492.0","1236.0","3900","879.0","1240.0","1607.0","1016.0","7377.0","2.0","2082.0","652.0","49.0","337.0","615.0"
"Japan","ASIA","127463611","377835","3374.0","787.0","0.0","326.0","28200","990.0","4612.0","1219.0","96.0","8685.0","3.0","937.0","916.0","17.0","258.0","725.0"
"Jersey","WESTERN EUROPE","91084","116","7852.0","6034.0","276.0","524.0","24800","","8113.0","0.0","0.0","100.0","3.0","93.0","928.0","5.0","2.0","93.0"
"Jordan","NEAR EAST","5906760","92300","640.0","3.0","659.0","1735.0","4300","913.0","1045.0","267.0","183.0","955.0","1.0","2125.0","265.0","33.0","287.0","68.0"
"Kazakhstan","C.W. OF IND. STATES","15233244","2717300","56.0","0.0","-335.0","2921.0","6300","984.0","1641.0","798.0","5.0","9197.0","4.0","16.0","942.0","67.0","386.0","547.0"
"Kenya","SUB-SAHARAN AFRICA","34707817","582650","596.0","9.0","-1.0","6147.0","1000","851.0","81.0","808.0","98.0","9094.0","15.0","3972.0","1402.0","163.0","188.0","651.0"
"Kiribati","OCEANIA","105432","811","1300.0","14094.0","0.0","4852.0","800","","427.0","274.0","5068.0","4658.0","2.0","3065.0","826.0","89.0","242.0","668.0"
"Korea, North","ASIA","23113019","120540","1918.0","207.0","0.0","2404.0","1300","990.0","424.0","2076.0","249.0","7675.0","3.0","1554.0","713.0","3.0","34.0","36.0"
"Korea, South","ASIA","48846823","98480","4960.0","245.0","0.0","705.0","17800","979.0","4861.0","1718.0","195.0","8087.0","3.0","10.0","585.0","33.0","403.0","563.0"
"Kuwait","NEAR EAST","2418393","17820","1357.0","280.0","1418.0","995.0","19000","835.0","2110.0","73.0","11.0","9916.0","1.0","2194.0","241.0","4.0","479.0","516.0"
"Kyrgyzstan","C.W. OF IND. STATES","5213898","198500","263.0","0.0","-245.0","3564.0","1600","970.0","840.0","73.0","35.0","9235.0","25.0","228.0","708.0","353.0","208.0","439.0"
"Laos","ASIA","6368481","236800","269.0","0.0","0.0","8522.0","1700","664.0","141.0","38.0","35.0","9585.0","2.0","3549.0","1155.0","455.0","287.0","258.0"
"Latvia","BALTICS","2274735","64589","352.0","82.0","-223.0","955.0","10200","998.0","3214.0","2967.0","47.0","6986.0","3.0","924.0","1366.0","4.0","261.0","699.0"
"Lebanon","NEAR EAST","3874050","10400","3725.0","216.0","0.0","2452.0","4800","874.0","2556.0","1662.0","1398.0","694.0","","1852.0","621.0","12.0","21.0","67.0"
"Lesotho","SUB-SAHARAN AFRICA","2022331","30355","666.0","0.0","-74.0","8423.0","3000","848.0","237.0","1087.0","13.0","89.0","3.0","2475.0","2871.0","163.0","443.0","394.0"
"Liberia","SUB-SAHARAN AFRICA","3042004","111370","273.0","52.0","0.0","12887.0","1000","575.0","23.0","395.0","228.0","9377.0","2.0","4477.0","231.0","769.0","54.0","177.0"
"Libya","NORTHERN AFRICA","5900754","1759540","34.0","10.0","0.0","246.0","6400","826.0","1271.0","103.0","19.0","9878.0","","2649.0","348.0","76.0","499.0","425.0"
"Liechtenstein","WESTERN EUROPE","33987","160","2124.0","0.0","485.0","47.0","25000","1000.0","5855.0","25.0","0.0","75.0","4.0","1021.0","718.0","6.0","39.0","55.0"
"Lithuania","BALTICS","3585906","65200","550.0","14.0","-71.0","689.0","11400","996.0","2234.0","4522.0","91.0","5387.0","","875.0","1098.0","55.0","325.0","62.0"
"Luxembourg","WESTERN EUROPE","474413","2586","1835.0","0.0","897.0","481.0","55100","1000.0","5154.0","2328.0","4.0","7632.0","","1194.0","841.0","1.0","13.0","86.0"
"Macau","ASIA","453125","28","161830.0","14643.0","486.0","439.0","19400","945.0","3849.0","0.0","0.0","100.0","2.0","848.0","447.0","1.0","72.0","927.0"
"Macedonia","EASTERN EUROPE","2050554","25333","809.0","0.0","-145.0","1009.0","6700","","2600.0","2226.0","181.0","7593.0","3.0","1202.0","877.0","118.0","319.0","563.0"
"Madagascar","SUB-SAHARAN AFRICA","18595469","587040","317.0","82.0","0.0","7683.0","800","689.0","36.0","507.0","103.0","9391.0","2.0","4141.0","1111.0","276.0","165.0","559.0"
"Malawi","SUB-SAHARAN AFRICA","13013926","118480","1098.0","0.0","0.0","10332.0","600","627.0","79.0","2338.0","149.0","7513.0","2.0","4313.0","1933.0","342.0","158.0","499.0"
"Malaysia","ASIA","24385858","329750","740.0","142.0","0.0","177.0","9000","887.0","1790.0","548.0","1761.0","7691.0","2.0","2286.0","505.0","84.0","48.0","436.0"
"Maldives","ASIA","359008","300","11967.0","21467.0","0.0","5652.0","3900","972.0","900.0","1333.0","1667.0","70.0","2.0","3481.0","706.0","2.0","18.0","62.0"
"Mali","SUB-SAHARAN AFRICA","11716829","1240000","95.0","0.0","-33.0","11679.0","900","464.0","64.0","382.0","3.0","9615.0","2.0","4982.0","1689.0","45.0","17.0","38.0"
"Malta","WESTERN EUROPE","400214","316","12665.0","6228.0","207.0","389.0","17700","928.0","5050.0","2813.0","313.0","6874.0","","1022.0","81.0","3.0","23.0","74.0"
"Marshall Islands","OCEANIA","60422","11854","51.0","312.0","-604.0","2945.0","1600","937.0","912.0","1667.0","3889.0","4444.0","2.0","3305.0","478.0","317.0","149.0","534.0"
"Martinique","LATIN AMER. & CARIB","436131","1100","3965.0","3182.0","-5.0","709.0","14400","977.0","3944.0","1038.0","943.0","8019.0","2.0","1374.0","648.0","6.0","11.0","83.0"
"Mauritania","SUB-SAHARAN AFRICA","3177388","1030700","31.0","7.0","0.0","7089.0","1800","417.0","129.0","48.0","1.0","9951.0","1.0","4099.0","1216.0","25.0","29.0","46.0"
"Mauritius","SUB-SAHARAN AFRICA","1240827","2040","6083.0","868.0","-9.0","1503.0","11400","856.0","2893.0","4926.0","296.0","4778.0","2.0","1543.0","686.0","59.0","298.0","643.0"
"Mayotte","SUB-SAHARAN AFRICA","201234","374","5381.0","4952.0","678.0","624.0","2600","","497.0","","","","2.0","4095.0","77.0","","",""
"Mexico","LATIN AMER. & CARIB","107449525","1972550","545.0","47.0","-487.0","2091.0","9000","922.0","1816.0","1299.0","131.0","857.0","15.0","2069.0","474.0","38.0","259.0","702.0"
"Micronesia, Fed. St.","OCEANIA","108004","702","1539.0","87066.0","-2099.0","3021.0","2000","890.0","1148.0","571.0","4571.0","4858.0","2.0","2468.0","475.0","289.0","152.0","559.0"
"Moldova","C.W. OF IND. STATES","4466706","33843","1320.0","0.0","-26.0","4042.0","1800","991.0","2081.0","553.0","1079.0","3391.0","","157.0","1264.0","213.0","233.0","555.0"
"Monaco","WESTERN EUROPE","32543","2","162715.0","20500.0","775.0","543.0","27000","990.0","10356.0","0.0","0.0","100.0","","919.0","1291.0","17.0","",""
"Mongolia","ASIA","2832224","1564116","18.0","0.0","0.0","5379.0","1800","978.0","551.0","77.0","0.0","9923.0","1.0","2159.0","695.0","206.0","214.0","58.0"
"Montserrat","LATIN AMER. & CARIB","9439","102","925.0","3922.0","0.0","735.0","3400","970.0","","20.0","0.0","80.0","2.0","1759.0","71.0","","",""
"Morocco","NORTHERN AFRICA","33241259","446550","744.0","41.0","-98.0","4162.0","4000","517.0","404.0","1961.0","217.0","7822.0","","2198.0","558.0","217.0","357.0","426.0"
"Mozambique","SUB-SAHARAN AFRICA","19686505","801590","246.0","31.0","0.0","13079.0","1200","478.0","35.0","51.0","3.0","946.0","2.0","3518.0","2135.0","262.0","348.0","39.0"
"Namibia","SUB-SAHARAN AFRICA","2044147","825418","25.0","19.0","0.0","4898.0","7200","840.0","626.0","99.0","0.0","9901.0","1.0","2432.0","1886.0","97.0","315.0","588.0"
"Nauru","OCEANIA","13287","21","6327.0","14286.0","0.0","995.0","5000","","1430.0","0.0","0.0","100.0","2.0","2476.0","67.0","","",""
"Nepal","ASIA","28287147","147181","1922.0","0.0","0.0","6698.0","1400","452.0","159.0","2168.0","64.0","7768.0","","3098.0","931.0","38.0","21.0","41.0"
"Netherlands","WESTERN EUROPE","16491461","41526","3971.0","109.0","291.0","504.0","28600","990.0","4608.0","2671.0","97.0","7232.0","3.0","109.0","868.0","21.0","244.0","736.0"
"Netherlands Antilles","LATIN AMER. & CARIB","221736","960","2310.0","3792.0","-41.0","1003.0","11400","967.0","3653.0","10.0","0.0","90.0","2.0","1478.0","645.0","1.0","15.0","84.0"
"New Caledonia","OCEANIA","219246","19060","115.0","1183.0","0.0","772.0","15000","910.0","2522.0","38.0","33.0","9929.0","2.0","1811.0","569.0","15.0","88.0","762.0"
"New Zealand","OCEANIA","4076140","268680","152.0","563.0","405.0","585.0","21600","990.0","4417.0","56.0","699.0","8741.0","3.0","1376.0","753.0","43.0","273.0","684.0"
"Nicaragua","LATIN AMER. & CARIB","5570129","129494","430.0","70.0","-122.0","2911.0","2300","675.0","397.0","1594.0","194.0","8212.0","2.0","2451.0","445.0","165.0","275.0","56.0"
"Niger","SUB-SAHARAN AFRICA","12525094","1267000","99.0","0.0","-67.0","12169.0","800","176.0","19.0","354.0","1.0","9645.0","1.0","5073.0","2091.0","39.0","17.0","44.0"
"Nigeria","SUB-SAHARAN AFRICA","131859731","923768","1427.0","9.0","26.0","988.0","900","680.0","93.0","3129.0","296.0","6575.0","15.0","4043.0","1694.0","269.0","487.0","244.0"
"N. Mariana Islands","OCEANIA","82459","477","1729.0","31069.0","961.0","711.0","12500","970.0","2547.0","1304.0","435.0","8261.0","2.0","1943.0","229.0","","",""
"Norway","WESTERN EUROPE","4610820","323802","142.0","777.0","174.0","37.0","37800","1000.0","4617.0","287.0","0.0","9713.0","3.0","1146.0","94.0","21.0","415.0","564.0"
"Oman","NEAR EAST","3102229","212460","146.0","98.0","28.0","1951.0","13100","758.0","855.0","0.0","14.0","9974.0","1.0","3624.0","381.0","27.0","39.0","583.0"
"Pakistan","ASIA","165803560","803940","2062.0","13.0","-277.0","7244.0","2100","457.0","318.0","2787.0","87.0","7126.0","1.0","2974.0","823.0","216.0","251.0","533.0"
"Palau","OCEANIA","20579","458","449.0","33166.0","285.0","1484.0","9000","920.0","3256.0","87.0","435.0","8695.0","2.0","1803.0","68.0","62.0","12.0","818.0"
"Panama","LATIN AMER. & CARIB","3191319","78200","408.0","318.0","-91.0","2047.0","6300","926.0","1379.0","736.0","198.0","9066.0","2.0","2174.0","536.0","68.0","156.0","776.0"
"Papua New Guinea","OCEANIA","5670544","462840","123.0","111.0","0.0","5145.0","2200","646.0","109.0","46.0","144.0","981.0","2.0","2936.0","725.0","353.0","381.0","266.0"
"Paraguay","LATIN AMER. & CARIB","6506464","406750","160.0","0.0","-8.0","2563.0","4700","940.0","492.0","76.0","23.0","9217.0","2.0","291.0","449.0","224.0","207.0","569.0"
"Peru","LATIN AMER. & CARIB","28302603","1285220","220.0","19.0","-105.0","3194.0","5100","909.0","795.0","289.0","4.0","9671.0","15.0","2048.0","623.0","8.0","27.0","65.0"
"Philippines","ASIA","89468677","300000","2982.0","1210.0","-15.0","2351.0","4600","926.0","384.0","1895.0","1677.0","6428.0","2.0","2489.0","541.0","144.0","326.0","53.0"
"Poland","EASTERN EUROPE","38536869","312685","1233.0","16.0","-49.0","851.0","11100","998.0","3063.0","4591.0","112.0","5297.0","3.0","985.0","989.0","5.0","311.0","64.0"
"Portugal","WESTERN EUROPE","10605870","92391","1148.0","194.0","357.0","505.0","18000","933.0","3992.0","2175.0","781.0","7044.0","3.0","1072.0","105.0","53.0","274.0","673.0"
"Puerto Rico","LATIN AMER. & CARIB","3927188","13790","2848.0","363.0","-146.0","824.0","16800","941.0","2831.0","395.0","552.0","9053.0","2.0","1277.0","765.0","1.0","45.0","54.0"
"Qatar","NEAR EAST","885359","11437","774.0","492.0","1629.0","1861.0","21500","825.0","2320.0","164.0","27.0","9809.0","1.0","1556.0","472.0","2.0","801.0","197.0"
"Reunion","SUB-SAHARAN AFRICA","787584","2517","3129.0","822.0","0.0","778.0","5800","889.0","3809.0","136.0","12.0","852.0","2.0","189.0","549.0","8.0","19.0","73.0"
"Romania","EASTERN EUROPE","22303552","237500","939.0","9.0","-13.0","2643.0","7000","984.0","1969.0","4082.0","225.0","5693.0","3.0","107.0","1177.0","101.0","35.0","549.0"
"Russia","C.W. OF IND. STATES","142893540","17075200","84.0","22.0","102.0","1539.0","8900","996.0","2806.0","733.0","11.0","9256.0","","995.0","1465.0","54.0","371.0","575.0"
"Rwanda","SUB-SAHARAN AFRICA","8648248","26338","3284.0","0.0","0.0","9123.0","1300","704.0","27.0","4054.0","1216.0","473.0","3.0","4037.0","1609.0","401.0","229.0","37.0"
"Saint Helena","SUB-SAHARAN AFRICA","7502","413","182.0","1453.0","0.0","19.0","2500","970.0","2933.0","129.0","0.0","871.0","","1213.0","653.0","","",""
"Saint Kitts & Nevis","LATIN AMER. & CARIB","39129","261","1499.0","5172.0","-711.0","1449.0","8800","970.0","6389.0","1944.0","278.0","7778.0","2.0","1802.0","833.0","35.0","258.0","707.0"
"Saint Lucia","LATIN AMER. & CARIB","168458","616","2735.0","2565.0","-267.0","1353.0","5400","670.0","3033.0","656.0","2295.0","7049.0","2.0","1968.0","508.0","7.0","2.0","73.0"
"St Pierre & Miquelon","NORTHERN AMERICA","7026","242","290.0","4959.0","-486.0","754.0","6900","990.0","6832.0","1304.0","0.0","8696.0","","1352.0","683.0","","",""
"Saint Vincent and the Grenadines","LATIN AMER. & CARIB","117848","389","3030.0","2159.0","-764.0","1478.0","2900","960.0","1909.0","1795.0","1795.0","641.0","2.0","1618.0","598.0","1.0","26.0","64.0"
"Samoa","OCEANIA","176908","2944","601.0","1369.0","-117.0","2771.0","5600","997.0","752.0","212.0","2438.0","5442.0","2.0","1643.0","662.0","114.0","584.0","302.0"
"San Marino","WESTERN EUROPE","29251","61","4795.0","0.0","1098.0","573.0","34600","960.0","7043.0","1667.0","0.0","8333.0","","1002.0","817.0","","",""
"Sao Tome & Principe","SUB-SAHARAN AFRICA","193413","1001","1932.0","2088.0","-272.0","4311.0","1200","793.0","362.0","625.0","4896.0","4479.0","2.0","4025.0","647.0","167.0","148.0","684.0"
"Saudi Arabia","NEAR EAST","27019731","1960582","138.0","13.0","-271.0","1324.0","11800","788.0","1406.0","167.0","9.0","9824.0","1.0","2934.0","258.0","33.0","613.0","354.0"
"Senegal","SUB-SAHARAN AFRICA","11987121","196190","611.0","27.0","2.0","5551.0","1600","402.0","222.0","1278.0","21.0","8701.0","2.0","3278.0","942.0","172.0","209.0","619.0"
"Serbia","EASTERN EUROPE","9396411","88361","1063.0","0.0","-133.0","1289.0","2200","930.0","2858.0","3335.0","32.0","6345.0","","","","166.0","255.0","579.0"
"Seychelles","SUB-SAHARAN AFRICA","81541","455","1792.0","10791.0","-569.0","1553.0","7800","580.0","2624.0","222.0","1333.0","8445.0","2.0","1603.0","629.0","32.0","304.0","665.0"
"Sierra Leone","SUB-SAHARAN AFRICA","6005250","71740","837.0","56.0","0.0","14364.0","500","314.0","40.0","698.0","89.0","9213.0","2.0","4576.0","2303.0","49.0","31.0","21.0"
"Singapore","ASIA","4492150","693","64822.0","2785.0","1153.0","229.0","23700","925.0","4114.0","164.0","0.0","9836.0","2.0","934.0","428.0","0.0","339.0","661.0"
"Slovakia","EASTERN EUROPE","5439448","48845","1114.0","0.0","3.0","741.0","13300","","2201.0","3016.0","262.0","6722.0","3.0","1065.0","945.0","35.0","294.0","672.0"
"Slovenia","EASTERN EUROPE","2010347","20273","992.0","23.0","112.0","445.0","19000","997.0","4061.0","86.0","149.0","8991.0","","898.0","1031.0","28.0","369.0","603.0"
"Solomon Islands","OCEANIA","552438","28450","194.0","1867.0","0.0","2129.0","1700","","134.0","64.0","2.0","9736.0","2.0","3001.0","392.0","42.0","11.0","47.0"
"Somalia","SUB-SAHARAN AFRICA","8863338","637657","139.0","47.0","537.0","1167.0","500","378.0","113.0","167.0","4.0","9829.0","1.0","4513.0","1663.0","65.0","1.0","25.0"
"South Africa","SUB-SAHARAN AFRICA","44187637","1219912","362.0","23.0","-29.0","6181.0","10700","864.0","1070.0","1208.0","79.0","8713.0","1.0","182.0","22.0","25.0","303.0","671.0"
"Spain","WESTERN EUROPE","40397842","504782","800.0","98.0","99.0","442.0","22000","979.0","4535.0","2607.0","987.0","6406.0","3.0","1006.0","972.0","4.0","295.0","665.0"
"Sri Lanka","ASIA","20222240","65610","3082.0","204.0","-131.0","1435.0","3700","923.0","615.0","1386.0","157.0","7044.0","2.0","1551.0","652.0","178.0","276.0","545.0"
"Sudan","SUB-SAHARAN AFRICA","41236378","2505810","165.0","3.0","-2.0","625.0","1900","611.0","163.0","683.0","18.0","9299.0","2.0","3453.0","897.0","387.0","203.0","41.0"
"Suriname","LATIN AMER. & CARIB","439117","163270","27.0","24.0","-881.0","2357.0","4000","930.0","1847.0","37.0","6.0","9957.0","2.0","1802.0","727.0","13.0","22.0","65.0"
"Swaziland","SUB-SAHARAN AFRICA","1136334","17363","655.0","0.0","0.0","6927.0","4900","816.0","308.0","1035.0","7.0","8895.0","25.0","2741.0","2974.0","119.0","515.0","366.0"
"Sweden","WESTERN EUROPE","9016596","449964","200.0","72.0","167.0","277.0","26800","990.0","7150.0","654.0","1.0","9345.0","3.0","1027.0","1031.0","11.0","282.0","707.0"
"Switzerland","WESTERN EUROPE","7523934","41290","1822.0","0.0","405.0","439.0","32700","990.0","6809.0","1042.0","61.0","8897.0","3.0","971.0","849.0","15.0","34.0","645.0"
"Syria","NEAR EAST","18881361","185180","1020.0","10.0","0.0","2953.0","3300","769.0","1538.0","2522.0","443.0","7035.0","1.0","2776.0","481.0","249.0","23.0","519.0"
"Taiwan","ASIA","23036087","35980","6403.0","435.0","0.0","64.0","23400","961.0","5910.0","24.0","1.0","75.0","2.0","1256.0","648.0","18.0","259.0","723.0"
"Tajikistan","C.W. OF IND. STATES","7320815","143100","512.0","0.0","-286.0","11076.0","1000","994.0","335.0","661.0","92.0","9247.0","2.0","3265.0","825.0","234.0","286.0","48.0"
"Tanzania","SUB-SAHARAN AFRICA","37445392","945087","396.0","15.0","-206.0","9854.0","600","782.0","40.0","452.0","108.0","944.0","","3771.0","1639.0","432.0","172.0","396.0"
"Thailand","ASIA","64631595","514000","1257.0","63.0","0.0","2048.0","7400","926.0","1089.0","2936.0","646.0","6418.0","2.0","1387.0","704.0","99.0","441.0","46.0"
"Togo","SUB-SAHARAN AFRICA","5548702","56785","977.0","10.0","0.0","6661.0","1500","609.0","106.0","4615.0","221.0","5164.0","2.0","3701.0","983.0","395.0","204.0","401.0"
"Tonga","OCEANIA","114689","748","1533.0","5602.0","0.0","1262.0","2200","985.0","977.0","2361.0","4306.0","3333.0","2.0","2537.0","528.0","23.0","27.0","5.0"
"Trinidad & Tobago","LATIN AMER. & CARIB","1065842","5128","2079.0","706.0","-1083.0","2431.0","9500","986.0","3035.0","1462.0","916.0","7622.0","2.0","129.0","1057.0","7.0","57.0","423.0"
"Tunisia","NORTHERN AFRICA","10175014","163610","622.0","70.0","-57.0","2477.0","6900","742.0","1236.0","1786.0","1374.0","684.0","3.0","1552.0","513.0","132.0","318.0","55.0"
"Turkey","NEAR EAST","70413958","780580","902.0","92.0","0.0","4104.0","6700","865.0","2695.0","3093.0","331.0","6576.0","3.0","1662.0","597.0","117.0","298.0","585.0"
"Turkmenistan","C.W. OF IND. STATES","5042920","488100","103.0","0.0","-86.0","7308.0","5800","980.0","746.0","372.0","14.0","9614.0","1.0","2761.0","86.0","209.0","38.0","411.0"
"Turks & Caicos Is","LATIN AMER. & CARIB","21152","430","492.0","9047.0","1168.0","1567.0","9600","980.0","2695.0","233.0","0.0","9767.0","2.0","2184.0","421.0","","",""
"Tuvalu","OCEANIA","11810","26","4542.0","9231.0","0.0","2003.0","1100","","593.0","0.0","0.0","100.0","2.0","2218.0","711.0","166.0","272.0","562.0"
"Uganda","SUB-SAHARAN AFRICA","28195754","236040","1195.0","0.0","0.0","6783.0","1400","699.0","36.0","2588.0","1065.0","6347.0","2.0","4735.0","1224.0","311.0","222.0","469.0"
"Ukraine","C.W. OF IND. STATES","46710816","603700","774.0","46.0","-39.0","2034.0","5400","997.0","2599.0","5621.0","161.0","4218.0","3.0","882.0","1439.0","187.0","452.0","361.0"
"United Arab Emirates","NEAR EAST","2602713","82880","314.0","159.0","103.0","1451.0","23200","779.0","4753.0","6.0","225.0","9715.0","1.0","1896.0","44.0","4.0","585.0","375.0"
"United Kingdom","WESTERN EUROPE","60609153","244820","2476.0","508.0","219.0","516.0","27700","990.0","5435.0","2346.0","21.0","7633.0","3.0","1071.0","1013.0","5.0","237.0","758.0"
"United States","NORTHERN AMERICA","298444215","9631420","310.0","21.0","341.0","65.0","37800","970.0","8980.0","1913.0","22.0","8065.0","3.0","1414.0","826.0","1.0","204.0","787.0"
"Uruguay","LATIN AMER. & CARIB","3431932","176220","195.0","37.0","-32.0","1195.0","12800","980.0","2914.0","743.0","23.0","9234.0","3.0","1391.0","905.0","93.0","311.0","596.0"
"Uzbekistan","C.W. OF IND. STATES","27307134","447400","610.0","0.0","-172.0","711.0","1700","993.0","629.0","1083.0","83.0","8834.0","1.0","2636.0","784.0","342.0","229.0","43.0"
"Vanuatu","OCEANIA","208869","12200","171.0","2072.0","0.0","5516.0","2900","530.0","326.0","246.0","738.0","9016.0","2.0","2272.0","782.0","26.0","12.0","62.0"
"Venezuela","LATIN AMER. & CARIB","25730435","912050","282.0","31.0","-4.0","222.0","4800","934.0","1401.0","295.0","92.0","9613.0","2.0","1871.0","492.0","4.0","419.0","541.0"
"Vietnam","ASIA","84402966","329560","2561.0","105.0","-45.0","2595.0","2500","903.0","1877.0","1997.0","595.0","7408.0","2.0","1686.0","622.0","209.0","41.0","381.0"
"Virgin Islands","LATIN AMER. & CARIB","108605","1910","569.0","984.0","-894.0","803.0","17200","","6528.0","1176.0","294.0","853.0","2.0","1396.0","643.0","1.0","19.0","8.0"
"Wallis and Futuna","OCEANIA","16025","274","585.0","4708.0","","","3700","500.0","1186.0","5.0","25.0","70.0","2.0","","","","",""
"West Bank","NEAR EAST","2460492","5860","4199.0","0.0","298.0","1962.0","800","","1452.0","169.0","1897.0","6413.0","3.0","3167.0","392.0","9.0","28.0","63.0"
"Western Sahara","NORTHERN AFRICA","273008","266000","10.0","42.0","","","","","","2.0","0.0","9998.0","1.0","","","","","4.0"
"Yemen","NEAR EAST","21456188","527970","406.0","36.0","0.0","615.0","800","502.0","372.0","278.0","24.0","9698.0","1.0","4289.0","83.0","135.0","472.0","393.0"
"Zambia","SUB-SAHARAN AFRICA","11502010","752614","153.0","0.0","0.0","8829.0","800","806.0","82.0","708.0","3.0","929.0","2.0","41.0","1993.0","22.0","29.0","489.0"
"Zimbabwe","SUB-SAHARAN AFRICA","12236805","390580","313.0","0.0","0.0","6769.0","1900","907.0","268.0","832.0","34.0","9134.0","2.0","2801.0","2184.0","179.0","243.0","579.0"
