"ï»¿Div","Date","HomeTeam","AwayTeam","FTHG","FTAG","FTR (henry)","HTHG","HTAG","HTR (henry)","Season"
"E0","1993-08-14T00:00:00","Arsenal","Coventry","0","3","1","","","","1993-94"
"E0","1993-08-14T00:00:00","Aston Villa","QPR","4","1","1","","","","1993-94"
"E0","1993-08-14T00:00:00","Chelsea","Blackburn","1","2","1","","","","1993-94"
"E0","1993-08-14T00:00:00","Liverpool","Sheffield Weds","2","0","1","","","","1993-94"
"E0","1993-08-14T00:00:00","Man City","Leeds","1","1","1","","","","1993-94"
"E0","1993-08-14T00:00:00","Newcastle","Tottenham","0","1","1","","","","1993-94"
"E0","1993-08-14T00:00:00","Oldham","Ipswich","0","3","1","","","","1993-94"
"E0","1993-08-14T00:00:00","Sheffield United","Swindon","3","1","1","","","","1993-94"
"E0","1993-08-14T00:00:00","Southampton","Everton","0","2","1","","","","1993-94"
"E0","1993-08-14T00:00:00","West Ham","Wimbledon","0","2","1","","","","1993-94"
"E0","1993-08-15T00:00:00","Norwich","Man United","0","2","1","","","","1993-94"
"E0","1993-08-16T00:00:00","Tottenham","Arsenal","0","1","1","","","","1993-94"
"E0","1993-08-17T00:00:00","Everton","Man City","1","0","1","","","","1993-94"
"E0","1993-08-17T00:00:00","Ipswich","Southampton","1","0","1","","","","1993-94"
"E0","1993-08-17T00:00:00","Leeds","West Ham","1","0","1","","","","1993-94"
"E0","1993-08-17T00:00:00","Wimbledon","Chelsea","1","1","1","","","","1993-94"
"E0","1993-08-18T00:00:00","Blackburn","Norwich","2","3","1","","","","1993-94"
"E0","1993-08-18T00:00:00","Coventry","Newcastle","2","1","1","","","","1993-94"
"E0","1993-08-18T00:00:00","Man United","Sheffield United","3","0","1","","","","1993-94"
"E0","1993-08-18T00:00:00","QPR","Liverpool","1","3","1","","","","1993-94"
"E0","1993-08-18T00:00:00","Sheffield Weds","Aston Villa","0","0","1","","","","1993-94"
"E0","1993-08-18T00:00:00","Swindon","Oldham","0","1","1","","","","1993-94"
"E0","1993-08-21T00:00:00","Blackburn","Oldham","1","0","1","","","","1993-94"
"E0","1993-08-21T00:00:00","Coventry","West Ham","1","1","1","","","","1993-94"
"E0","1993-08-21T00:00:00","Everton","Sheffield United","4","2","1","","","","1993-94"
"E0","1993-08-21T00:00:00","Ipswich","Chelsea","1","0","1","","","","1993-94"
"E0","1993-08-21T00:00:00","Leeds","Norwich","0","4","1","","","","1993-94"
"E0","1993-08-21T00:00:00","Man United","Newcastle","1","1","1","","","","1993-94"
"E0","1993-08-21T00:00:00","QPR","Southampton","2","1","1","","","","1993-94"
"E0","1993-08-21T00:00:00","Sheffield Weds","Arsenal","0","1","1","","","","1993-94"
"E0","1993-08-21T00:00:00","Tottenham","Man City","1","0","1","","","","1993-94"
"E0","1993-08-21T00:00:00","Wimbledon","Aston Villa","2","2","1","","","","1993-94"
"E0","1993-08-22T00:00:00","Swindon","Liverpool","0","5","1","","","","1993-94"
"E0","1993-08-23T00:00:00","Aston Villa","Man United","1","2","1","","","","1993-94"
"E0","1993-08-24T00:00:00","Arsenal","Leeds","2","1","1","","","","1993-94"
"E0","1993-08-24T00:00:00","Man City","Blackburn","0","2","1","","","","1993-94"
"E0","1993-08-24T00:00:00","Oldham","Coventry","3","3","1","","","","1993-94"
"E0","1993-08-24T00:00:00","Sheffield United","Wimbledon","2","1","1","","","","1993-94"
"E0","1993-08-25T00:00:00","Chelsea","QPR","2","0","1","","","","1993-94"
"E0","1993-08-25T00:00:00","Liverpool","Tottenham","1","2","1","","","","1993-94"
"E0","1993-08-25T00:00:00","Newcastle","Everton","1","0","1","","","","1993-94"
"E0","1993-08-25T00:00:00","Norwich","Ipswich","1","0","1","","","","1993-94"
"E0","1993-08-25T00:00:00","Southampton","Swindon","5","1","1","","","","1993-94"
"E0","1993-08-25T00:00:00","West Ham","Sheffield Weds","2","0","1","","","","1993-94"
"E0","1993-08-27T00:00:00","Man City","Coventry","1","1","1","","","","1993-94"
"E0","1993-08-28T00:00:00","Arsenal","Everton","2","0","1","","","","1993-94"
"E0","1993-08-28T00:00:00","Aston Villa","Tottenham","1","0","1","","","","1993-94"
"E0","1993-08-28T00:00:00","Chelsea","Sheffield Weds","1","1","1","","","","1993-94"
"E0","1993-08-28T00:00:00","Liverpool","Leeds","2","0","1","","","","1993-94"
"E0","1993-08-28T00:00:00","Norwich","Swindon","0","0","1","","","","1993-94"
"E0","1993-08-28T00:00:00","Oldham","Wimbledon","1","1","1","","","","1993-94"
"E0","1993-08-28T00:00:00","Sheffield United","Ipswich","1","1","1","","","","1993-94"
"E0","1993-08-28T00:00:00","Southampton","Man United","1","3","1","","","","1993-94"
"E0","1993-08-28T00:00:00","West Ham","QPR","0","4","1","","","","1993-94"
"E0","1993-08-29T00:00:00","Newcastle","Blackburn","1","1","1","","","","1993-94"
"E0","1993-08-30T00:00:00","Leeds","Oldham","1","0","1","","","","1993-94"
"E0","1993-08-31T00:00:00","Everton","Aston Villa","0","1","1","","","","1993-94"
"E0","1993-08-31T00:00:00","Ipswich","Newcastle","1","1","1","","","","1993-94"
"E0","1993-08-31T00:00:00","Wimbledon","Southampton","1","0","1","","","","1993-94"
"E0","1993-01-09T00:00:00","Blackburn","Arsenal","1","1","1","","","","1993-94"
"E0","1993-01-09T00:00:00","Coventry","Liverpool","1","0","1","","","","1993-94"
"E0","1993-01-09T00:00:00","Man United","West Ham","3","0","1","","","","1993-94"
"E0","1993-01-09T00:00:00","QPR","Sheffield United","2","1","1","","","","1993-94"
"E0","1993-01-09T00:00:00","Sheffield Weds","Norwich","3","3","1","","","","1993-94"
"E0","1993-01-09T00:00:00","Swindon","Man City","1","3","1","","","","1993-94"
"E0","1993-01-09T00:00:00","Tottenham","Chelsea","1","1","1","","","","1993-94"
"E0","1993-11-09T00:00:00","Arsenal","Ipswich","4","0","1","","","","1993-94"
"E0","1993-11-09T00:00:00","Aston Villa","Coventry","0","0","1","","","","1993-94"
"E0","1993-11-09T00:00:00","Chelsea","Man United","1","0","1","","","","1993-94"
"E0","1993-11-09T00:00:00","Man City","QPR","3","0","1","","","","1993-94"
"E0","1993-11-09T00:00:00","Norwich","Wimbledon","0","1","1","","","","1993-94"
"E0","1993-11-09T00:00:00","Oldham","Everton","0","1","1","","","","1993-94"
"E0","1993-11-09T00:00:00","Sheffield United","Tottenham","2","2","1","","","","1993-94"
"E0","1993-11-09T00:00:00","Southampton","Leeds","0","2","1","","","","1993-94"
"E0","1993-11-09T00:00:00","West Ham","Swindon","0","0","1","","","","1993-94"
"E0","1993-12-09T00:00:00","Liverpool","Blackburn","0","1","1","","","","1993-94"
"E0","1993-09-13T00:00:00","Newcastle","Sheffield Weds","4","2","1","","","","1993-94"
"E0","1993-09-18T00:00:00","Blackburn","West Ham","0","2","1","","","","1993-94"
"E0","1993-09-18T00:00:00","Coventry","Chelsea","1","1","1","","","","1993-94"
"E0","1993-09-18T00:00:00","Everton","Liverpool","2","0","1","","","","1993-94"
"E0","1993-09-18T00:00:00","Ipswich","Aston Villa","1","2","1","","","","1993-94"
"E0","1993-09-18T00:00:00","Leeds","Sheffield United","2","1","1","","","","1993-94"
"E0","1993-09-18T00:00:00","QPR","Norwich","2","2","1","","","","1993-94"
"E0","1993-09-18T00:00:00","Sheffield Weds","Southampton","2","0","1","","","","1993-94"
"E0","1993-09-18T00:00:00","Swindon","Newcastle","2","2","1","","","","1993-94"
"E0","1993-09-18T00:00:00","Tottenham","Oldham","5","0","1","","","","1993-94"
"E0","1993-09-19T00:00:00","Man United","Arsenal","1","0","1","","","","1993-94"
"E0","1993-09-20T00:00:00","Wimbledon","Man City","1","0","1","","","","1993-94"
"E0","1993-09-25T00:00:00","Arsenal","Southampton","1","0","1","","","","1993-94"
"E0","1993-09-25T00:00:00","Blackburn","Sheffield Weds","1","1","1","","","","1993-94"
"E0","1993-09-25T00:00:00","Chelsea","Liverpool","1","0","1","","","","1993-94"
"E0","1993-09-25T00:00:00","Coventry","Leeds","0","2","1","","","","1993-94"
"E0","1993-09-25T00:00:00","Everton","Norwich","1","5","1","","","","1993-94"
"E0","1993-09-25T00:00:00","Man United","Swindon","4","2","1","","","","1993-94"
"E0","1993-09-25T00:00:00","Newcastle","West Ham","2","0","1","","","","1993-94"
"E0","1993-09-25T00:00:00","Oldham","Aston Villa","1","1","1","","","","1993-94"
"E0","1993-09-25T00:00:00","Sheffield United","Man City","0","1","1","","","","1993-94"
"E0","1993-09-26T00:00:00","Ipswich","Tottenham","2","2","1","","","","1993-94"
"E0","1993-09-27T00:00:00","Wimbledon","QPR","1","1","1","","","","1993-94"
"E0","1993-02-10T00:00:00","Aston Villa","Newcastle","0","2","1","","","","1993-94"
"E0","1993-02-10T00:00:00","Leeds","Wimbledon","4","0","1","","","","1993-94"
"E0","1993-02-10T00:00:00","Liverpool","Arsenal","0","0","1","","","","1993-94"
"E0","1993-02-10T00:00:00","Norwich","Coventry","1","0","1","","","","1993-94"
"E0","1993-02-10T00:00:00","QPR","Ipswich","3","0","1","","","","1993-94"
"E0","1993-02-10T00:00:00","Sheffield Weds","Man United","2","3","1","","","","1993-94"
"E0","1993-02-10T00:00:00","Southampton","Sheffield United","3","3","1","","","","1993-94"
"E0","1993-02-10T00:00:00","Swindon","Blackburn","1","3","1","","","","1993-94"
"E0","1993-02-10T00:00:00","West Ham","Chelsea","1","0","1","","","","1993-94"
"E0","1993-03-10T00:00:00","Tottenham","Everton","3","2","1","","","","1993-94"
"E0","1993-04-10T00:00:00","Man City","Oldham","1","1","1","","","","1993-94"
"E0","1993-10-16T00:00:00","Arsenal","Man City","0","0","1","","","","1993-94"
"E0","1993-10-16T00:00:00","Chelsea","Norwich","1","2","1","","","","1993-94"
"E0","1993-10-16T00:00:00","Coventry","Southampton","1","1","1","","","","1993-94"
"E0","1993-10-16T00:00:00","Liverpool","Oldham","2","1","1","","","","1993-94"
"E0","1993-10-16T00:00:00","Man United","Tottenham","2","1","1","","","","1993-94"
"E0","1993-10-16T00:00:00","Newcastle","QPR","1","2","1","","","","1993-94"
"E0","1993-10-16T00:00:00","Sheffield Weds","Wimbledon","2","2","1","","","","1993-94"
"E0","1993-10-16T00:00:00","Swindon","Everton","1","1","1","","","","1993-94"
"E0","1993-10-16T00:00:00","West Ham","Aston Villa","0","0","1","","","","1993-94"
"E0","1993-10-17T00:00:00","Ipswich","Leeds","0","0","1","","","","1993-94"
"E0","1993-10-18T00:00:00","Blackburn","Sheffield United","0","0","1","","","","1993-94"
"E0","1993-10-23T00:00:00","Aston Villa","Chelsea","1","0","1","","","","1993-94"
"E0","1993-10-23T00:00:00","Everton","Man United","0","1","1","","","","1993-94"
"E0","1993-10-23T00:00:00","Leeds","Blackburn","3","3","1","","","","1993-94"
"E0","1993-10-23T00:00:00","Man City","Liverpool","1","1","1","","","","1993-94"
"E0","1993-10-23T00:00:00","Norwich","West Ham","0","0","1","","","","1993-94"
"E0","1993-10-23T00:00:00","Oldham","Arsenal","0","0","1","","","","1993-94"
"E0","1993-10-23T00:00:00","QPR","Coventry","5","1","1","","","","1993-94"
"E0","1993-10-23T00:00:00","Sheffield United","Sheffield Weds","1","1","1","","","","1993-94"
"E0","1993-10-23T00:00:00","Tottenham","Swindon","1","1","1","","","","1993-94"
"E0","1993-10-24T00:00:00","Southampton","Newcastle","2","1","1","","","","1993-94"
"E0","1993-10-25T00:00:00","Wimbledon","Ipswich","0","2","1","","","","1993-94"
"E0","1993-10-30T00:00:00","Arsenal","Norwich","0","0","1","","","","1993-94"
"E0","1993-10-30T00:00:00","Blackburn","Tottenham","1","0","1","","","","1993-94"
"E0","1993-10-30T00:00:00","Chelsea","Oldham","0","1","1","","","","1993-94"
"E0","1993-10-30T00:00:00","Ipswich","Everton","0","2","1","","","","1993-94"
"E0","1993-10-30T00:00:00","Liverpool","Southampton","4","2","1","","","","1993-94"
"E0","1993-10-30T00:00:00","Man United","QPR","2","1","1","","","","1993-94"
"E0","1993-10-30T00:00:00","Newcastle","Wimbledon","4","0","1","","","","1993-94"
"E0","1993-10-30T00:00:00","Sheffield Weds","Leeds","3","3","1","","","","1993-94"
"E0","1993-10-30T00:00:00","Swindon","Aston Villa","1","2","1","","","","1993-94"
"E0","1993-10-31T00:00:00","Coventry","Sheffield United","0","0","1","","","","1993-94"
"E0","1993-01-11T00:00:00","West Ham","Man City","3","1","1","","","","1993-94"
"E0","1993-06-11T00:00:00","Arsenal","Aston Villa","1","2","1","","","","1993-94"
"E0","1993-06-11T00:00:00","Coventry","Everton","2","1","1","","","","1993-94"
"E0","1993-06-11T00:00:00","Ipswich","Sheffield Weds","1","4","1","","","","1993-94"
"E0","1993-06-11T00:00:00","Leeds","Chelsea","4","1","1","","","","1993-94"
"E0","1993-06-11T00:00:00","Liverpool","West Ham","2","0","1","","","","1993-94"
"E0","1993-06-11T00:00:00","QPR","Blackburn","1","0","1","","","","1993-94"
"E0","1993-06-11T00:00:00","Sheffield United","Norwich","1","2","1","","","","1993-94"
"E0","1993-06-11T00:00:00","Southampton","Tottenham","1","0","1","","","","1993-94"
"E0","1993-06-11T00:00:00","Wimbledon","Swindon","3","0","1","","","","1993-94"
"E0","1993-07-11T00:00:00","Man City","Man United","2","3","1","","","","1993-94"
"E0","1993-08-11T00:00:00","Oldham","Newcastle","1","3","1","","","","1993-94"
"E0","1993-11-20T00:00:00","Aston Villa","Sheffield United","1","0","1","","","","1993-94"
"E0","1993-11-20T00:00:00","Blackburn","Southampton","2","0","1","","","","1993-94"
"E0","1993-11-20T00:00:00","Chelsea","Arsenal","0","2","1","","","","1993-94"
"E0","1993-11-20T00:00:00","Everton","QPR","0","3","1","","","","1993-94"
"E0","1993-11-20T00:00:00","Man United","Wimbledon","3","1","1","","","","1993-94"
"E0","1993-11-20T00:00:00","Norwich","Man City","1","1","1","","","","1993-94"
"E0","1993-11-20T00:00:00","Sheffield Weds","Coventry","0","0","1","","","","1993-94"
"E0","1993-11-20T00:00:00","Swindon","Ipswich","2","2","1","","","","1993-94"
"E0","1993-11-20T00:00:00","Tottenham","Leeds","1","1","1","","","","1993-94"
"E0","1993-11-20T00:00:00","West Ham","Oldham","2","0","1","","","","1993-94"
"E0","1993-11-21T00:00:00","Newcastle","Liverpool","3","0","1","","","","1993-94"
"E0","1993-11-22T00:00:00","Chelsea","Man City","0","0","1","","","","1993-94"
"E0","1993-11-23T00:00:00","Blackburn","Coventry","2","1","1","","","","1993-94"
"E0","1993-11-23T00:00:00","Everton","Leeds","1","1","1","","","","1993-94"
"E0","1993-11-24T00:00:00","Aston Villa","Southampton","0","2","1","","","","1993-94"
"E0","1993-11-24T00:00:00","Man United","Ipswich","0","0","1","","","","1993-94"
"E0","1993-11-24T00:00:00","Newcastle","Sheffield United","4","0","1","","","","1993-94"
"E0","1993-11-24T00:00:00","Sheffield Weds","Oldham","3","0","1","","","","1993-94"
"E0","1993-11-24T00:00:00","Swindon","QPR","1","0","1","","","","1993-94"
"E0","1993-11-24T00:00:00","Tottenham","Wimbledon","1","1","1","","","","1993-94"
"E0","1993-11-24T00:00:00","West Ham","Arsenal","0","0","1","","","","1993-94"
"E0","1993-11-27T00:00:00","Arsenal","Newcastle","2","1","1","","","","1993-94"
"E0","1993-11-27T00:00:00","Coventry","Man United","0","1","1","","","","1993-94"
"E0","1993-11-27T00:00:00","Ipswich","Blackburn","1","0","1","","","","1993-94"
"E0","1993-11-27T00:00:00","Leeds","Swindon","3","0","1","","","","1993-94"
"E0","1993-11-27T00:00:00","Man City","Sheffield Weds","1","3","1","","","","1993-94"
"E0","1993-11-27T00:00:00","Oldham","Norwich","2","1","1","","","","1993-94"
"E0","1993-11-27T00:00:00","QPR","Tottenham","1","1","1","","","","1993-94"
"E0","1993-11-27T00:00:00","Sheffield United","Chelsea","1","0","1","","","","1993-94"
"E0","1993-11-27T00:00:00","Wimbledon","Everton","1","1","1","","","","1993-94"
"E0","1993-11-28T00:00:00","Liverpool","Aston Villa","2","1","1","","","","1993-94"
"E0","1993-11-29T00:00:00","Southampton","West Ham","0","2","1","","","","1993-94"
"E0","1993-04-12T00:00:00","Coventry","Arsenal","1","0","1","","","","1993-94"
"E0","1993-04-12T00:00:00","Everton","Southampton","1","0","1","","","","1993-94"
"E0","1993-04-12T00:00:00","Ipswich","Oldham","0","0","1","","","","1993-94"
"E0","1993-04-12T00:00:00","Leeds","Man City","3","2","1","","","","1993-94"
"E0","1993-04-12T00:00:00","Man United","Norwich","2","2","1","","","","1993-94"
"E0","1993-04-12T00:00:00","QPR","Aston Villa","2","2","1","","","","1993-94"
"E0","1993-04-12T00:00:00","Sheffield Weds","Liverpool","3","1","1","","","","1993-94"
"E0","1993-04-12T00:00:00","Swindon","Sheffield United","0","0","1","","","","1993-94"
"E0","1993-04-12T00:00:00","Tottenham","Newcastle","1","2","1","","","","1993-94"
"E0","1993-04-12T00:00:00","Wimbledon","West Ham","1","2","1","","","","1993-94"
"E0","1993-05-12T00:00:00","Blackburn","Chelsea","2","0","1","","","","1993-94"
"E0","1993-06-12T00:00:00","Arsenal","Tottenham","1","1","1","","","","1993-94"
"E0","1993-07-12T00:00:00","Oldham","Swindon","2","1","1","","","","1993-94"
"E0","1993-07-12T00:00:00","Sheffield United","Man United","0","3","1","","","","1993-94"
"E0","1993-08-12T00:00:00","Aston Villa","Sheffield Weds","2","2","1","","","","1993-94"
"E0","1993-08-12T00:00:00","Liverpool","QPR","3","2","1","","","","1993-94"
"E0","1993-08-12T00:00:00","Man City","Everton","1","0","1","","","","1993-94"
"E0","1993-08-12T00:00:00","Southampton","Ipswich","0","1","1","","","","1993-94"
"E0","1993-08-12T00:00:00","West Ham","Leeds","0","1","1","","","","1993-94"
"E0","1993-11-12T00:00:00","Aston Villa","Wimbledon","0","1","1","","","","1993-94"
"E0","1993-11-12T00:00:00","Chelsea","Ipswich","1","1","1","","","","1993-94"
"E0","1993-11-12T00:00:00","Liverpool","Swindon","2","2","1","","","","1993-94"
"E0","1993-11-12T00:00:00","Man City","Tottenham","0","2","1","","","","1993-94"
"E0","1993-11-12T00:00:00","Newcastle","Man United","1","1","1","","","","1993-94"
"E0","1993-11-12T00:00:00","Oldham","Blackburn","1","2","1","","","","1993-94"
"E0","1993-11-12T00:00:00","Sheffield United","Everton","0","0","1","","","","1993-94"
"E0","1993-11-12T00:00:00","Southampton","QPR","0","1","1","","","","1993-94"
"E0","1993-11-12T00:00:00","West Ham","Coventry","3","2","1","","","","1993-94"
"E0","1993-12-12T00:00:00","Arsenal","Sheffield Weds","1","0","1","","","","1993-94"
"E0","1993-12-13T00:00:00","Norwich","Leeds","2","1","1","","","","1993-94"
"E0","1993-12-18T00:00:00","Blackburn","Man City","2","0","1","","","","1993-94"
"E0","1993-12-18T00:00:00","Coventry","Oldham","1","1","1","","","","1993-94"
"E0","1993-12-18T00:00:00","Everton","Newcastle","0","2","1","","","","1993-94"
"E0","1993-12-18T00:00:00","Ipswich","Norwich","2","1","1","","","","1993-94"
"E0","1993-12-18T00:00:00","Leeds","Arsenal","2","1","1","","","","1993-94"
"E0","1993-12-18T00:00:00","Sheffield Weds","West Ham","5","0","1","","","","1993-94"
"E0","1993-12-18T00:00:00","Swindon","Southampton","2","1","1","","","","1993-94"
"E0","1993-12-18T00:00:00","Tottenham","Liverpool","3","3","1","","","","1993-94"
"E0","1993-12-18T00:00:00","Wimbledon","Sheffield United","2","0","1","","","","1993-94"
"E0","1993-12-19T00:00:00","Man United","Aston Villa","3","1","1","","","","1993-94"
"E0","1993-12-22T00:00:00","Newcastle","Leeds","1","1","1","","","","1993-94"
"E0","1993-12-26T00:00:00","Man United","Blackburn","1","1","1","","","","1993-94"
"E0","1993-12-26T00:00:00","Sheffield United","Liverpool","0","0","1","","","","1993-94"
"E0","1993-12-26T00:00:00","Wimbledon","Coventry","1","2","1","","","","1993-94"
"E0","1993-12-27T00:00:00","Everton","Sheffield Weds","0","2","1","","","","1993-94"
"E0","1993-12-27T00:00:00","Ipswich","West Ham","1","1","1","","","","1993-94"
"E0","1993-12-27T00:00:00","QPR","Oldham","2","0","1","","","","1993-94"
"E0","1993-12-27T00:00:00","Southampton","Chelsea","3","1","1","","","","1993-94"
"E0","1993-12-27T00:00:00","Swindon","Arsenal","0","4","1","","","","1993-94"
"E0","1993-12-27T00:00:00","Tottenham","Norwich","1","3","1","","","","1993-94"
"E0","1993-12-28T00:00:00","Chelsea","Newcastle","1","0","1","","","","1993-94"
"E0","1993-12-28T00:00:00","Liverpool","Wimbledon","1","1","1","","","","1993-94"
"E0","1993-12-28T00:00:00","Man City","Southampton","1","1","1","","","","1993-94"
"E0","1993-12-28T00:00:00","West Ham","Tottenham","1","3","1","","","","1993-94"
"E0","1993-12-29T00:00:00","Arsenal","Sheffield United","3","0","1","","","","1993-94"
"E0","1993-12-29T00:00:00","Blackburn","Everton","2","0","1","","","","1993-94"
"E0","1993-12-29T00:00:00","Leeds","QPR","1","1","1","","","","1993-94"
"E0","1993-12-29T00:00:00","Norwich","Aston Villa","1","2","1","","","","1993-94"
"E0","1993-12-29T00:00:00","Oldham","Man United","2","5","1","","","","1993-94"
"E0","1993-12-29T00:00:00","Sheffield Weds","Swindon","3","3","1","","","","1993-94"
"E0","1994-01-01T00:00:00","Aston Villa","Blackburn","0","1","1","","","","1993-94"
"E0","1994-01-01T00:00:00","Everton","West Ham","0","1","1","","","","1993-94"
"E0","1994-01-01T00:00:00","Ipswich","Liverpool","1","2","1","","","","1993-94"
"E0","1994-01-01T00:00:00","Man United","Leeds","0","0","1","","","","1993-94"
"E0","1994-01-01T00:00:00","Newcastle","Man City","2","0","1","","","","1993-94"
"E0","1994-01-01T00:00:00","QPR","Sheffield Weds","1","2","1","","","","1993-94"
"E0","1994-01-01T00:00:00","Sheffield United","Oldham","2","1","1","","","","1993-94"
"E0","1994-01-01T00:00:00","Southampton","Norwich","0","1","1","","","","1993-94"
"E0","1994-01-01T00:00:00","Swindon","Chelsea","1","3","1","","","","1993-94"
"E0","1994-01-01T00:00:00","Tottenham","Coventry","1","2","1","","","","1993-94"
"E0","1994-01-01T00:00:00","Wimbledon","Arsenal","0","3","1","","","","1993-94"
"E0","1994-03-01T00:00:00","Arsenal","QPR","0","0","1","","","","1993-94"
"E0","1994-03-01T00:00:00","Chelsea","Everton","4","2","1","","","","1993-94"
"E0","1994-03-01T00:00:00","Coventry","Swindon","1","1","1","","","","1993-94"
"E0","1994-03-01T00:00:00","Sheffield Weds","Tottenham","1","0","1","","","","1993-94"
"E0","1994-03-01T00:00:00","West Ham","Sheffield United","0","0","1","","","","1993-94"
"E0","1994-04-01T00:00:00","Liverpool","Man United","3","3","1","","","","1993-94"
"E0","1994-04-01T00:00:00","Norwich","Newcastle","1","2","1","","","","1993-94"
"E0","1994-01-15T00:00:00","Aston Villa","West Ham","3","1","1","","","","1993-94"
"E0","1994-01-15T00:00:00","Everton","Swindon","6","2","1","","","","1993-94"
"E0","1994-01-15T00:00:00","Leeds","Ipswich","0","0","1","","","","1993-94"
"E0","1994-01-15T00:00:00","Man City","Arsenal","0","0","1","","","","1993-94"
"E0","1994-01-15T00:00:00","Norwich","Chelsea","1","1","1","","","","1993-94"
"E0","1994-01-15T00:00:00","Oldham","Liverpool","0","3","1","","","","1993-94"
"E0","1994-01-15T00:00:00","Sheffield United","Blackburn","1","2","1","","","","1993-94"
"E0","1994-01-15T00:00:00","Southampton","Coventry","1","0","1","","","","1993-94"
"E0","1994-01-15T00:00:00","Tottenham","Man United","0","1","1","","","","1993-94"
"E0","1994-01-15T00:00:00","Wimbledon","Sheffield Weds","2","1","1","","","","1993-94"
"E0","1994-01-16T00:00:00","QPR","Newcastle","1","2","1","","","","1993-94"
"E0","1994-01-22T00:00:00","Arsenal","Oldham","1","1","1","","","","1993-94"
"E0","1994-01-22T00:00:00","Chelsea","Aston Villa","1","1","1","","","","1993-94"
"E0","1994-01-22T00:00:00","Coventry","QPR","0","1","1","","","","1993-94"
"E0","1994-01-22T00:00:00","Ipswich","Wimbledon","0","0","1","","","","1993-94"
"E0","1994-01-22T00:00:00","Liverpool","Man City","2","1","1","","","","1993-94"
"E0","1994-01-22T00:00:00","Man United","Everton","1","0","1","","","","1993-94"
"E0","1994-01-22T00:00:00","Newcastle","Southampton","1","2","1","","","","1993-94"
"E0","1994-01-22T00:00:00","Sheffield Weds","Sheffield United","3","1","1","","","","1993-94"
"E0","1994-01-22T00:00:00","Swindon","Tottenham","2","1","1","","","","1993-94"
"E0","1994-01-23T00:00:00","Blackburn","Leeds","2","1","1","","","","1993-94"
"E0","1994-01-24T00:00:00","West Ham","Norwich","3","3","1","","","","1993-94"
"E0","1994-02-02T00:00:00","Coventry","Ipswich","1","0","1","","","","1993-94"
"E0","1994-05-02T00:00:00","Blackburn","Wimbledon","3","0","1","","","","1993-94"
"E0","1994-05-02T00:00:00","Everton","Chelsea","4","2","1","","","","1993-94"
"E0","1994-05-02T00:00:00","Man City","Ipswich","2","1","1","","","","1993-94"
"E0","1994-05-02T00:00:00","Norwich","Liverpool","2","2","1","","","","1993-94"
"E0","1994-05-02T00:00:00","Oldham","Southampton","2","1","1","","","","1993-94"
"E0","1994-05-02T00:00:00","QPR","Man United","2","3","1","","","","1993-94"
"E0","1994-05-02T00:00:00","Swindon","Coventry","3","1","1","","","","1993-94"
"E0","1994-05-02T00:00:00","Tottenham","Sheffield Weds","1","3","1","","","","1993-94"
"E0","1994-06-02T00:00:00","Aston Villa","Leeds","1","0","1","","","","1993-94"
"E0","1994-12-02T00:00:00","Aston Villa","Swindon","5","0","1","","","","1993-94"
"E0","1994-12-02T00:00:00","Everton","Ipswich","0","0","1","","","","1993-94"
"E0","1994-12-02T00:00:00","Man City","West Ham","0","0","1","","","","1993-94"
"E0","1994-12-02T00:00:00","Oldham","Chelsea","2","1","1","","","","1993-94"
"E0","1994-12-02T00:00:00","Sheffield United","Coventry","0","0","1","","","","1993-94"
"E0","1994-12-02T00:00:00","Tottenham","Blackburn","0","2","1","","","","1993-94"
"E0","1994-12-02T00:00:00","Wimbledon","Newcastle","4","2","1","","","","1993-94"
"E0","1994-02-13T00:00:00","Norwich","Arsenal","1","1","1","","","","1993-94"
"E0","1994-02-14T00:00:00","Southampton","Liverpool","4","2","1","","","","1993-94"
"E0","1994-02-19T00:00:00","Blackburn","Newcastle","1","0","1","","","","1993-94"
"E0","1994-02-19T00:00:00","Coventry","Man City","4","0","1","","","","1993-94"
"E0","1994-02-19T00:00:00","Everton","Arsenal","1","1","1","","","","1993-94"
"E0","1994-02-19T00:00:00","Leeds","Liverpool","2","0","1","","","","1993-94"
"E0","1994-02-19T00:00:00","Swindon","Norwich","3","3","1","","","","1993-94"
"E0","1994-02-22T00:00:00","Aston Villa","Man City","0","0","1","","","","1993-94"
"E0","1994-02-22T00:00:00","Norwich","Blackburn","2","2","1","","","","1993-94"
"E0","1994-02-23T00:00:00","Newcastle","Coventry","4","0","1","","","","1993-94"
"E0","1994-02-26T00:00:00","Arsenal","Blackburn","1","0","1","","","","1993-94"
"E0","1994-02-26T00:00:00","Ipswich","Sheffield United","3","2","1","","","","1993-94"
"E0","1994-02-26T00:00:00","Liverpool","Coventry","1","0","1","","","","1993-94"
"E0","1994-02-26T00:00:00","Man City","Swindon","2","1","1","","","","1993-94"
"E0","1994-02-26T00:00:00","Norwich","Sheffield Weds","1","1","1","","","","1993-94"
"E0","1994-02-26T00:00:00","Southampton","Wimbledon","1","0","1","","","","1993-94"
"E0","1994-02-26T00:00:00","West Ham","Man United","2","2","1","","","","1993-94"
"E0","1994-02-27T00:00:00","Chelsea","Tottenham","4","3","1","","","","1993-94"
"E0","1994-02-28T00:00:00","Oldham","Leeds","1","1","1","","","","1993-94"
"E0","1994-02-03T00:00:00","Tottenham","Aston Villa","1","1","1","","","","1993-94"
"E0","1994-05-03T00:00:00","Blackburn","Liverpool","2","0","1","","","","1993-94"
"E0","1994-05-03T00:00:00","Everton","Oldham","2","1","1","","","","1993-94"
"E0","1994-05-03T00:00:00","Ipswich","Arsenal","1","5","1","","","","1993-94"
"E0","1994-05-03T00:00:00","Leeds","Southampton","0","0","1","","","","1993-94"
"E0","1994-05-03T00:00:00","Man United","Chelsea","0","1","1","","","","1993-94"
"E0","1994-05-03T00:00:00","QPR","Man City","1","1","1","","","","1993-94"
"E0","1994-05-03T00:00:00","Sheffield Weds","Newcastle","0","1","1","","","","1993-94"
"E0","1994-05-03T00:00:00","Swindon","West Ham","1","1","1","","","","1993-94"
"E0","1994-05-03T00:00:00","Tottenham","Sheffield United","2","2","1","","","","1993-94"
"E0","1994-05-03T00:00:00","Wimbledon","Norwich","3","1","1","","","","1993-94"
"E0","1994-06-03T00:00:00","Coventry","Aston Villa","0","1","1","","","","1993-94"
"E0","1994-12-03T00:00:00","Aston Villa","Ipswich","0","1","1","","","","1993-94"
"E0","1994-12-03T00:00:00","Man City","Wimbledon","0","1","1","","","","1993-94"
"E0","1994-12-03T00:00:00","Newcastle","Swindon","7","1","1","","","","1993-94"
"E0","1994-12-03T00:00:00","Norwich","QPR","3","4","1","","","","1993-94"
"E0","1994-12-03T00:00:00","Southampton","Sheffield Weds","1","1","1","","","","1993-94"
"E0","1994-03-13T00:00:00","Liverpool","Everton","2","1","1","","","","1993-94"
"E0","1994-03-13T00:00:00","Sheffield United","Leeds","2","2","1","","","","1993-94"
"E0","1994-03-16T00:00:00","Chelsea","Wimbledon","2","0","1","","","","1993-94"
"E0","1994-03-16T00:00:00","Leeds","Aston Villa","2","0","1","","","","1993-94"
"E0","1994-03-16T00:00:00","Man United","Sheffield Weds","5","0","1","","","","1993-94"
"E0","1994-03-16T00:00:00","Sheffield United","QPR","1","1","1","","","","1993-94"
"E0","1994-03-19T00:00:00","Aston Villa","Oldham","1","2","1","","","","1993-94"
"E0","1994-03-19T00:00:00","Leeds","Coventry","1","0","1","","","","1993-94"
"E0","1994-03-19T00:00:00","Liverpool","Chelsea","2","1","1","","","","1993-94"
"E0","1994-03-19T00:00:00","Man City","Sheffield United","0","0","1","","","","1993-94"
"E0","1994-03-19T00:00:00","QPR","Wimbledon","1","0","1","","","","1993-94"
"E0","1994-03-19T00:00:00","Southampton","Arsenal","0","4","1","","","","1993-94"
"E0","1994-03-19T00:00:00","Swindon","Man United","2","2","1","","","","1993-94"
"E0","1994-03-19T00:00:00","Tottenham","Ipswich","1","1","1","","","","1993-94"
"E0","1994-03-19T00:00:00","West Ham","Newcastle","2","4","1","","","","1993-94"
"E0","1994-03-20T00:00:00","Sheffield Weds","Blackburn","1","2","1","","","","1993-94"
"E0","1994-03-21T00:00:00","Norwich","Everton","3","0","1","","","","1993-94"
"E0","1994-03-22T00:00:00","Arsenal","Man United","2","2","1","","","","1993-94"
"E0","1994-03-22T00:00:00","Newcastle","Ipswich","2","0","1","","","","1993-94"
"E0","1994-03-26T00:00:00","Arsenal","Liverpool","1","0","1","","","","1993-94"
"E0","1994-03-26T00:00:00","Blackburn","Swindon","3","1","1","","","","1993-94"
"E0","1994-03-26T00:00:00","Chelsea","West Ham","2","0","1","","","","1993-94"
"E0","1994-03-26T00:00:00","Coventry","Norwich","2","1","1","","","","1993-94"
"E0","1994-03-26T00:00:00","Everton","Tottenham","0","1","1","","","","1993-94"
"E0","1994-03-26T00:00:00","Ipswich","QPR","1","3","1","","","","1993-94"
"E0","1994-03-26T00:00:00","Oldham","Man City","0","0","1","","","","1993-94"
"E0","1994-03-26T00:00:00","Sheffield United","Southampton","0","0","1","","","","1993-94"
"E0","1994-03-27T00:00:00","Wimbledon","Leeds","1","0","1","","","","1993-94"
"E0","1994-03-28T00:00:00","Sheffield United","West Ham","3","2","1","","","","1993-94"
"E0","1994-03-29T00:00:00","Ipswich","Man City","2","2","1","","","","1993-94"
"E0","1994-03-29T00:00:00","Newcastle","Norwich","3","0","1","","","","1993-94"
"E0","1994-03-29T00:00:00","Wimbledon","Blackburn","4","1","1","","","","1993-94"
"E0","1994-03-30T00:00:00","Aston Villa","Everton","0","0","1","","","","1993-94"
"E0","1994-03-30T00:00:00","Man United","Liverpool","1","0","1","","","","1993-94"
"E0","1994-03-30T00:00:00","Sheffield Weds","Chelsea","3","1","1","","","","1993-94"
"E0","1994-03-30T00:00:00","Southampton","Oldham","1","3","1","","","","1993-94"
"E0","1994-01-04T00:00:00","Leeds","Newcastle","1","1","1","","","","1993-94"
"E0","1994-02-04T00:00:00","Arsenal","Swindon","1","1","1","","","","1993-94"
"E0","1994-02-04T00:00:00","Blackburn","Man United","2","0","1","","","","1993-94"
"E0","1994-02-04T00:00:00","Chelsea","Southampton","2","0","1","","","","1993-94"
"E0","1994-02-04T00:00:00","Coventry","Wimbledon","1","2","1","","","","1993-94"
"E0","1994-02-04T00:00:00","Liverpool","Sheffield United","1","2","1","","","","1993-94"
"E0","1994-02-04T00:00:00","Man City","Aston Villa","3","0","1","","","","1993-94"
"E0","1994-02-04T00:00:00","Norwich","Tottenham","1","2","1","","","","1993-94"
"E0","1994-02-04T00:00:00","Oldham","QPR","4","1","1","","","","1993-94"
"E0","1994-02-04T00:00:00","Sheffield Weds","Everton","5","1","1","","","","1993-94"
"E0","1994-02-04T00:00:00","West Ham","Ipswich","2","1","1","","","","1993-94"
"E0","1994-04-04T00:00:00","Aston Villa","Norwich","0","0","1","","","","1993-94"
"E0","1994-04-04T00:00:00","Everton","Blackburn","0","3","1","","","","1993-94"
"E0","1994-04-04T00:00:00","Ipswich","Coventry","0","2","1","","","","1993-94"
"E0","1994-04-04T00:00:00","Man United","Oldham","3","2","1","","","","1993-94"
"E0","1994-04-04T00:00:00","Newcastle","Chelsea","0","0","1","","","","1993-94"
"E0","1994-04-04T00:00:00","QPR","Leeds","0","4","1","","","","1993-94"
"E0","1994-04-04T00:00:00","Sheffield United","Arsenal","1","1","1","","","","1993-94"
"E0","1994-04-04T00:00:00","Southampton","Man City","0","1","1","","","","1993-94"
"E0","1994-04-04T00:00:00","Swindon","Sheffield Weds","0","1","1","","","","1993-94"
"E0","1994-04-04T00:00:00","Tottenham","West Ham","1","4","1","","","","1993-94"
"E0","1994-04-04T00:00:00","Wimbledon","Liverpool","1","1","1","","","","1993-94"
"E0","1994-09-04T00:00:00","Coventry","Tottenham","1","0","1","","","","1993-94"
"E0","1994-09-04T00:00:00","Liverpool","Ipswich","1","0","1","","","","1993-94"
"E0","1994-09-04T00:00:00","Man City","Newcastle","2","1","1","","","","1993-94"
"E0","1994-09-04T00:00:00","Norwich","Southampton","4","5","1","","","","1993-94"
"E0","1994-09-04T00:00:00","Sheffield Weds","QPR","3","1","1","","","","1993-94"
"E0","1994-09-04T00:00:00","West Ham","Everton","0","1","1","","","","1993-94"
"E0","1994-11-04T00:00:00","Blackburn","Aston Villa","1","0","1","","","","1993-94"
"E0","1994-04-13T00:00:00","QPR","Chelsea","1","1","1","","","","1993-94"
"E0","1994-04-16T00:00:00","Arsenal","Chelsea","1","0","1","","","","1993-94"
"E0","1994-04-16T00:00:00","Coventry","Sheffield Weds","1","1","1","","","","1993-94"
"E0","1994-04-16T00:00:00","Ipswich","Swindon","1","1","1","","","","1993-94"
"E0","1994-04-16T00:00:00","Liverpool","Newcastle","0","2","1","","","","1993-94"
"E0","1994-04-16T00:00:00","Man City","Norwich","1","1","1","","","","1993-94"
"E0","1994-04-16T00:00:00","Oldham","West Ham","1","2","1","","","","1993-94"
"E0","1994-04-16T00:00:00","QPR","Everton","2","1","1","","","","1993-94"
"E0","1994-04-16T00:00:00","Sheffield United","Aston Villa","1","2","1","","","","1993-94"
"E0","1994-04-16T00:00:00","Southampton","Blackburn","3","1","1","","","","1993-94"
"E0","1994-04-16T00:00:00","Wimbledon","Man United","1","0","1","","","","1993-94"
"E0","1994-04-17T00:00:00","Leeds","Tottenham","2","0","1","","","","1993-94"
"E0","1994-04-19T00:00:00","Arsenal","Wimbledon","1","1","1","","","","1993-94"
"E0","1994-04-23T00:00:00","Aston Villa","Arsenal","1","2","1","","","","1993-94"
"E0","1994-04-23T00:00:00","Chelsea","Leeds","1","1","1","","","","1993-94"
"E0","1994-04-23T00:00:00","Everton","Coventry","0","0","1","","","","1993-94"
"E0","1994-04-23T00:00:00","Man United","Man City","2","0","1","","","","1993-94"
"E0","1994-04-23T00:00:00","Newcastle","Oldham","3","2","1","","","","1993-94"
"E0","1994-04-23T00:00:00","Norwich","Sheffield United","0","1","1","","","","1993-94"
"E0","1994-04-23T00:00:00","Sheffield Weds","Ipswich","5","0","1","","","","1993-94"
"E0","1994-04-23T00:00:00","Swindon","Wimbledon","2","4","1","","","","1993-94"
"E0","1994-04-23T00:00:00","Tottenham","Southampton","3","0","1","","","","1993-94"
"E0","1994-04-23T00:00:00","West Ham","Liverpool","1","2","1","","","","1993-94"
"E0","1994-04-24T00:00:00","Blackburn","QPR","1","1","1","","","","1993-94"
"E0","1994-04-26T00:00:00","Wimbledon","Oldham","3","0","1","","","","1993-94"
"E0","1994-04-27T00:00:00","Chelsea","Swindon","2","0","1","","","","1993-94"
"E0","1994-04-27T00:00:00","Leeds","Man United","0","2","1","","","","1993-94"
"E0","1994-04-27T00:00:00","Newcastle","Aston Villa","5","1","1","","","","1993-94"
"E0","1994-04-27T00:00:00","QPR","Arsenal","1","1","1","","","","1993-94"
"E0","1994-04-27T00:00:00","West Ham","Blackburn","1","2","1","","","","1993-94"
"E0","1994-04-30T00:00:00","Arsenal","West Ham","0","2","1","","","","1993-94"
"E0","1994-04-30T00:00:00","Leeds","Everton","3","0","1","","","","1993-94"
"E0","1994-04-30T00:00:00","Liverpool","Norwich","0","1","1","","","","1993-94"
"E0","1994-04-30T00:00:00","Man City","Chelsea","2","2","1","","","","1993-94"
"E0","1994-04-30T00:00:00","Oldham","Sheffield Weds","0","0","1","","","","1993-94"
"E0","1994-04-30T00:00:00","QPR","Swindon","1","3","1","","","","1993-94"
"E0","1994-04-30T00:00:00","Sheffield United","Newcastle","2","0","1","","","","1993-94"
"E0","1994-04-30T00:00:00","Southampton","Aston Villa","4","1","1","","","","1993-94"
"E0","1994-04-30T00:00:00","Wimbledon","Tottenham","2","1","1","","","","1993-94"
"E0","1994-01-05T00:00:00","Ipswich","Man United","1","2","1","","","","1993-94"
"E0","1994-02-05T00:00:00","Coventry","Blackburn","2","1","1","","","","1993-94"
"E0","1994-03-05T00:00:00","Leeds","Sheffield Weds","2","2","1","","","","1993-94"
"E0","1994-03-05T00:00:00","Oldham","Sheffield United","1","1","1","","","","1993-94"
"E0","1994-03-05T00:00:00","QPR","West Ham","0","0","1","","","","1993-94"
"E0","1994-04-05T00:00:00","Chelsea","Coventry","1","2","1","","","","1993-94"
"E0","1994-04-05T00:00:00","Man United","Southampton","2","0","1","","","","1993-94"
"E0","1994-05-05T00:00:00","Oldham","Tottenham","0","2","1","","","","1993-94"
"E0","1994-07-05T00:00:00","Aston Villa","Liverpool","2","1","1","","","","1993-94"
"E0","1994-07-05T00:00:00","Blackburn","Ipswich","0","0","1","","","","1993-94"
"E0","1994-07-05T00:00:00","Chelsea","Sheffield United","3","2","1","","","","1993-94"
"E0","1994-07-05T00:00:00","Everton","Wimbledon","3","2","1","","","","1993-94"
"E0","1994-07-05T00:00:00","Newcastle","Arsenal","2","0","1","","","","1993-94"
"E0","1994-07-05T00:00:00","Norwich","Oldham","1","1","1","","","","1993-94"
"E0","1994-07-05T00:00:00","Sheffield Weds","Man City","1","1","1","","","","1993-94"
"E0","1994-07-05T00:00:00","Swindon","Leeds","0","5","1","","","","1993-94"
"E0","1994-07-05T00:00:00","Tottenham","QPR","1","2","1","","","","1993-94"
"E0","1994-07-05T00:00:00","West Ham","Southampton","3","3","1","","","","1993-94"
"E0","1994-08-05T00:00:00","Man United","Coventry","0","0","1","","","","1993-94"
"E0","1994-08-20T00:00:00","Arsenal","Man City","3","0","1","","","","1994-95"
"E0","1994-08-20T00:00:00","Chelsea","Norwich","2","0","1","","","","1994-95"
"E0","1994-08-20T00:00:00","Coventry","Wimbledon","1","1","1","","","","1994-95"
"E0","1994-08-20T00:00:00","Crystal Palace","Liverpool","1","6","1","","","","1994-95"
"E0","1994-08-20T00:00:00","Everton","Aston Villa","2","2","1","","","","1994-95"
"E0","1994-08-20T00:00:00","Ipswich","Nott'm Forest","0","1","1","","","","1994-95"
"E0","1994-08-20T00:00:00","Man United","QPR","2","0","1","","","","1994-95"
"E0","1994-08-20T00:00:00","Sheffield Weds","Tottenham","3","4","1","","","","1994-95"
"E0","1994-08-20T00:00:00","Southampton","Blackburn","1","1","1","","","","1994-95"
"E0","1994-08-20T00:00:00","West Ham","Leeds","0","0","1","","","","1994-95"
"E0","1994-08-21T00:00:00","Leicester","Newcastle","1","3","1","","","","1994-95"
"E0","1994-08-22T00:00:00","Nott'm Forest","Man United","1","1","1","","","","1994-95"
"E0","1994-08-23T00:00:00","Blackburn","Leicester","3","0","1","","","","1994-95"
"E0","1994-08-23T00:00:00","Leeds","Arsenal","1","0","1","","","","1994-95"
"E0","1994-08-23T00:00:00","Wimbledon","Ipswich","1","1","1","","","","1994-95"
"E0","1994-08-24T00:00:00","Aston Villa","Southampton","1","1","1","","","","1994-95"
"E0","1994-08-24T00:00:00","Man City","West Ham","3","0","1","","","","1994-95"
"E0","1994-08-24T00:00:00","Newcastle","Coventry","4","0","1","","","","1994-95"
"E0","1994-08-24T00:00:00","Norwich","Crystal Palace","0","0","1","","","","1994-95"
"E0","1994-08-24T00:00:00","QPR","Sheffield Weds","3","2","1","","","","1994-95"
"E0","1994-08-24T00:00:00","Tottenham","Everton","2","1","1","","","","1994-95"
"E0","1994-08-27T00:00:00","Aston Villa","Crystal Palace","1","1","1","","","","1994-95"
"E0","1994-08-27T00:00:00","Blackburn","Coventry","4","0","1","","","","1994-95"
"E0","1994-08-27T00:00:00","Leeds","Chelsea","2","3","1","","","","1994-95"
"E0","1994-08-27T00:00:00","Man City","Everton","4","0","1","","","","1994-95"
"E0","1994-08-27T00:00:00","Newcastle","Southampton","5","1","1","","","","1994-95"
"E0","1994-08-27T00:00:00","Norwich","West Ham","1","0","1","","","","1994-95"
"E0","1994-08-27T00:00:00","Nott'm Forest","Leicester","1","0","1","","","","1994-95"
"E0","1994-08-27T00:00:00","QPR","Ipswich","1","2","1","","","","1994-95"
"E0","1994-08-27T00:00:00","Tottenham","Man United","0","1","1","","","","1994-95"
"E0","1994-08-27T00:00:00","Wimbledon","Sheffield Weds","0","1","1","","","","1994-95"
"E0","1994-08-28T00:00:00","Liverpool","Arsenal","3","0","1","","","","1994-95"
"E0","1994-08-29T00:00:00","Coventry","Aston Villa","0","1","1","","","","1994-95"
"E0","1994-08-30T00:00:00","Crystal Palace","Leeds","1","2","1","","","","1994-95"
"E0","1994-08-30T00:00:00","Everton","Nott'm Forest","1","2","1","","","","1994-95"
"E0","1994-08-30T00:00:00","Ipswich","Tottenham","1","3","1","","","","1994-95"
"E0","1994-08-31T00:00:00","Arsenal","Blackburn","0","0","1","","","","1994-95"
"E0","1994-08-31T00:00:00","Chelsea","Man City","3","0","1","","","","1994-95"
"E0","1994-08-31T00:00:00","Leicester","QPR","1","1","1","","","","1994-95"
"E0","1994-08-31T00:00:00","Man United","Wimbledon","3","0","1","","","","1994-95"
"E0","1994-08-31T00:00:00","Sheffield Weds","Norwich","0","0","1","","","","1994-95"
"E0","1994-08-31T00:00:00","Southampton","Liverpool","0","2","1","","","","1994-95"
"E0","1994-08-31T00:00:00","West Ham","Newcastle","1","3","1","","","","1994-95"
"E0","1994-10-09T00:00:00","Aston Villa","Ipswich","2","0","1","","","","1994-95"
"E0","1994-10-09T00:00:00","Blackburn","Everton","3","0","1","","","","1994-95"
"E0","1994-10-09T00:00:00","Liverpool","West Ham","0","0","1","","","","1994-95"
"E0","1994-10-09T00:00:00","Man City","Crystal Palace","1","1","1","","","","1994-95"
"E0","1994-10-09T00:00:00","Newcastle","Chelsea","4","2","1","","","","1994-95"
"E0","1994-10-09T00:00:00","Norwich","Arsenal","0","0","1","","","","1994-95"
"E0","1994-10-09T00:00:00","Nott'm Forest","Sheffield Weds","4","1","1","","","","1994-95"
"E0","1994-10-09T00:00:00","QPR","Coventry","2","2","1","","","","1994-95"
"E0","1994-10-09T00:00:00","Wimbledon","Leicester","2","1","1","","","","1994-95"
"E0","1994-11-09T00:00:00","Leeds","Man United","2","1","1","","","","1994-95"
"E0","1994-12-09T00:00:00","Tottenham","Southampton","1","2","1","","","","1994-95"
"E0","1994-09-17T00:00:00","Coventry","Leeds","2","1","1","","","","1994-95"
"E0","1994-09-17T00:00:00","Crystal Palace","Wimbledon","0","0","1","","","","1994-95"
"E0","1994-09-17T00:00:00","Everton","QPR","2","2","1","","","","1994-95"
"E0","1994-09-17T00:00:00","Leicester","Tottenham","3","1","1","","","","1994-95"
"E0","1994-09-17T00:00:00","Man United","Liverpool","2","0","1","","","","1994-95"
"E0","1994-09-17T00:00:00","Sheffield Weds","Man City","1","1","1","","","","1994-95"
"E0","1994-09-17T00:00:00","Southampton","Nott'm Forest","1","1","1","","","","1994-95"
"E0","1994-09-17T00:00:00","West Ham","Aston Villa","1","0","1","","","","1994-95"
"E0","1994-09-18T00:00:00","Arsenal","Newcastle","2","3","1","","","","1994-95"
"E0","1994-09-18T00:00:00","Chelsea","Blackburn","1","2","1","","","","1994-95"
"E0","1994-09-19T00:00:00","Ipswich","Norwich","1","2","1","","","","1994-95"
"E0","1994-09-24T00:00:00","Blackburn","Aston Villa","3","1","1","","","","1994-95"
"E0","1994-09-24T00:00:00","Coventry","Southampton","1","3","1","","","","1994-95"
"E0","1994-09-24T00:00:00","Crystal Palace","Chelsea","0","1","1","","","","1994-95"
"E0","1994-09-24T00:00:00","Everton","Leicester","1","1","1","","","","1994-95"
"E0","1994-09-24T00:00:00","Ipswich","Man United","3","2","1","","","","1994-95"
"E0","1994-09-24T00:00:00","Man City","Norwich","2","0","1","","","","1994-95"
"E0","1994-09-24T00:00:00","Newcastle","Liverpool","1","1","1","","","","1994-95"
"E0","1994-09-24T00:00:00","QPR","Wimbledon","0","1","1","","","","1994-95"
"E0","1994-09-24T00:00:00","Tottenham","Nott'm Forest","1","4","1","","","","1994-95"
"E0","1994-09-25T00:00:00","West Ham","Arsenal","0","2","1","","","","1994-95"
"E0","1994-09-26T00:00:00","Sheffield Weds","Leeds","1","1","1","","","","1994-95"
"E0","1994-01-10T00:00:00","Arsenal","Crystal Palace","1","2","1","","","","1994-95"
"E0","1994-01-10T00:00:00","Aston Villa","Newcastle","0","2","1","","","","1994-95"
"E0","1994-01-10T00:00:00","Leeds","Man City","2","0","1","","","","1994-95"
"E0","1994-01-10T00:00:00","Liverpool","Sheffield Weds","4","1","1","","","","1994-95"
"E0","1994-01-10T00:00:00","Man United","Everton","2","0","1","","","","1994-95"
"E0","1994-01-10T00:00:00","Norwich","Blackburn","2","1","1","","","","1994-95"
"E0","1994-01-10T00:00:00","Southampton","Ipswich","3","1","1","","","","1994-95"
"E0","1994-01-10T00:00:00","Wimbledon","Tottenham","1","2","1","","","","1994-95"
"E0","1994-02-10T00:00:00","Chelsea","West Ham","1","2","1","","","","1994-95"
"E0","1994-02-10T00:00:00","Nott'm Forest","QPR","3","2","1","","","","1994-95"
"E0","1994-03-10T00:00:00","Leicester","Coventry","2","2","1","","","","1994-95"
"E0","1994-08-10T00:00:00","Chelsea","Leicester","4","0","1","","","","1994-95"
"E0","1994-08-10T00:00:00","Liverpool","Aston Villa","3","2","1","","","","1994-95"
"E0","1994-08-10T00:00:00","Man City","Nott'm Forest","3","3","1","","","","1994-95"
"E0","1994-08-10T00:00:00","Norwich","Leeds","2","1","1","","","","1994-95"
"E0","1994-08-10T00:00:00","Sheffield Weds","Man United","1","0","1","","","","1994-95"
"E0","1994-08-10T00:00:00","Southampton","Everton","2","0","1","","","","1994-95"
"E0","1994-08-10T00:00:00","Tottenham","QPR","1","1","1","","","","1994-95"
"E0","1994-08-10T00:00:00","West Ham","Crystal Palace","1","0","1","","","","1994-95"
"E0","1994-08-10T00:00:00","Wimbledon","Arsenal","1","3","1","","","","1994-95"
"E0","1994-09-10T00:00:00","Newcastle","Blackburn","1","1","1","","","","1994-95"
"E0","1994-10-10T00:00:00","Coventry","Ipswich","2","0","1","","","","1994-95"
"E0","1994-10-15T00:00:00","Arsenal","Chelsea","3","1","1","","","","1994-95"
"E0","1994-10-15T00:00:00","Aston Villa","Norwich","1","1","1","","","","1994-95"
"E0","1994-10-15T00:00:00","Blackburn","Liverpool","3","2","1","","","","1994-95"
"E0","1994-10-15T00:00:00","Crystal Palace","Newcastle","0","1","1","","","","1994-95"
"E0","1994-10-15T00:00:00","Everton","Coventry","0","2","1","","","","1994-95"
"E0","1994-10-15T00:00:00","Leeds","Tottenham","1","1","1","","","","1994-95"
"E0","1994-10-15T00:00:00","Leicester","Southampton","4","3","1","","","","1994-95"
"E0","1994-10-15T00:00:00","Man United","West Ham","1","0","1","","","","1994-95"
"E0","1994-10-15T00:00:00","QPR","Man City","1","2","1","","","","1994-95"
"E0","1994-10-16T00:00:00","Ipswich","Sheffield Weds","1","2","1","","","","1994-95"
"E0","1994-10-17T00:00:00","Nott'm Forest","Wimbledon","3","1","1","","","","1994-95"
"E0","1994-10-22T00:00:00","Aston Villa","Nott'm Forest","0","2","1","","","","1994-95"
"E0","1994-10-22T00:00:00","Crystal Palace","Everton","1","0","1","","","","1994-95"
"E0","1994-10-22T00:00:00","Liverpool","Wimbledon","3","0","1","","","","1994-95"
"E0","1994-10-22T00:00:00","Man City","Tottenham","5","2","1","","","","1994-95"
"E0","1994-10-22T00:00:00","Newcastle","Sheffield Weds","2","1","1","","","","1994-95"
"E0","1994-10-22T00:00:00","Norwich","QPR","4","2","1","","","","1994-95"
"E0","1994-10-22T00:00:00","West Ham","Southampton","2","0","1","","","","1994-95"
"E0","1994-10-23T00:00:00","Arsenal","Coventry","2","1","1","","","","1994-95"
"E0","1994-10-23T00:00:00","Blackburn","Man United","2","4","1","","","","1994-95"
"E0","1994-10-23T00:00:00","Chelsea","Ipswich","2","0","1","","","","1994-95"
"E0","1994-10-24T00:00:00","Leeds","Leicester","2","1","1","","","","1994-95"
"E0","1994-10-29T00:00:00","Coventry","Man City","1","0","1","","","","1994-95"
"E0","1994-10-29T00:00:00","Everton","Arsenal","1","1","1","","","","1994-95"
"E0","1994-10-29T00:00:00","Ipswich","Liverpool","1","3","1","","","","1994-95"
"E0","1994-10-29T00:00:00","Leicester","Crystal Palace","0","1","1","","","","1994-95"
"E0","1994-10-29T00:00:00","Man United","Newcastle","2","0","1","","","","1994-95"
"E0","1994-10-29T00:00:00","Nott'm Forest","Blackburn","0","2","1","","","","1994-95"
"E0","1994-10-29T00:00:00","QPR","Aston Villa","2","0","1","","","","1994-95"
"E0","1994-10-29T00:00:00","Sheffield Weds","Chelsea","1","1","1","","","","1994-95"
"E0","1994-10-29T00:00:00","Southampton","Leeds","1","3","1","","","","1994-95"
"E0","1994-10-29T00:00:00","Tottenham","West Ham","3","1","1","","","","1994-95"
"E0","1994-10-30T00:00:00","Wimbledon","Norwich","1","0","1","","","","1994-95"
"E0","1994-10-31T00:00:00","QPR","Liverpool","2","1","1","","","","1994-95"
"E0","1994-01-11T00:00:00","Everton","West Ham","1","0","1","","","","1994-95"
"E0","1994-01-11T00:00:00","Ipswich","Leeds","2","0","1","","","","1994-95"
"E0","1994-02-11T00:00:00","Coventry","Crystal Palace","1","4","1","","","","1994-95"
"E0","1994-02-11T00:00:00","Sheffield Weds","Blackburn","0","1","1","","","","1994-95"
"E0","1994-02-11T00:00:00","Southampton","Norwich","1","1","1","","","","1994-95"
"E0","1994-05-11T00:00:00","Blackburn","Tottenham","2","0","1","","","","1994-95"
"E0","1994-05-11T00:00:00","Crystal Palace","Ipswich","3","0","1","","","","1994-95"
"E0","1994-05-11T00:00:00","Leeds","Wimbledon","3","1","1","","","","1994-95"
"E0","1994-05-11T00:00:00","Liverpool","Nott'm Forest","1","0","1","","","","1994-95"
"E0","1994-05-11T00:00:00","Man City","Southampton","3","3","1","","","","1994-95"
"E0","1994-05-11T00:00:00","Newcastle","QPR","2","1","1","","","","1994-95"
"E0","1994-05-11T00:00:00","Norwich","Everton","0","0","1","","","","1994-95"
"E0","1994-05-11T00:00:00","West Ham","Leicester","1","0","1","","","","1994-95"
"E0","1994-06-11T00:00:00","Arsenal","Sheffield Weds","0","0","1","","","","1994-95"
"E0","1994-06-11T00:00:00","Aston Villa","Man United","1","2","1","","","","1994-95"
"E0","1994-06-11T00:00:00","Chelsea","Coventry","2","2","1","","","","1994-95"
"E0","1994-07-11T00:00:00","Nott'm Forest","Newcastle","0","0","1","","","","1994-95"
"E0","1994-09-11T00:00:00","Liverpool","Chelsea","3","1","1","","","","1994-95"
"E0","1994-09-11T00:00:00","Wimbledon","Aston Villa","4","3","1","","","","1994-95"
"E0","1994-10-11T00:00:00","Man United","Man City","5","0","1","","","","1994-95"
"E0","1994-11-19T00:00:00","Coventry","Norwich","1","0","1","","","","1994-95"
"E0","1994-11-19T00:00:00","Ipswich","Blackburn","1","3","1","","","","1994-95"
"E0","1994-11-19T00:00:00","Man United","Crystal Palace","3","0","1","","","","1994-95"
"E0","1994-11-19T00:00:00","Nott'm Forest","Chelsea","0","1","1","","","","1994-95"
"E0","1994-11-19T00:00:00","QPR","Leeds","3","2","1","","","","1994-95"
"E0","1994-11-19T00:00:00","Sheffield Weds","West Ham","1","0","1","","","","1994-95"
"E0","1994-11-19T00:00:00","Southampton","Arsenal","1","0","1","","","","1994-95"
"E0","1994-11-19T00:00:00","Tottenham","Aston Villa","3","4","1","","","","1994-95"
"E0","1994-11-19T00:00:00","Wimbledon","Newcastle","3","2","1","","","","1994-95"
"E0","1994-11-20T00:00:00","Leicester","Man City","0","1","1","","","","1994-95"
"E0","1994-11-21T00:00:00","Everton","Liverpool","2","0","1","","","","1994-95"
"E0","1994-11-23T00:00:00","Leicester","Arsenal","2","1","1","","","","1994-95"
"E0","1994-11-23T00:00:00","Tottenham","Chelsea","0","0","1","","","","1994-95"
"E0","1994-11-26T00:00:00","Arsenal","Man United","0","0","1","","","","1994-95"
"E0","1994-11-26T00:00:00","Blackburn","QPR","4","0","1","","","","1994-95"
"E0","1994-11-26T00:00:00","Chelsea","Everton","0","1","1","","","","1994-95"
"E0","1994-11-26T00:00:00","Crystal Palace","Southampton","0","0","1","","","","1994-95"
"E0","1994-11-26T00:00:00","Leeds","Nott'm Forest","1","0","1","","","","1994-95"
"E0","1994-11-26T00:00:00","Liverpool","Tottenham","1","1","1","","","","1994-95"
"E0","1994-11-26T00:00:00","Man City","Wimbledon","2","0","1","","","","1994-95"
"E0","1994-11-26T00:00:00","Newcastle","Ipswich","1","1","1","","","","1994-95"
"E0","1994-11-26T00:00:00","Norwich","Leicester","2","1","1","","","","1994-95"
"E0","1994-11-26T00:00:00","West Ham","Coventry","0","1","1","","","","1994-95"
"E0","1994-11-27T00:00:00","Aston Villa","Sheffield Weds","1","1","1","","","","1994-95"
"E0","1994-03-12T00:00:00","Coventry","Liverpool","1","1","1","","","","1994-95"
"E0","1994-03-12T00:00:00","Ipswich","Man City","1","2","1","","","","1994-95"
"E0","1994-03-12T00:00:00","Leicester","Aston Villa","1","1","1","","","","1994-95"
"E0","1994-03-12T00:00:00","Man United","Norwich","1","0","1","","","","1994-95"
"E0","1994-03-12T00:00:00","Nott'm Forest","Arsenal","2","2","1","","","","1994-95"
"E0","1994-03-12T00:00:00","Sheffield Weds","Crystal Palace","1","0","1","","","","1994-95"
"E0","1994-03-12T00:00:00","Southampton","Chelsea","0","1","1","","","","1994-95"
"E0","1994-03-12T00:00:00","Tottenham","Newcastle","4","2","1","","","","1994-95"
"E0","1994-03-12T00:00:00","Wimbledon","Blackburn","0","3","1","","","","1994-95"
"E0","1994-04-12T00:00:00","Everton","Leeds","3","0","1","","","","1994-95"
"E0","1994-04-12T00:00:00","QPR","West Ham","2","1","1","","","","1994-95"
"E0","1994-10-12T00:00:00","Aston Villa","Everton","0","0","1","","","","1994-95"
"E0","1994-10-12T00:00:00","Blackburn","Southampton","3","2","1","","","","1994-95"
"E0","1994-10-12T00:00:00","Leeds","West Ham","2","2","1","","","","1994-95"
"E0","1994-10-12T00:00:00","Newcastle","Leicester","3","1","1","","","","1994-95"
"E0","1994-10-12T00:00:00","Norwich","Chelsea","3","0","1","","","","1994-95"
"E0","1994-10-12T00:00:00","Nott'm Forest","Ipswich","4","1","1","","","","1994-95"
"E0","1994-10-12T00:00:00","QPR","Man United","2","3","1","","","","1994-95"
"E0","1994-10-12T00:00:00","Tottenham","Sheffield Weds","3","1","1","","","","1994-95"
"E0","1994-10-12T00:00:00","Wimbledon","Coventry","2","0","1","","","","1994-95"
"E0","1994-11-12T00:00:00","Liverpool","Crystal Palace","0","0","1","","","","1994-95"
"E0","1994-12-12T00:00:00","Man City","Arsenal","1","2","1","","","","1994-95"
"E0","1994-12-16T00:00:00","Ipswich","Wimbledon","2","2","1","","","","1994-95"
"E0","1994-12-17T00:00:00","Arsenal","Leeds","1","3","1","","","","1994-95"
"E0","1994-12-17T00:00:00","Coventry","Newcastle","0","0","1","","","","1994-95"
"E0","1994-12-17T00:00:00","Crystal Palace","Norwich","0","1","1","","","","1994-95"
"E0","1994-12-17T00:00:00","Everton","Tottenham","0","0","1","","","","1994-95"
"E0","1994-12-17T00:00:00","Leicester","Blackburn","0","0","1","","","","1994-95"
"E0","1994-12-17T00:00:00","Man United","Nott'm Forest","1","2","1","","","","1994-95"
"E0","1994-12-17T00:00:00","Sheffield Weds","QPR","0","2","1","","","","1994-95"
"E0","1994-12-17T00:00:00","West Ham","Man City","3","0","1","","","","1994-95"
"E0","1994-12-18T00:00:00","Chelsea","Liverpool","0","0","1","","","","1994-95"
"E0","1994-12-19T00:00:00","Southampton","Aston Villa","2","1","1","","","","1994-95"
"E0","1994-12-26T00:00:00","Arsenal","Aston Villa","0","0","1","","","","1994-95"
"E0","1994-12-26T00:00:00","Chelsea","Man United","2","3","1","","","","1994-95"
"E0","1994-12-26T00:00:00","Coventry","Nott'm Forest","0","0","1","","","","1994-95"
"E0","1994-12-26T00:00:00","Crystal Palace","QPR","0","0","1","","","","1994-95"
"E0","1994-12-26T00:00:00","Everton","Sheffield Weds","1","4","1","","","","1994-95"
"E0","1994-12-26T00:00:00","Leeds","Newcastle","0","0","1","","","","1994-95"
"E0","1994-12-26T00:00:00","Leicester","Liverpool","1","2","1","","","","1994-95"
"E0","1994-12-26T00:00:00","Man City","Blackburn","1","3","1","","","","1994-95"
"E0","1994-12-26T00:00:00","Norwich","Tottenham","0","2","1","","","","1994-95"
"E0","1994-12-26T00:00:00","Southampton","Wimbledon","2","3","1","","","","1994-95"
"E0","1994-12-26T00:00:00","West Ham","Ipswich","1","1","1","","","","1994-95"
"E0","1994-12-27T00:00:00","Nott'm Forest","Norwich","1","0","1","","","","1994-95"
"E0","1994-12-27T00:00:00","Tottenham","Crystal Palace","0","0","1","","","","1994-95"
"E0","1994-12-28T00:00:00","Aston Villa","Chelsea","3","0","1","","","","1994-95"
"E0","1994-12-28T00:00:00","Ipswich","Arsenal","0","2","1","","","","1994-95"
"E0","1994-12-28T00:00:00","Liverpool","Man City","2","0","1","","","","1994-95"
"E0","1994-12-28T00:00:00","Man United","Leicester","1","1","1","","","","1994-95"
"E0","1994-12-28T00:00:00","QPR","Southampton","2","2","1","","","","1994-95"
"E0","1994-12-28T00:00:00","Sheffield Weds","Coventry","5","1","1","","","","1994-95"
"E0","1994-12-28T00:00:00","Wimbledon","West Ham","1","0","1","","","","1994-95"
"E0","1994-12-31T00:00:00","Arsenal","QPR","1","3","1","","","","1994-95"
"E0","1994-12-31T00:00:00","Chelsea","Wimbledon","1","1","1","","","","1994-95"
"E0","1994-12-31T00:00:00","Coventry","Tottenham","0","4","1","","","","1994-95"
"E0","1994-12-31T00:00:00","Crystal Palace","Blackburn","0","1","1","","","","1994-95"
"E0","1994-12-31T00:00:00","Everton","Ipswich","4","1","1","","","","1994-95"
"E0","1994-12-31T00:00:00","Leeds","Liverpool","0","2","1","","","","1994-95"
"E0","1994-12-31T00:00:00","Leicester","Sheffield Weds","0","1","1","","","","1994-95"
"E0","1994-12-31T00:00:00","Man City","Aston Villa","2","2","1","","","","1994-95"
"E0","1994-12-31T00:00:00","Norwich","Newcastle","2","1","1","","","","1994-95"
"E0","1994-12-31T00:00:00","Southampton","Man United","2","2","1","","","","1994-95"
"E0","1994-12-31T00:00:00","West Ham","Nott'm Forest","3","1","1","","","","1994-95"
"E0","1995-02-01T00:00:00","Aston Villa","Leeds","0","0","1","","","","1994-95"
"E0","1995-02-01T00:00:00","Blackburn","West Ham","4","2","1","","","","1994-95"
"E0","1995-02-01T00:00:00","Ipswich","Leicester","4","1","1","","","","1994-95"
"E0","1995-02-01T00:00:00","Liverpool","Norwich","4","0","1","","","","1994-95"
"E0","1995-02-01T00:00:00","Newcastle","Man City","0","0","1","","","","1994-95"
"E0","1995-02-01T00:00:00","Nott'm Forest","Crystal Palace","1","0","1","","","","1994-95"
"E0","1995-02-01T00:00:00","Sheffield Weds","Southampton","1","1","1","","","","1994-95"
"E0","1995-02-01T00:00:00","Tottenham","Arsenal","1","0","1","","","","1994-95"
"E0","1995-02-01T00:00:00","Wimbledon","Everton","2","1","1","","","","1994-95"
"E0","1995-03-01T00:00:00","Man United","Coventry","2","0","1","","","","1994-95"
"E0","1995-01-14T00:00:00","Arsenal","Everton","1","1","1","","","","1994-95"
"E0","1995-01-14T00:00:00","Aston Villa","QPR","2","1","1","","","","1994-95"
"E0","1995-01-14T00:00:00","Blackburn","Nott'm Forest","3","0","1","","","","1994-95"
"E0","1995-01-14T00:00:00","Chelsea","Sheffield Weds","1","1","1","","","","1994-95"
"E0","1995-01-14T00:00:00","Crystal Palace","Leicester","2","0","1","","","","1994-95"
"E0","1995-01-14T00:00:00","Leeds","Southampton","0","0","1","","","","1994-95"
"E0","1995-01-14T00:00:00","Liverpool","Ipswich","0","1","1","","","","1994-95"
"E0","1995-01-14T00:00:00","Man City","Coventry","0","0","1","","","","1994-95"
"E0","1995-01-14T00:00:00","Norwich","Wimbledon","1","2","1","","","","1994-95"
"E0","1995-01-14T00:00:00","West Ham","Tottenham","1","2","1","","","","1994-95"
"E0","1995-01-15T00:00:00","Newcastle","Man United","1","1","1","","","","1994-95"
"E0","1995-01-21T00:00:00","Coventry","Arsenal","0","1","1","","","","1994-95"
"E0","1995-01-21T00:00:00","Everton","Crystal Palace","3","1","1","","","","1994-95"
"E0","1995-01-21T00:00:00","Ipswich","Chelsea","2","2","1","","","","1994-95"
"E0","1995-01-21T00:00:00","Nott'm Forest","Aston Villa","1","2","1","","","","1994-95"
"E0","1995-01-21T00:00:00","Sheffield Weds","Newcastle","0","0","1","","","","1994-95"
"E0","1995-01-22T00:00:00","Man United","Blackburn","1","0","1","","","","1994-95"
"E0","1995-01-23T00:00:00","West Ham","Sheffield Weds","0","2","1","","","","1994-95"
"E0","1995-01-24T00:00:00","Arsenal","Southampton","1","1","1","","","","1994-95"
"E0","1995-01-24T00:00:00","Leeds","QPR","4","0","1","","","","1994-95"
"E0","1995-01-24T00:00:00","Liverpool","Everton","0","0","1","","","","1994-95"
"E0","1995-01-25T00:00:00","Aston Villa","Tottenham","1","0","1","","","","1994-95"
"E0","1995-01-25T00:00:00","Chelsea","Nott'm Forest","0","2","1","","","","1994-95"
"E0","1995-01-25T00:00:00","Crystal Palace","Man United","1","1","1","","","","1994-95"
"E0","1995-01-25T00:00:00","Man City","Leicester","0","1","1","","","","1994-95"
"E0","1995-01-25T00:00:00","Newcastle","Wimbledon","2","1","1","","","","1994-95"
"E0","1995-01-25T00:00:00","Norwich","Coventry","2","2","1","","","","1994-95"
"E0","1995-01-28T00:00:00","Blackburn","Ipswich","4","1","1","","","","1994-95"
"E0","1995-01-02T00:00:00","Blackburn","Leeds","1","1","1","","","","1994-95"
"E0","1995-01-02T00:00:00","Newcastle","Everton","2","0","1","","","","1994-95"
"E0","1995-04-02T00:00:00","Coventry","Chelsea","2","2","1","","","","1994-95"
"E0","1995-04-02T00:00:00","Everton","Norwich","2","1","1","","","","1994-95"
"E0","1995-04-02T00:00:00","Ipswich","Crystal Palace","0","2","1","","","","1994-95"
"E0","1995-04-02T00:00:00","Leicester","West Ham","1","2","1","","","","1994-95"
"E0","1995-04-02T00:00:00","Man United","Aston Villa","1","0","1","","","","1994-95"
"E0","1995-04-02T00:00:00","Nott'm Forest","Liverpool","1","1","1","","","","1994-95"
"E0","1995-04-02T00:00:00","QPR","Newcastle","3","0","1","","","","1994-95"
"E0","1995-04-02T00:00:00","Sheffield Weds","Arsenal","3","1","1","","","","1994-95"
"E0","1995-04-02T00:00:00","Southampton","Man City","2","2","1","","","","1994-95"
"E0","1995-04-02T00:00:00","Wimbledon","Leeds","0","0","1","","","","1994-95"
"E0","1995-05-02T00:00:00","Tottenham","Blackburn","3","1","1","","","","1994-95"
"E0","1995-11-02T00:00:00","Arsenal","Leicester","1","1","1","","","","1994-95"
"E0","1995-11-02T00:00:00","Aston Villa","Wimbledon","7","1","1","","","","1994-95"
"E0","1995-11-02T00:00:00","Chelsea","Tottenham","1","1","1","","","","1994-95"
"E0","1995-11-02T00:00:00","Crystal Palace","Coventry","0","2","1","","","","1994-95"
"E0","1995-11-02T00:00:00","Liverpool","QPR","1","1","1","","","","1994-95"
"E0","1995-11-02T00:00:00","Man City","Man United","0","3","1","","","","1994-95"
"E0","1995-11-02T00:00:00","Newcastle","Nott'm Forest","2","1","1","","","","1994-95"
"E0","1995-11-02T00:00:00","Norwich","Southampton","2","2","1","","","","1994-95"
"E0","1995-12-02T00:00:00","Blackburn","Sheffield Weds","3","1","1","","","","1994-95"
"E0","1995-02-13T00:00:00","West Ham","Everton","2","2","1","","","","1994-95"
"E0","1995-02-18T00:00:00","Coventry","West Ham","2","0","1","","","","1994-95"
"E0","1995-02-18T00:00:00","Sheffield Weds","Aston Villa","1","2","1","","","","1994-95"
"E0","1995-02-21T00:00:00","Arsenal","Nott'm Forest","1","0","1","","","","1994-95"
"E0","1995-02-22T00:00:00","Aston Villa","Leicester","4","4","1","","","","1994-95"
"E0","1995-02-22T00:00:00","Blackburn","Wimbledon","2","1","1","","","","1994-95"
"E0","1995-02-22T00:00:00","Leeds","Everton","1","0","1","","","","1994-95"
"E0","1995-02-22T00:00:00","Man City","Ipswich","2","0","1","","","","1994-95"
"E0","1995-02-22T00:00:00","Norwich","Man United","0","2","1","","","","1994-95"
"E0","1995-02-25T00:00:00","Blackburn","Norwich","0","0","1","","","","1994-95"
"E0","1995-02-25T00:00:00","Coventry","Leicester","4","2","1","","","","1994-95"
"E0","1995-02-25T00:00:00","Crystal Palace","Arsenal","0","3","1","","","","1994-95"
"E0","1995-02-25T00:00:00","Everton","Man United","1","0","1","","","","1994-95"
"E0","1995-02-25T00:00:00","Ipswich","Southampton","2","1","1","","","","1994-95"
"E0","1995-02-25T00:00:00","Man City","Leeds","0","0","1","","","","1994-95"
"E0","1995-02-25T00:00:00","Newcastle","Aston Villa","3","1","1","","","","1994-95"
"E0","1995-02-25T00:00:00","Sheffield Weds","Liverpool","1","2","1","","","","1994-95"
"E0","1995-02-25T00:00:00","Tottenham","Wimbledon","1","2","1","","","","1994-95"
"E0","1995-02-25T00:00:00","West Ham","Chelsea","1","2","1","","","","1994-95"
"E0","1995-02-26T00:00:00","QPR","Nott'm Forest","1","1","1","","","","1994-95"
"E0","1995-02-28T00:00:00","Ipswich","Newcastle","0","2","1","","","","1994-95"
"E0","1995-04-03T00:00:00","Aston Villa","Blackburn","0","1","1","","","","1994-95"
"E0","1995-04-03T00:00:00","Leeds","Sheffield Weds","0","1","1","","","","1994-95"
"E0","1995-04-03T00:00:00","Leicester","Everton","2","2","1","","","","1994-95"
"E0","1995-04-03T00:00:00","Liverpool","Newcastle","2","0","1","","","","1994-95"
"E0","1995-04-03T00:00:00","Man United","Ipswich","9","0","1","","","","1994-95"
"E0","1995-04-03T00:00:00","Norwich","Man City","1","1","1","","","","1994-95"
"E0","1995-04-03T00:00:00","Nott'm Forest","Tottenham","2","2","1","","","","1994-95"
"E0","1995-04-03T00:00:00","Southampton","Coventry","0","0","1","","","","1994-95"
"E0","1995-04-03T00:00:00","Wimbledon","QPR","1","3","1","","","","1994-95"
"E0","1995-05-03T00:00:00","Arsenal","West Ham","0","1","1","","","","1994-95"
"E0","1995-05-03T00:00:00","Chelsea","Crystal Palace","0","0","1","","","","1994-95"
"E0","1995-06-03T00:00:00","Aston Villa","Coventry","0","0","1","","","","1994-95"
"E0","1995-07-03T00:00:00","Wimbledon","Man United","0","1","1","","","","1994-95"
"E0","1995-08-03T00:00:00","Blackburn","Arsenal","3","1","1","","","","1994-95"
"E0","1995-08-03T00:00:00","Man City","Chelsea","1","2","1","","","","1994-95"
"E0","1995-08-03T00:00:00","Newcastle","West Ham","2","0","1","","","","1994-95"
"E0","1995-08-03T00:00:00","Norwich","Sheffield Weds","0","0","1","","","","1994-95"
"E0","1995-08-03T00:00:00","Nott'm Forest","Everton","2","1","1","","","","1994-95"
"E0","1995-08-03T00:00:00","QPR","Leicester","2","0","1","","","","1994-95"
"E0","1995-08-03T00:00:00","Tottenham","Ipswich","3","0","1","","","","1994-95"
"E0","1995-11-03T00:00:00","Chelsea","Leeds","0","3","1","","","","1994-95"
"E0","1995-11-03T00:00:00","Coventry","Blackburn","1","1","1","","","","1994-95"
"E0","1995-11-03T00:00:00","Leicester","Nott'm Forest","2","4","1","","","","1994-95"
"E0","1995-11-03T00:00:00","Sheffield Weds","Wimbledon","0","1","1","","","","1994-95"
"E0","1995-11-03T00:00:00","West Ham","Norwich","2","2","1","","","","1994-95"
"E0","1995-03-14T00:00:00","Crystal Palace","Sheffield Weds","2","1","1","","","","1994-95"
"E0","1995-03-14T00:00:00","Liverpool","Coventry","2","3","1","","","","1994-95"
"E0","1995-03-15T00:00:00","Everton","Man City","1","1","1","","","","1994-95"
"E0","1995-03-15T00:00:00","Leicester","Leeds","1","3","1","","","","1994-95"
"E0","1995-03-15T00:00:00","Man United","Tottenham","0","0","1","","","","1994-95"
"E0","1995-03-15T00:00:00","QPR","Norwich","2","0","1","","","","1994-95"
"E0","1995-03-15T00:00:00","Southampton","West Ham","1","1","1","","","","1994-95"
"E0","1995-03-18T00:00:00","Aston Villa","West Ham","0","2","1","","","","1994-95"
"E0","1995-03-18T00:00:00","Blackburn","Chelsea","2","1","1","","","","1994-95"
"E0","1995-03-18T00:00:00","Leeds","Coventry","3","0","1","","","","1994-95"
"E0","1995-03-18T00:00:00","Man City","Sheffield Weds","3","2","1","","","","1994-95"
"E0","1995-03-18T00:00:00","Nott'm Forest","Southampton","3","0","1","","","","1994-95"
"E0","1995-03-18T00:00:00","QPR","Everton","2","3","1","","","","1994-95"
"E0","1995-03-18T00:00:00","Tottenham","Leicester","1","0","1","","","","1994-95"
"E0","1995-03-18T00:00:00","Wimbledon","Crystal Palace","2","0","1","","","","1994-95"
"E0","1995-03-19T00:00:00","Liverpool","Man United","2","0","1","","","","1994-95"
"E0","1995-03-19T00:00:00","Newcastle","Arsenal","1","0","1","","","","1994-95"
"E0","1995-03-20T00:00:00","Norwich","Ipswich","3","0","1","","","","1994-95"
"E0","1995-03-21T00:00:00","Wimbledon","Man City","2","0","1","","","","1994-95"
"E0","1995-03-22T00:00:00","Man United","Arsenal","3","0","1","","","","1994-95"
"E0","1995-03-22T00:00:00","Nott'm Forest","Leeds","3","0","1","","","","1994-95"
"E0","1995-03-22T00:00:00","QPR","Chelsea","1","0","1","","","","1994-95"
"E0","1995-03-22T00:00:00","Southampton","Newcastle","3","1","1","","","","1994-95"
"E0","1995-03-22T00:00:00","Tottenham","Liverpool","0","0","1","","","","1994-95"
"E0","1995-01-04T00:00:00","Arsenal","Norwich","5","1","1","","","","1994-95"
"E0","1995-01-04T00:00:00","Chelsea","Newcastle","1","1","1","","","","1994-95"
"E0","1995-01-04T00:00:00","Coventry","QPR","0","1","1","","","","1994-95"
"E0","1995-01-04T00:00:00","Crystal Palace","Man City","2","1","1","","","","1994-95"
"E0","1995-01-04T00:00:00","Everton","Blackburn","1","2","1","","","","1994-95"
"E0","1995-01-04T00:00:00","Ipswich","Aston Villa","0","1","1","","","","1994-95"
"E0","1995-01-04T00:00:00","Leicester","Wimbledon","3","4","1","","","","1994-95"
"E0","1995-01-04T00:00:00","Sheffield Weds","Nott'm Forest","1","7","1","","","","1994-95"
"E0","1995-02-04T00:00:00","Man United","Leeds","0","0","1","","","","1994-95"
"E0","1995-02-04T00:00:00","Southampton","Tottenham","4","3","1","","","","1994-95"
"E0","1995-04-04T00:00:00","Crystal Palace","Aston Villa","0","0","1","","","","1994-95"
"E0","1995-04-04T00:00:00","QPR","Blackburn","0","1","1","","","","1994-95"
"E0","1995-05-04T00:00:00","Leeds","Ipswich","4","0","1","","","","1994-95"
"E0","1995-05-04T00:00:00","Leicester","Norwich","1","0","1","","","","1994-95"
"E0","1995-05-04T00:00:00","Liverpool","Southampton","3","1","1","","","","1994-95"
"E0","1995-08-04T00:00:00","Newcastle","Norwich","3","0","1","","","","1994-95"
"E0","1995-08-04T00:00:00","Nott'm Forest","West Ham","1","1","1","","","","1994-95"
"E0","1995-08-04T00:00:00","QPR","Arsenal","3","1","1","","","","1994-95"
"E0","1995-08-04T00:00:00","Sheffield Weds","Leicester","1","0","1","","","","1994-95"
"E0","1995-09-04T00:00:00","Liverpool","Leeds","0","1","1","","","","1994-95"
"E0","1995-10-04T00:00:00","Wimbledon","Chelsea","1","1","1","","","","1994-95"
"E0","1995-11-04T00:00:00","Ipswich","QPR","0","1","1","","","","1994-95"
"E0","1995-11-04T00:00:00","Tottenham","Man City","2","1","1","","","","1994-95"
"E0","1995-12-04T00:00:00","Arsenal","Liverpool","0","1","1","","","","1994-95"
"E0","1995-12-04T00:00:00","Chelsea","Southampton","0","2","1","","","","1994-95"
"E0","1995-12-04T00:00:00","Norwich","Nott'm Forest","0","1","1","","","","1994-95"
"E0","1995-04-13T00:00:00","West Ham","Wimbledon","3","0","1","","","","1994-95"
"E0","1995-04-14T00:00:00","Crystal Palace","Tottenham","1","1","1","","","","1994-95"
"E0","1995-04-14T00:00:00","Everton","Newcastle","2","0","1","","","","1994-95"
"E0","1995-04-14T00:00:00","Man City","Liverpool","2","1","1","","","","1994-95"
"E0","1995-04-15T00:00:00","Arsenal","Ipswich","4","1","1","","","","1994-95"
"E0","1995-04-15T00:00:00","Chelsea","Aston Villa","1","0","1","","","","1994-95"
"E0","1995-04-15T00:00:00","Coventry","Sheffield Weds","2","0","1","","","","1994-95"
"E0","1995-04-15T00:00:00","Leeds","Blackburn","1","1","1","","","","1994-95"
"E0","1995-04-15T00:00:00","Leicester","Man United","0","4","1","","","","1994-95"
"E0","1995-04-15T00:00:00","Southampton","QPR","2","1","1","","","","1994-95"
"E0","1995-04-17T00:00:00","Aston Villa","Arsenal","0","4","1","","","","1994-95"
"E0","1995-04-17T00:00:00","Blackburn","Man City","2","3","1","","","","1994-95"
"E0","1995-04-17T00:00:00","Ipswich","West Ham","1","1","1","","","","1994-95"
"E0","1995-04-17T00:00:00","Liverpool","Leicester","2","0","1","","","","1994-95"
"E0","1995-04-17T00:00:00","Man United","Chelsea","0","0","1","","","","1994-95"
"E0","1995-04-17T00:00:00","Newcastle","Leeds","1","2","1","","","","1994-95"
"E0","1995-04-17T00:00:00","Nott'm Forest","Coventry","2","0","1","","","","1994-95"
"E0","1995-04-17T00:00:00","QPR","Crystal Palace","0","1","1","","","","1994-95"
"E0","1995-04-17T00:00:00","Sheffield Weds","Everton","0","0","1","","","","1994-95"
"E0","1995-04-17T00:00:00","Tottenham","Norwich","1","0","1","","","","1994-95"
"E0","1995-04-17T00:00:00","Wimbledon","Southampton","0","2","1","","","","1994-95"
"E0","1995-04-19T00:00:00","Blackburn","Crystal Palace","2","1","1","","","","1994-95"
"E0","1995-04-29T00:00:00","Arsenal","Tottenham","1","1","1","","","","1994-95"
"E0","1995-04-29T00:00:00","Chelsea","QPR","1","0","1","","","","1994-95"
"E0","1995-04-29T00:00:00","Crystal Palace","Nott'm Forest","1","2","1","","","","1994-95"
"E0","1995-04-29T00:00:00","Everton","Wimbledon","0","0","1","","","","1994-95"
"E0","1995-04-29T00:00:00","Leeds","Aston Villa","1","0","1","","","","1994-95"
"E0","1995-04-29T00:00:00","Leicester","Ipswich","2","0","1","","","","1994-95"
"E0","1995-04-29T00:00:00","Man City","Newcastle","0","0","1","","","","1994-95"
"E0","1995-04-29T00:00:00","Norwich","Liverpool","1","2","1","","","","1994-95"
"E0","1995-04-29T00:00:00","Southampton","Sheffield Weds","0","0","1","","","","1994-95"
"E0","1995-04-30T00:00:00","West Ham","Blackburn","2","0","1","","","","1994-95"
"E0","1995-01-05T00:00:00","Coventry","Man United","2","3","1","","","","1994-95"
"E0","1995-02-05T00:00:00","Wimbledon","Liverpool","0","0","1","","","","1994-95"
"E0","1995-03-05T00:00:00","Aston Villa","Man City","1","1","1","","","","1994-95"
"E0","1995-03-05T00:00:00","Everton","Chelsea","3","3","1","","","","1994-95"
"E0","1995-03-05T00:00:00","Newcastle","Tottenham","3","3","1","","","","1994-95"
"E0","1995-03-05T00:00:00","Southampton","Crystal Palace","3","1","1","","","","1994-95"
"E0","1995-03-05T00:00:00","West Ham","QPR","0","0","1","","","","1994-95"
"E0","1995-04-05T00:00:00","Arsenal","Wimbledon","0","0","1","","","","1994-95"
"E0","1995-06-05T00:00:00","Aston Villa","Liverpool","2","0","1","","","","1994-95"
"E0","1995-06-05T00:00:00","Crystal Palace","West Ham","1","0","1","","","","1994-95"
"E0","1995-06-05T00:00:00","Everton","Southampton","0","0","1","","","","1994-95"
"E0","1995-06-05T00:00:00","Ipswich","Coventry","2","0","1","","","","1994-95"
"E0","1995-06-05T00:00:00","Leeds","Norwich","2","1","1","","","","1994-95"
"E0","1995-06-05T00:00:00","Leicester","Chelsea","1","1","1","","","","1994-95"
"E0","1995-06-05T00:00:00","Nott'm Forest","Man City","1","0","1","","","","1994-95"
"E0","1995-06-05T00:00:00","QPR","Tottenham","2","1","1","","","","1994-95"
"E0","1995-07-05T00:00:00","Man United","Sheffield Weds","1","0","1","","","","1994-95"
"E0","1995-08-05T00:00:00","Blackburn","Newcastle","1","0","1","","","","1994-95"
"E0","1995-09-05T00:00:00","Ipswich","Everton","0","1","1","","","","1994-95"
"E0","1995-09-05T00:00:00","Leeds","Crystal Palace","3","1","1","","","","1994-95"
"E0","1995-09-05T00:00:00","Tottenham","Coventry","1","3","1","","","","1994-95"
"E0","1995-10-05T00:00:00","Man United","Southampton","2","1","1","","","","1994-95"
"E0","1995-10-05T00:00:00","West Ham","Liverpool","3","0","1","","","","1994-95"
"E0","1995-05-13T00:00:00","Wimbledon","Nott'm Forest","2","2","1","","","","1994-95"
"E0","1995-05-14T00:00:00","Chelsea","Arsenal","2","1","1","","","","1994-95"
"E0","1995-05-14T00:00:00","Coventry","Everton","0","0","1","","","","1994-95"
"E0","1995-05-14T00:00:00","Liverpool","Blackburn","2","1","1","","","","1994-95"
"E0","1995-05-14T00:00:00","Man City","QPR","2","3","1","","","","1994-95"
"E0","1995-05-14T00:00:00","Newcastle","Crystal Palace","3","2","1","","","","1994-95"
"E0","1995-05-14T00:00:00","Norwich","Aston Villa","1","1","1","","","","1994-95"
"E0","1995-05-14T00:00:00","Sheffield Weds","Ipswich","4","1","1","","","","1994-95"
"E0","1995-05-14T00:00:00","Southampton","Leicester","2","2","1","","","","1994-95"
"E0","1995-05-14T00:00:00","Tottenham","Leeds","1","1","1","","","","1994-95"
"E0","1995-05-14T00:00:00","West Ham","Man United","1","1","1","","","","1994-95"
"E0","1995-08-19T00:00:00","Aston Villa","Man United","3","1","1","3","0","1","1995-96"
"E0","1995-08-19T00:00:00","Blackburn","QPR","1","0","1","1","0","1","1995-96"
"E0","1995-08-19T00:00:00","Chelsea","Everton","0","0","1","0","0","1","1995-96"
"E0","1995-08-19T00:00:00","Liverpool","Sheffield Weds","1","0","1","0","0","1","1995-96"
"E0","1995-08-19T00:00:00","Man City","Tottenham","1","1","1","0","1","1","1995-96"
"E0","1995-08-19T00:00:00","Newcastle","Coventry","3","0","1","1","0","1","1995-96"
"E0","1995-08-19T00:00:00","Southampton","Nott'm Forest","3","4","1","1","3","1","1995-96"
"E0","1995-08-19T00:00:00","West Ham","Leeds","1","2","1","1","0","1","1995-96"
"E0","1995-08-19T00:00:00","Wimbledon","Bolton","3","2","1","2","2","1","1995-96"
"E0","1995-08-20T00:00:00","Arsenal","Middlesbrough","1","1","1","1","1","1","1995-96"
"E0","1995-08-21T00:00:00","Leeds","Liverpool","1","0","1","0","0","1","1995-96"
"E0","1995-08-22T00:00:00","Bolton","Newcastle","1","3","1","0","1","1","1995-96"
"E0","1995-08-23T00:00:00","Coventry","Man City","2","1","1","1","0","1","1995-96"
"E0","1995-08-23T00:00:00","Everton","Arsenal","0","2","1","0","0","1","1995-96"
"E0","1995-08-23T00:00:00","Man United","West Ham","2","1","1","0","0","1","1995-96"
"E0","1995-08-23T00:00:00","Nott'm Forest","Chelsea","0","0","1","0","0","1","1995-96"
"E0","1995-08-23T00:00:00","QPR","Wimbledon","0","3","1","0","1","1","1995-96"
"E0","1995-08-23T00:00:00","Sheffield Weds","Blackburn","2","1","1","1","0","1","1995-96"
"E0","1995-08-23T00:00:00","Tottenham","Aston Villa","0","1","1","0","0","1","1995-96"
"E0","1995-08-26T00:00:00","Bolton","Blackburn","2","1","1","1","0","1","1995-96"
"E0","1995-08-26T00:00:00","Coventry","Arsenal","0","0","1","0","0","1","1995-96"
"E0","1995-08-26T00:00:00","Everton","Southampton","2","0","1","2","0","1","1995-96"
"E0","1995-08-26T00:00:00","Leeds","Aston Villa","2","0","1","1","0","1","1995-96"
"E0","1995-08-26T00:00:00","Man United","Wimbledon","3","1","1","1","0","1","1995-96"
"E0","1995-08-26T00:00:00","Middlesbrough","Chelsea","2","0","1","1","0","1","1995-96"
"E0","1995-08-26T00:00:00","Nott'm Forest","West Ham","1","1","1","1","1","1","1995-96"
"E0","1995-08-26T00:00:00","QPR","Man City","1","0","1","1","0","1","1995-96"
"E0","1995-08-26T00:00:00","Tottenham","Liverpool","1","3","1","0","2","1","1995-96"
"E0","1995-08-27T00:00:00","Sheffield Weds","Newcastle","0","2","1","0","0","1","1995-96"
"E0","1995-08-28T00:00:00","Blackburn","Man United","1","2","1","0","0","1","1995-96"
"E0","1995-08-29T00:00:00","Arsenal","Nott'm Forest","1","1","1","1","0","1","1995-96"
"E0","1995-08-30T00:00:00","Aston Villa","Bolton","1","0","1","0","0","1","1995-96"
"E0","1995-08-30T00:00:00","Chelsea","Coventry","2","2","1","2","1","1","1995-96"
"E0","1995-08-30T00:00:00","Liverpool","QPR","1","0","1","1","0","1","1995-96"
"E0","1995-08-30T00:00:00","Man City","Everton","0","2","1","0","0","1","1995-96"
"E0","1995-08-30T00:00:00","Newcastle","Middlesbrough","1","0","1","0","0","1","1995-96"
"E0","1995-08-30T00:00:00","Southampton","Leeds","1","1","1","0","0","1","1995-96"
"E0","1995-08-30T00:00:00","West Ham","Tottenham","1","1","1","1","0","1","1995-96"
"E0","1995-08-30T00:00:00","Wimbledon","Sheffield Weds","2","2","1","1","1","1","1995-96"
"E0","1995-09-09T00:00:00","Blackburn","Aston Villa","1","1","1","0","1","1","1995-96"
"E0","1995-09-09T00:00:00","Bolton","Middlesbrough","1","1","1","1","0","1","1995-96"
"E0","1995-09-09T00:00:00","Coventry","Nott'm Forest","1","1","1","1","1","1","1995-96"
"E0","1995-09-09T00:00:00","Everton","Man United","2","3","1","1","1","1","1995-96"
"E0","1995-09-09T00:00:00","QPR","Sheffield Weds","0","3","1","0","0","1","1995-96"
"E0","1995-09-09T00:00:00","Southampton","Newcastle","1","0","1","0","0","1","1995-96"
"E0","1995-09-09T00:00:00","Tottenham","Leeds","2","1","1","1","0","1","1995-96"
"E0","1995-09-09T00:00:00","Wimbledon","Liverpool","1","0","1","1","0","1","1995-96"
"E0","1995-10-09T00:00:00","Man City","Arsenal","0","1","1","0","0","1","1995-96"
"E0","1995-11-09T00:00:00","West Ham","Chelsea","1","3","1","0","2","1","1995-96"
"E0","1995-12-09T00:00:00","Middlesbrough","Southampton","0","0","1","0","0","1","1995-96"
"E0","1995-09-16T00:00:00","Arsenal","West Ham","1","0","1","0","0","1","1995-96"
"E0","1995-09-16T00:00:00","Aston Villa","Wimbledon","2","0","1","1","0","1","1995-96"
"E0","1995-09-16T00:00:00","Chelsea","Southampton","3","0","1","0","0","1","1995-96"
"E0","1995-09-16T00:00:00","Leeds","QPR","1","3","1","0","2","1","1995-96"
"E0","1995-09-16T00:00:00","Liverpool","Blackburn","3","0","1","3","0","1","1995-96"
"E0","1995-09-16T00:00:00","Man United","Bolton","3","0","1","2","0","1","1995-96"
"E0","1995-09-16T00:00:00","Middlesbrough","Coventry","2","1","1","0","0","1","1995-96"
"E0","1995-09-16T00:00:00","Newcastle","Man City","3","1","1","2","0","1","1995-96"
"E0","1995-09-16T00:00:00","Sheffield Weds","Tottenham","1","3","1","1","1","1","1995-96"
"E0","1995-09-17T00:00:00","Nott'm Forest","Everton","3","2","1","2","0","1","1995-96"
"E0","1995-09-23T00:00:00","Arsenal","Southampton","4","2","1","2","2","1","1995-96"
"E0","1995-09-23T00:00:00","Aston Villa","Nott'm Forest","1","1","1","0","0","1","1995-96"
"E0","1995-09-23T00:00:00","Blackburn","Coventry","5","1","1","2","1","1","1995-96"
"E0","1995-09-23T00:00:00","Liverpool","Bolton","5","2","1","2","0","1","1995-96"
"E0","1995-09-23T00:00:00","Man City","Middlesbrough","0","1","1","0","1","1","1995-96"
"E0","1995-09-23T00:00:00","Sheffield Weds","Man United","0","0","1","0","0","1","1995-96"
"E0","1995-09-23T00:00:00","West Ham","Everton","2","1","1","2","1","1","1995-96"
"E0","1995-09-23T00:00:00","Wimbledon","Leeds","2","4","1","1","3","1","1995-96"
"E0","1995-09-24T00:00:00","Newcastle","Chelsea","2","0","1","1","0","1","1995-96"
"E0","1995-09-25T00:00:00","QPR","Tottenham","2","3","1","1","0","1","1995-96"
"E0","1995-09-30T00:00:00","Bolton","QPR","0","1","1","0","0","1","1995-96"
"E0","1995-09-30T00:00:00","Chelsea","Arsenal","1","0","1","0","0","1","1995-96"
"E0","1995-09-30T00:00:00","Coventry","Aston Villa","0","3","1","0","1","1","1995-96"
"E0","1995-09-30T00:00:00","Leeds","Sheffield Weds","2","0","1","1","0","1","1995-96"
"E0","1995-09-30T00:00:00","Middlesbrough","Blackburn","2","0","1","1","0","1","1995-96"
"E0","1995-09-30T00:00:00","Nott'm Forest","Man City","3","0","1","1","0","1","1995-96"
"E0","1995-09-30T00:00:00","Tottenham","Wimbledon","3","1","1","2","1","1","1995-96"
