"first_name","last_name","age","Happy_Sad_group (henry)","Dosage","Drug (ampere)","Mem_Score_Before","Mem_Score_After","Diff"
"Bastian","Carrasco","25","1","1","1","63.5","61.2","-2.3"
"Evan","Carrasco","52","1","1","1","41.6","40.7","-0.9"
"Florencia","Carrasco","29","1","1","1","59.7","55.1","-4.6"
"Holly","Carrasco","50","1","1","1","51.7","51.2","-0.5"
"Justin","Carrasco","52","1","1","1","47.0","47.1","0.1"
"Liam","Carrasco","37","1","1","1","66.4","58.1","-8.3"
"Ava","Durand","35","1","1","1","44.1","56.0","11.9"
"Jamie","Durand","38","1","1","1","76.3","74.8","-1.5"
"Josefa","Durand","29","1","1","1","56.2","45.0","-11.2"
"Mark","Durand","36","1","1","1","54.8","75.9","21.1"
"Maximiliano","Durand","63","1","1","1","90.0","102.0","12.0"
"Bastian","Gonzalez","27","1","1","1","52.3","63.7","11.4"
"Ayano","Kennedy","39","1","1","1","35.5","40.7","5.2"
"Grace","Kennedy","26","1","1","1","85.6","84.3","-1.3"
"Ai","Lopez","26","1","1","1","42.3","32.8","-9.5"
"Kaito","McCarthy","48","1","1","1","53.5","56.3","2.8"
"Kaito","McCarthy","51","1","1","1","48.3","44.6","-3.7"
"Jun","Morin","26","1","1","1","64.0","72.5","8.5"
"Takuya","Price","44","1","1","1","74.3","65.4","-8.9"
"Justine","Summers","53","1","1","1","45.0","49.2","4.2"
"Nik","Summers","55","1","1","1","52.1","44.2","-7.9"
"Ava","Takahashi","31","1","1","1","79.9","73.3","-6.6"
"Carlos","Takahashi","50","1","1","1","55.7","52.7","-3.0"
"Anna","Bernard","62","1","2","1","46.5","46.1","-0.4"
"Daichi","Carrasco","25","1","2","1","48.5","54.0","5.5"
"Dean","Carrasco","40","1","2","1","47.0","55.5","8.5"
"Kaito","Carrasco","35","1","2","1","75.0","82.9","7.9"
"Riley","Carrasco","38","1","2","1","90.0","108.0","18.0"
"Sofia","Carrasco","28","1","2","1","43.9","46.8","2.9"
"Darren","Durand","36","1","2","1","74.9","70.8","-4.1"
"Fernado","Durand","53","1","2","1","74.5","79.6","5.1"
"Misaki","Durand","29","1","2","1","58.9","56.3","-2.6"
"Orla","Durand","39","1","2","1","36.4","50.9","14.5"
"Robert","Durand","35","1","2","1","58.8","50.8","-8.0"
"Valentina","Hajek","68","1","2","1","59.9","65.6","5.7"
"Ayano","Kennedy","38","1","2","1","40.2","44.5","4.3"
"Ryan","Kennedy","50","1","2","1","74.2","88.1","13.9"
"Jose","Lopez","25","1","2","1","50.0","49.4","-0.6"
"Shota","McCarthy","29","1","2","1","84.4","96.0","11.6"
"Jun","Rodriguez","35","1","2","1","40.8","63.0","22.2"
"Anthony","Steiner","26","1","2","1","87.0","102.0","15.0"
"Nina","Steiner","51","1","2","1","46.5","50.8","4.3"
"Lara","Summers","56","1","2","1","64.4","48.1","-16.3"
"Daiki","Takahashi","35","1","2","1","90.0","108.0","18.0"
"Felipe","Takahashi","28","1","2","1","60.9","64.9","4.0"
"Camila","Carrasco","54","1","3","1","46.4","66.6","20.2"
"Felipe","Carrasco","51","1","3","1","55.2","74.3","19.1"
"Hama","Carrasco","36","1","3","1","61.8","87.4","25.6"
"Miki","Carrasco","35","1","3","1","65.0","114.0","49.0"
"Riko","Carrasco","52","1","3","1","28.3","44.0","15.7"
"Benjamin","Durand","47","1","3","1","41.9","55.6","13.7"
"Hina","Durand","43","1","3","1","49.4","69.2","19.8"
"Jun","Durand","30","1","3","1","43.6","63.0","19.4"
"Kevin","Durand","32","1","3","1","71.7","90.0","18.3"
"Takahiro","Durand","53","1","3","1","54.8","88.2","33.4"
"Daichi","Gonzalez","68","1","3","1","41.9","67.4","25.5"
"Megan","Kennedy","27","1","3","1","81.0","120.0","39.0"
"Akane","Lopez","49","1","3","1","46.7","59.7","13.0"
"Evan","Lopez","35","1","3","1","31.7","53.4","21.7"
"Ren","Lopez","47","1","3","1","65.6","86.4","20.8"
"Laura","McCarthy","34","1","3","1","57.3","96.0","38.7"
"Nina","Rodriguez","34","1","3","1","72.6","77.2","4.6"
"Ariane","Steiner","27","1","3","1","54.0","60.0","6.0"
"Naoto","Steiner","39","1","3","1","61.6","88.5","26.9"
"Jade","Summers","40","1","3","1","59.8","79.7","19.9"
"Kevin","Takahashi","34","1","3","1","64.1","90.0","25.9"
"Tomax","Takahashi","37","1","3","1","53.3","75.2","21.9"
"Ami","Carrasco","26","1","1","1","75.0","73.3","-1.7"
"Jose","Carrasco","29","1","1","1","90.0","90.0","0.0"
"Mai","Carrasco","56","1","1","1","49.2","64.2","15.0"
"Yuta","Carrasco","28","1","1","1","54.5","53.6","-0.9"
"Marianne","Connolly","51","1","1","1","49.3","56.7","7.4"
"Mathis","Connolly","52","1","1","1","66.2","61.4","-4.8"
"Josefa","Durand","41","1","1","1","56.2","59.0","2.8"
"Martina","Durand","37","1","1","1","46.9","48.5","1.6"
"Robert","Durand","45","1","1","1","45.8","50.9","5.1"
"William","Durand","42","1","1","1","41.0","44.1","3.1"
"Tatsuya","Gonzalez","52","1","1","1","65.1","61.5","-3.6"
"Raphael","Kennedy","72","1","1","1","76.2","81.4","5.2"
"Fabian","Lopez","29","1","1","1","39.6","41.7","2.1"
"Paula","Lopez","26","1","1","1","48.3","47.6","-0.7"
"Sho","Lopez","33","1","1","1","42.5","45.6","3.1"
"Frederique","Steiner","40","1","1","1","56.9","59.2","2.3"
"Killian","Steiner","28","1","1","1","74.0","90.0","16.0"
"Jeremy","Summers","40","1","1","1","63.3","62.9","-0.4"
"Lan","Summers","33","1","1","1","53.0","52.1","-0.9"
"Riku","Takahashi","27","1","1","1","44.1","49.4","5.3"
"Rin","Takahashi","30","1","1","1","59.6","56.8","-2.8"
"Karin","Bernard","33","1","1","1","46.7","46.0","-0.7"
"Christian","Carrasco","28","1","2","1","36.0","35.8","-0.2"
"Ignacio","Carrasco","46","1","2","1","54.8","65.4","10.6"
"Joaquin","Carrasco","37","1","2","1","63.5","65.2","1.7"
"Momoko","Carrasco","27","1","2","1","54.1","59.5","5.4"
"Sara","Castro","35","1","2","1","46.0","43.2","-2.8"
"Benjamin","Connolly","27","1","2","1","67.0","70.9","3.9"
"Alejandra","Durand","33","1","2","1","86.3","79.6","-6.7"
"Camila","Durand","30","1","2","1","48.7","52.9","4.2"
"Momoko","Durand","50","1","2","1","76.8","78.5","1.7"
"Rin","Durand","40","1","2","1","30.7","27.1","-3.6"
"Rok","Hajek","48","1","2","1","48.3","47.0","-1.3"
"Carla","Kennedy","34","1","2","1","61.4","66.4","5.0"
"Alexia","Lopez","32","1","2","1","51.5","50.2","-1.3"
"Bastian","Lopez","42","1","2","1","46.2","41.3","-4.9"
"Kaito","Lopez","37","1","2","1","41.0","47.0","6.0"
"Nanami","McCarthy","29","1","2","1","38.5","41.9","3.4"
"Victor","Price","28","1","2","1","79.7","88.9","9.2"
"Sophia","Steiner","59","1","2","1","56.3","56.6","0.3"
"Kana","Summers","51","1","2","1","85.5","83.6","-1.9"
"Aya","Takahashi","37","1","2","1","76.3","74.8","-1.5"
"Eva","Takahashi","31","1","2","1","84.5","44.1","-40.4"
"Shun","Takahashi","38","1","2","1","69.2","65.8","-3.4"
"Adam","Carrasco","35","1","3","1","56.6","53.4","-3.2"
"Ayaka","Carrasco","37","1","3","1","44.0","38.2","-5.8"
"Eva","Carrasco","34","1","3","1","45.0","46.2","1.2"
"Jun","Carrasco","34","1","3","1","83.4","67.4","-16.0"
"Ryouta","Carrasco","49","1","3","1","62.8","54.1","-8.7"
"Antoine","Durand","35","1","3","1","42.3","28.9","-13.4"
"Ava","Durand","25","1","3","1","44.1","41.5","-2.6"
"Ciara","Durand","29","1","3","1","40.5","33.4","-7.1"
"Mitsuku","Durand","29","1","3","1","55.9","60.8","4.9"
"Naoto","Durand","27","1","3","1","89.6","89.9","0.3"
"Takumi","Durand","44","1","3","1","53.6","48.3","-5.3"
"Kenta","Gonzalez","25","1","3","1","74.5","75.2","0.7"
"Pia","Kennedy","66","1","3","1","90.0","80.4","-9.6"
"Erin","Lopez","36","1","3","1","61.4","57.5","-3.9"
"Michael","Lopez","33","1","3","1","36.3","40.3","4.0"
"Adam","McCarthy","37","1","3","1","47.8","49.3","1.5"
"Sakura","McCarthy","45","1","3","1","56.9","58.9","2.0"
"Chloe","Steiner","28","1","3","1","69.7","71.9","2.2"
"Nik","Summers","38","1","3","1","88.7","96.0","7.3"
"Tobias","Summers","43","1","3","1","49.3","52.7","3.4"
"Anna","Takahashi","45","1","3","1","81.9","80.6","-1.3"
"Shauna","Takahashi","27","1","3","1","40.0","42.2","2.2"
"Ross","Bernard","37","1","1","1","46.9","46.9","0.0"
"Bastian","Carrasco","27","1","1","1","51.4","51.4","0.0"
"Daniel","Carrasco","28","1","1","1","50.5","56.8","6.3"
"Jun","Carrasco","30","1","1","1","50.0","42.2","-7.8"
"William","Carrasco","62","1","1","1","96.0","102.0","6.0"
"William","Carrasco","54","1","1","1","62.3","66.8","4.5"
"Asuka","Durand","29","1","1","1","48.6","50.4","1.8"
"Emma","Durand","34","1","1","1","49.0","40.5","-8.5"
"Nathan","Durand","26","1","1","1","48.3","44.1","-4.2"
"Shauna","Durand","65","1","1","1","50.9","41.8","-9.1"
"Shauna","Durand","37","1","1","1","47.7","37.9","-9.8"
"Mitsuku","Gonzalez","48","1","1","1","45.3","41.1","-4.2"
"Akira","Lopez","32","1","1","1","72.9","74.0","1.1"
"David","Lopez","29","1","1","1","40.7","39.0","-1.7"
"Manuel","Lopez","25","1","1","1","59.5","61.5","2.0"
"Sean","Lopez","37","1","1","1","70.5","65.8","-4.7"
"Sara","McCarthy","29","1","1","1","27.2","37.8","10.6"
"Daichi","Steiner","37","1","1","1","64.2","57.3","-6.9"
"Ava","Summers","31","1","1","1","58.6","52.7","-5.9"
"Sebastian","Summers","40","1","1","1","56.3","56.8","0.5"
"Shun","Takahashi","46","1","1","1","47.2","49.2","2.0"
"Sophie","Takahashi","46","1","1","1","82.4","83.1","0.7"
"Chloe","Carrasco","60","1","2","1","76.1","73.1","-3.0"
"Diego","Carrasco","49","1","2","1","53.9","49.0","-4.9"
"Dylan","Carrasco","83","1","2","1","44.2","44.5","0.3"
"Millaray","Carrasco","49","1","2","1","100.0","96.0","-4.0"
"Ren","Carrasco","25","1","2","1","78.8","84.5","5.7"
"Akane","Durand","24","1","2","1","57.1","53.7","-3.4"
"Ciara","Durand","54","1","2","1","55.2","51.7","-3.5"
"Cristobal","Durand","25","1","2","1","54.6","54.6","0.0"
"Jose","Durand","42","1","2","1","52.7","53.3","0.6"
"Nicole","Durand","42","1","2","1","48.2","55.1","6.9"
"Liam","Fiala","25","1","2","1","41.5","46.8","5.3"
"Cristobal","Gonzalez","65","1","2","1","70.9","67.8","-3.1"
"Elias","Lopez","48","1","2","1","30.1","30.5","0.4"
"Naoto","Lopez","35","1","2","1","33.4","57.5","24.1"
"James","McCarthy","69","1","2","1","46.6","52.1","5.5"
"Conor","Novak","38","1","2","1","43.4","47.4","4.0"
"Jacob","Novak","37","1","2","1","44.5","47.7","3.2"
"Kevin","Steiner","32","1","2","1","77.8","72.2","-5.6"
"Maximilian","Steiner","49","1","2","1","42.7","48.1","5.4"
"Pia","Summers","30","1","2","1","53.8","45.6","-8.2"
"Aaron","Takahashi","25","1","2","1","57.6","60.6","3.0"
"Luka","Takahashi","50","1","2","1","44.0","40.6","-3.4"
"Amy","Carrasco","38","1","3","1","44.9","48.3","3.4"
"Haru","Carrasco","33","1","3","1","52.5","60.3","7.8"
"Liam","Carrasco","28","1","3","1","49.7","41.3","-8.4"
"Riku","Carrasco","32","1","3","1","59.6","56.1","-3.5"
"Lukas","Castro","80","1","3","1","58.4","63.6","5.2"
"Ellen","Durand","63","1","3","1","67.2","64.9","-2.3"
"Ignacio","Durand","34","1","3","1","54.6","59.2","4.6"
"Naoki","Durand","51","1","3","1","72.1","74.3","2.2"
"Nicole","Durand","34","1","3","1","59.6","44.9","-14.7"
"Rina","Durand","28","1","3","1","60.2","55.7","-4.5"
"Felipe","Kennedy","32","1","3","1","74.4","82.9","8.5"
"Noemie","Kennedy","73","1","3","1","110.0","87.8","-22.2"
"Daniel","Lopez","34","1","3","1","90.0","82.6","-7.4"
"Gregor","Lopez","34","1","3","1","68.8","77.4","8.6"
"Karin","Lopez","33","1","3","1","39.8","44.3","4.5"
"Naoto","Lopez","39","1","3","1","50.8","30.4","-20.4"
"Jacob","Novak","52","1","3","1","71.3","74.3","3.0"
"Teo","Steiner","41","1","3","1","72.5","70.4","-2.1"
"Alexander","Takahashi","54","1","3","1","30.8","33.1","2.3"
"Alexandere","Takahashi","40","1","3","1","53.6","53.8","0.2"
"Chloe","Takahashi","32","1","3","1","43.1","42.1","-1.0"
