"Loan_ID","loan_status","Principal","terms","effective_date","due_date","paid_off_time","past_due_days","age","education","Gender"
"xqd20166231","PAIDOFF","1000","30","2016-09-08T00:00:00","2016-10-07T00:00:00","2016-09-14T19:31:00","","45","High School or Below","male"
"xqd20168902","PAIDOFF","1000","30","2016-09-08T00:00:00","2016-10-07T00:00:00","2016-10-07T09:00:00","","50","Bechalor","female"
"xqd20160003","PAIDOFF","1000","30","2016-09-08T00:00:00","2016-10-07T00:00:00","2016-09-25T16:58:00","","33","Bechalor","female"
"xqd20160004","PAIDOFF","1000","15","2016-09-08T00:00:00","2016-09-22T00:00:00","2016-09-22T20:00:00","","27","college","male"
"xqd20160005","PAIDOFF","1000","30","2016-09-09T00:00:00","2016-10-08T00:00:00","2016-09-23T21:36:00","","28","college","female"
"xqd20160706","PAIDOFF","300","7","2016-09-09T00:00:00","2016-09-15T00:00:00","2016-09-09T13:45:00","","35","Master or Above","male"
"xqd20160007","PAIDOFF","1000","30","2016-09-09T00:00:00","2016-10-08T00:00:00","2016-10-07T23:07:00","","29","college","male"
"xqd20160008","PAIDOFF","1000","30","2016-09-09T00:00:00","2016-10-08T00:00:00","2016-10-05T20:33:00","","36","college","male"
"xqd20160909","PAIDOFF","1000","30","2016-09-09T00:00:00","2016-10-08T00:00:00","2016-10-08T16:00:00","","28","college","male"
"xqd20160010","PAIDOFF","800","15","2016-09-10T00:00:00","2016-09-24T00:00:00","2016-09-24T13:00:00","","26","college","male"
"xqd20160011","PAIDOFF","300","7","2016-09-10T00:00:00","2016-09-16T00:00:00","2016-09-11T19:11:00","","29","college","male"
"xqd20160012","PAIDOFF","1000","15","2016-09-10T00:00:00","2016-10-09T00:00:00","2016-10-09T16:00:00","","39","High School or Below","male"
"xqd20160013","PAIDOFF","1000","30","2016-09-10T00:00:00","2016-10-09T00:00:00","2016-10-07T23:32:00","","26","college","male"
"xqd20160014","PAIDOFF","900","7","2016-09-10T00:00:00","2016-09-16T00:00:00","2016-09-13T21:57:00","","26","college","female"
"xqd20160015","PAIDOFF","1000","7","2016-09-10T00:00:00","2016-09-16T00:00:00","2016-09-15T14:27:00","","27","High School or Below","male"
"xqd20160016","PAIDOFF","800","15","2016-09-10T00:00:00","2016-09-24T00:00:00","2016-09-24T16:00:00","","26","college","male"
"xqd20160017","PAIDOFF","1000","30","2016-09-10T00:00:00","2016-10-09T00:00:00","2016-09-27T14:21:00","","40","High School or Below","male"
"xqd20160018","PAIDOFF","1000","15","2016-09-10T00:00:00","2016-09-24T00:00:00","2016-09-23T18:49:00","","32","High School or Below","male"
"xqd20160019","PAIDOFF","1000","30","2016-09-10T00:00:00","2016-10-09T00:00:00","2016-10-05T22:05:00","","32","High School or Below","male"
"xqd20160020","PAIDOFF","800","30","2016-09-10T00:00:00","2016-10-09T00:00:00","2016-09-23T07:42:00","","26","college","male"
"xqd20160021","PAIDOFF","1000","30","2016-09-10T00:00:00","2016-10-09T00:00:00","2016-10-09T09:00:00","","26","college","male"
"xqd20160022","PAIDOFF","1000","30","2016-09-10T00:00:00","2016-10-09T00:00:00","2016-10-08T17:09:00","","43","High School or Below","female"
"xqd20160023","PAIDOFF","1000","30","2016-09-10T00:00:00","2016-10-09T00:00:00","2016-10-09T23:00:00","","25","High School or Below","male"
"xqd20160024","PAIDOFF","1000","15","2016-09-10T00:00:00","2016-09-24T00:00:00","2016-09-24T13:00:00","","26","college","male"
"xqd20160025","PAIDOFF","1000","30","2016-09-10T00:00:00","2016-10-09T00:00:00","2016-10-03T12:50:00","","26","college","male"
"xqd20160026","PAIDOFF","1000","30","2016-09-10T00:00:00","2016-10-09T00:00:00","2016-09-29T12:18:00","","29","High School or Below","male"
"xqd20160027","PAIDOFF","800","15","2016-09-10T00:00:00","2016-09-24T00:00:00","2016-09-21T20:16:00","","39","Bechalor","male"
"xqd20170088","PAIDOFF","1000","15","2016-09-10T00:00:00","2016-09-24T00:00:00","2016-09-23T08:21:00","","34","Bechalor","male"
"xqd20160029","PAIDOFF","1000","30","2016-09-11T00:00:00","2016-10-10T00:00:00","2016-09-22T19:17:00","","31","college","male"
"xqd20160030","PAIDOFF","1000","30","2016-09-11T00:00:00","2016-10-10T00:00:00","2016-10-09T17:33:00","","33","college","male"
"xqd88160031","PAIDOFF","800","15","2016-09-11T00:00:00","2016-09-25T00:00:00","2016-09-24T14:41:00","","33","High School or Below","male"
"xqd20160032","PAIDOFF","1000","30","2016-09-11T00:00:00","2016-10-10T00:00:00","2016-10-07T21:48:00","","37","college","male"
"xqd20160033","PAIDOFF","1000","30","2016-09-11T00:00:00","2016-10-10T00:00:00","2016-10-09T17:44:00","","27","college","male"
"xqd22169034","PAIDOFF","1000","30","2016-09-11T00:00:00","2016-10-10T00:00:00","2016-10-09T07:24:00","","37","college","male"
"xqd20160035","PAIDOFF","800","15","2016-09-11T00:00:00","2016-09-25T00:00:00","2016-09-25T21:49:00","","33","college","male"
"xqd20160036","PAIDOFF","800","15","2016-09-11T00:00:00","2016-09-25T00:00:00","2016-09-25T09:00:00","","29","Bechalor","male"
"xqd20160037","PAIDOFF","1000","30","2016-09-11T00:00:00","2016-10-10T00:00:00","2016-10-10T16:00:00","","27","High School or Below","male"
"xqd20160038","PAIDOFF","700","15","2016-09-11T00:00:00","2016-09-25T00:00:00","2016-09-25T13:00:00","","33","High School or Below","male"
"xqd20160039","PAIDOFF","1000","15","2016-09-11T00:00:00","2016-09-25T00:00:00","2016-09-25T09:00:00","","24","college","male"
"xqd20160040","PAIDOFF","1000","30","2016-09-11T00:00:00","2016-10-10T00:00:00","2016-10-10T11:33:00","","21","Bechalor","male"
"xqd20160041","PAIDOFF","1000","15","2016-09-11T00:00:00","2016-09-25T00:00:00","2016-09-25T09:00:00","","32","college","female"
"xqd20160042","PAIDOFF","800","15","2016-09-11T00:00:00","2016-09-25T00:00:00","2016-09-25T14:36:00","","30","college","male"
"xqd20160043","PAIDOFF","1000","7","2016-09-11T00:00:00","2016-09-24T00:00:00","2016-09-24T09:00:00","","31","Bechalor","male"
"xqd20160044","PAIDOFF","1000","15","2016-09-11T00:00:00","2016-09-25T00:00:00","2016-09-20T15:00:00","","30","college","male"
"xqd20160045","PAIDOFF","1000","15","2016-09-11T00:00:00","2016-09-25T00:00:00","2016-09-21T22:29:00","","24","Bechalor","female"
"xqd20160046","PAIDOFF","800","7","2016-09-11T00:00:00","2016-09-17T00:00:00","2016-09-12T22:17:00","","35","High School or Below","male"
"xqd20160047","PAIDOFF","1000","30","2016-09-11T00:00:00","2016-10-10T00:00:00","2016-10-08T14:14:00","","22","High School or Below","male"
"xqd20160048","PAIDOFF","1000","30","2016-09-11T00:00:00","2016-10-10T00:00:00","2016-10-09T08:53:00","","32","college","male"
"xqd20160049","PAIDOFF","1000","30","2016-09-11T00:00:00","2016-10-10T00:00:00","2016-10-10T09:00:00","","32","Bechalor","male"
"xqd20160050","PAIDOFF","800","15","2016-09-11T00:00:00","2016-09-25T00:00:00","2016-09-25T19:21:00","","50","High School or Below","male"
"xqd20160051","PAIDOFF","800","15","2016-09-11T00:00:00","2016-09-25T00:00:00","2016-09-25T13:00:00","","27","college","female"
"xqd20160052","PAIDOFF","1000","30","2016-09-11T00:00:00","2016-10-10T00:00:00","2016-10-10T09:00:00","","35","Bechalor","female"
"xqd20160053","PAIDOFF","800","15","2016-09-11T00:00:00","2016-09-25T00:00:00","2016-09-13T04:34:00","","35","Bechalor","female"
"xqd20160054","PAIDOFF","1000","30","2016-09-11T00:00:00","2016-10-10T00:00:00","2016-10-10T09:00:00","","34","High School or Below","male"
"xqd20160055","PAIDOFF","1000","30","2016-09-11T00:00:00","2016-10-10T00:00:00","2016-10-10T16:00:00","","21","High School or Below","male"
"xqd20160056","PAIDOFF","1000","15","2016-09-11T00:00:00","2016-09-25T00:00:00","2016-09-25T16:00:00","","25","college","male"
"xqd20160057","PAIDOFF","1000","30","2016-09-11T00:00:00","2016-10-10T00:00:00","2016-10-10T09:00:00","","27","High School or Below","male"
"xqd20160058","PAIDOFF","1000","30","2016-09-11T00:00:00","2016-10-10T00:00:00","2016-10-07T02:33:00","","26","Bechalor","male"
"xqd20160059","PAIDOFF","800","15","2016-09-11T00:00:00","2016-09-25T00:00:00","2016-09-24T11:40:00","","44","High School or Below","female"
"xqd20160060","PAIDOFF","800","15","2016-09-11T00:00:00","2016-09-25T00:00:00","2016-09-22T06:38:00","","39","Master or Above","male"
"xqd20160061","PAIDOFF","1000","30","2016-09-11T00:00:00","2016-10-10T00:00:00","2016-09-30T21:12:00","","34","Bechalor","male"
"xqd20160062","PAIDOFF","1000","15","2016-09-11T00:00:00","2016-09-25T00:00:00","2016-09-24T13:42:00","","37","college","male"
"xqd20160063","PAIDOFF","1000","30","2016-09-11T00:00:00","2016-10-10T00:00:00","2016-10-08T07:25:00","","34","High School or Below","male"
"xqd20160064","PAIDOFF","1000","30","2016-09-11T00:00:00","2016-10-10T00:00:00","2016-09-12T11:40:00","","45","college","male"
"xqd20160065","PAIDOFF","800","15","2016-09-11T00:00:00","2016-09-25T00:00:00","2016-09-25T14:38:00","","24","High School or Below","male"
"xqd20160066","PAIDOFF","900","15","2016-09-11T00:00:00","2016-09-25T00:00:00","2016-09-25T23:00:00","","28","college","male"
"xqd20160067","PAIDOFF","1000","30","2016-09-11T00:00:00","2016-10-10T00:00:00","2016-10-08T12:04:00","","28","Bechalor","male"
"xqd20160068","PAIDOFF","1000","30","2016-09-11T00:00:00","2016-10-10T00:00:00","2016-10-10T09:00:00","","37","High School or Below","male"
"xqd20160069","PAIDOFF","300","7","2016-09-11T00:00:00","2016-09-17T00:00:00","2016-09-14T22:05:00","","35","college","male"
"xqd20160070","PAIDOFF","1000","30","2016-09-11T00:00:00","2016-10-10T00:00:00","2016-09-24T13:27:00","","43","Bechalor","male"
"xqd20160071","PAIDOFF","800","15","2016-09-11T00:00:00","2016-09-25T00:00:00","2016-09-22T21:18:00","","29","college","male"
"xqd20160072","PAIDOFF","800","15","2016-09-11T00:00:00","2016-09-25T00:00:00","2016-09-24T22:53:00","","29","High School or Below","male"
"xqd20160073","PAIDOFF","1000","30","2016-09-11T00:00:00","2016-10-10T00:00:00","2016-10-10T16:00:00","","33","Bechalor","female"
"xqd20160074","PAIDOFF","1000","15","2016-09-11T00:00:00","2016-09-25T00:00:00","2016-09-25T09:00:00","","34","college","male"
"xqd20160075","PAIDOFF","1000","15","2016-09-11T00:00:00","2016-09-25T00:00:00","2016-09-25T09:00:00","","25","college","male"
"xqd20160076","PAIDOFF","1000","30","2016-09-11T00:00:00","2016-10-10T00:00:00","2016-10-08T13:12:00","","30","High School or Below","male"
"xqd20160077","PAIDOFF","1000","30","2016-09-11T00:00:00","2016-10-10T00:00:00","2016-10-09T13:49:00","","31","Bechalor","male"
"xqd20160078","PAIDOFF","1000","30","2016-09-11T00:00:00","2016-10-10T00:00:00","2016-10-10T09:00:00","","35","college","male"
"xqd20160079","PAIDOFF","1000","30","2016-09-11T00:00:00","2016-10-10T00:00:00","2016-09-30T14:29:00","","37","college","female"
"xqd20160080","PAIDOFF","1000","30","2016-09-11T00:00:00","2016-10-10T00:00:00","2016-10-10T09:00:00","","44","High School or Below","female"
"xqd20160081","PAIDOFF","1000","30","2016-09-11T00:00:00","2016-10-10T00:00:00","2016-09-21T16:18:00","","28","High School or Below","male"
"xqd20160082","PAIDOFF","1000","7","2016-09-11T00:00:00","2016-09-17T00:00:00","2016-09-13T14:53:00","","25","college","male"
"xqd20160083","PAIDOFF","1000","15","2016-09-11T00:00:00","2016-09-25T00:00:00","2016-09-25T09:00:00","","29","college","male"
"xqd20160084","PAIDOFF","800","15","2016-09-11T00:00:00","2016-09-25T00:00:00","2016-09-25T13:00:00","","33","college","male"
"xqd20160085","PAIDOFF","1000","30","2016-09-11T00:00:00","2016-10-10T00:00:00","2016-10-10T13:00:00","","37","High School or Below","female"
"xqd20160086","PAIDOFF","1000","30","2016-09-11T00:00:00","2016-11-09T00:00:00","2016-11-09T09:00:00","","33","college","male"
"xqd20160087","PAIDOFF","1000","30","2016-09-11T00:00:00","2016-10-10T00:00:00","2016-10-10T09:00:00","","24","High School or Below","female"
"xqd20160088","PAIDOFF","1000","30","2016-09-11T00:00:00","2016-10-10T00:00:00","2016-09-17T13:01:00","","27","college","female"
"xqd20160089","PAIDOFF","800","15","2016-09-11T00:00:00","2016-09-25T00:00:00","2016-09-21T09:35:00","","43","Bechalor","male"
"xqd90160090","PAIDOFF","800","15","2016-09-11T00:00:00","2016-09-25T00:00:00","2016-09-24T20:33:00","","46","High School or Below","female"
"xqd91160291","PAIDOFF","800","15","2016-09-11T00:00:00","2016-09-25T00:00:00","2016-09-25T09:00:00","","34","college","female"
"xqd90160092","PAIDOFF","1000","7","2016-09-11T00:00:00","2016-09-17T00:00:00","2016-09-17T09:00:00","","32","Bechalor","female"
"xqd90163093","PAIDOFF","800","15","2016-09-11T00:00:00","2016-09-25T00:00:00","2016-09-24T00:12:00","","38","High School or Below","male"
"xqd20160094","PAIDOFF","800","15","2016-09-11T00:00:00","2016-09-25T00:00:00","2016-09-21T12:43:00","","27","High School or Below","male"
"xqd20167095","PAIDOFF","1000","30","2016-09-11T00:00:00","2016-10-10T00:00:00","2016-10-10T13:00:00","","33","High School or Below","male"
"xqd20160096","PAIDOFF","1000","30","2016-09-11T00:00:00","2016-10-10T00:00:00","2016-10-08T20:49:00","","36","college","male"
"xqd20160097","PAIDOFF","1000","15","2016-09-11T00:00:00","2016-09-25T00:00:00","2016-09-20T05:38:00","","26","High School or Below","male"
"xqd20160098","PAIDOFF","1000","30","2016-09-11T00:00:00","2016-10-10T00:00:00","2016-10-10T09:01:00","","34","college","male"
"xqd20160099","PAIDOFF","1000","30","2016-09-11T00:00:00","2016-10-10T00:00:00","2016-10-10T09:01:00","","22","High School or Below","male"
"xqd20160100","PAIDOFF","1000","30","2016-09-11T00:00:00","2016-10-10T00:00:00","2016-10-08T16:55:00","","31","Bechalor","female"
"xqd20160101","PAIDOFF","1000","7","2016-09-11T00:00:00","2016-09-17T00:00:00","2016-09-17T09:00:00","","29","High School or Below","male"
"xqd20160102","PAIDOFF","800","15","2016-09-11T00:00:00","2016-09-25T00:00:00","2016-09-25T09:00:00","","38","college","male"
"xqd20160103","PAIDOFF","1000","30","2016-09-11T00:00:00","2016-10-10T00:00:00","2016-10-10T16:00:00","","30","college","male"
"xqd20160104","PAIDOFF","1000","15","2016-09-11T00:00:00","2016-09-25T00:00:00","2016-09-25T23:48:00","","45","High School or Below","male"
"xqd20160105","PAIDOFF","1000","15","2016-09-11T00:00:00","2016-09-25T00:00:00","2016-09-22T13:15:00","","35","college","male"
"xqd20160106","PAIDOFF","1000","30","2016-09-11T00:00:00","2016-10-10T00:00:00","2016-09-23T13:31:00","","30","college","male"
"xqd20160107","PAIDOFF","1000","30","2016-09-11T00:00:00","2016-10-10T00:00:00","2016-10-08T17:19:00","","31","High School or Below","male"
"xqd20160108","PAIDOFF","1000","30","2016-09-11T00:00:00","2016-10-10T00:00:00","2016-10-10T09:01:00","","31","High School or Below","male"
"xqd20160109","PAIDOFF","1000","30","2016-09-11T00:00:00","2016-10-10T00:00:00","2016-10-09T13:05:00","","28","college","male"
"xqd20160110","PAIDOFF","1000","7","2016-09-11T00:00:00","2016-09-24T00:00:00","2016-09-24T13:00:00","","29","college","male"
"xqd20160111","PAIDOFF","800","15","2016-09-11T00:00:00","2016-09-25T00:00:00","2016-09-20T20:47:00","","29","college","male"
"xqd20160112","PAIDOFF","1000","30","2016-09-11T00:00:00","2016-11-09T00:00:00","2016-11-09T09:00:00","","27","college","female"
"xqd20160113","PAIDOFF","1000","30","2016-09-11T00:00:00","2016-10-10T00:00:00","2016-10-10T09:01:00","","27","college","male"
"xqd20160114","PAIDOFF","1000","30","2016-09-11T00:00:00","2016-10-10T00:00:00","2016-10-10T13:01:00","","33","college","male"
"xqd20160115","PAIDOFF","1000","30","2016-09-11T00:00:00","2016-10-10T00:00:00","2016-10-08T21:39:00","","28","college","male"
"xqd20160116","PAIDOFF","1000","15","2016-09-11T00:00:00","2016-09-25T00:00:00","2016-09-25T23:00:00","","25","High School or Below","male"
"xqd20160117","PAIDOFF","1000","30","2016-09-11T00:00:00","2016-10-10T00:00:00","2016-10-07T14:23:00","","40","college","male"
"xqd20160118","PAIDOFF","1000","30","2016-09-11T00:00:00","2016-10-10T00:00:00","2016-10-06T15:25:00","","23","High School or Below","male"
"xqd20160119","PAIDOFF","1000","30","2016-09-11T00:00:00","2016-10-10T00:00:00","2016-10-08T06:56:00","","35","Bechalor","male"
"xqd20160120","PAIDOFF","800","15","2016-09-11T00:00:00","2016-09-25T00:00:00","2016-09-16T11:58:00","","24","college","male"
"xqd20160121","PAIDOFF","1000","30","2016-09-11T00:00:00","2016-10-10T00:00:00","2016-10-10T16:01:00","","34","college","male"
"xqd20160122","PAIDOFF","1000","30","2016-09-11T00:00:00","2016-10-10T00:00:00","2016-09-27T07:02:00","","22","High School or Below","male"
"xqd20160123","PAIDOFF","1000","15","2016-09-11T00:00:00","2016-10-25T00:00:00","2016-10-25T09:00:00","","20","college","male"
"xqd20160124","PAIDOFF","1000","15","2016-09-11T00:00:00","2016-09-25T00:00:00","2016-09-24T11:02:00","","23","college","male"
"xqd20160125","PAIDOFF","1000","30","2016-09-11T00:00:00","2016-10-10T00:00:00","2016-09-29T18:57:00","","33","college","male"
"xqd20160126","PAIDOFF","1000","30","2016-09-11T00:00:00","2016-10-10T00:00:00","2016-10-10T13:01:00","","26","college","male"
"xqd20160127","PAIDOFF","1000","15","2016-09-11T00:00:00","2016-09-25T00:00:00","2016-09-25T09:00:00","","28","High School or Below","male"
"xqd20160128","PAIDOFF","800","15","2016-09-11T00:00:00","2016-09-25T00:00:00","2016-09-25T12:24:00","","43","High School or Below","male"
"xqd78160129","PAIDOFF","1000","15","2016-09-11T00:00:00","2016-09-25T00:00:00","2016-09-25T13:00:00","","34","Bechalor","male"
"xqd20160130","PAIDOFF","1000","30","2016-09-11T00:00:00","2016-10-10T00:00:00","2016-09-26T04:41:00","","38","Bechalor","male"
"xqd20160131","PAIDOFF","1000","15","2016-09-11T00:00:00","2016-09-25T00:00:00","2016-09-22T15:44:00","","26","High School or Below","male"
"xqd20160132","PAIDOFF","800","15","2016-09-11T00:00:00","2016-09-25T00:00:00","2016-09-25T16:00:00","","43","High School or Below","male"
"xqd20160133","PAIDOFF","1000","30","2016-09-11T00:00:00","2016-10-10T00:00:00","2016-10-10T16:13:00","","26","High School or Below","male"
"xqd20160134","PAIDOFF","1000","30","2016-09-11T00:00:00","2016-10-10T00:00:00","2016-09-30T07:12:00","","33","college","female"
"xqd20160135","PAIDOFF","800","15","2016-09-11T00:00:00","2016-09-25T00:00:00","2016-09-23T11:26:00","","24","college","male"
"xqd20160136","PAIDOFF","1000","30","2016-09-11T00:00:00","2016-10-10T00:00:00","2016-09-12T10:26:00","","30","High School or Below","male"
"xqd20160137","PAIDOFF","800","15","2016-09-11T00:00:00","2016-09-25T00:00:00","2016-09-25T13:00:00","","32","High School or Below","female"
"xqd20160138","PAIDOFF","1000","15","2016-09-11T00:00:00","2016-10-25T00:00:00","2016-10-25T09:00:00","","22","college","male"
"xqd20160139","PAIDOFF","1000","15","2016-09-11T00:00:00","2016-09-25T00:00:00","2016-09-22T21:45:00","","47","High School or Below","male"
"xqd56160140","PAIDOFF","1000","30","2016-09-11T00:00:00","2016-10-10T00:00:00","2016-10-09T20:28:00","","20","High School or Below","male"
"xqd20160141","PAIDOFF","1000","30","2016-09-11T00:00:00","2016-10-10T00:00:00","2016-10-01T16:48:00","","28","High School or Below","male"
"xqd20160142","PAIDOFF","800","15","2016-09-11T00:00:00","2016-09-25T00:00:00","2016-09-25T09:01:00","","35","college","male"
"xqd20160143","PAIDOFF","1000","7","2016-09-11T00:00:00","2016-09-17T00:00:00","2016-09-15T20:36:00","","27","High School or Below","male"
"xqd20160144","PAIDOFF","800","15","2016-09-11T00:00:00","2016-09-25T00:00:00","2016-09-21T15:33:00","","33","college","female"
"xqd20160145","PAIDOFF","1000","30","2016-09-11T00:00:00","2016-10-10T00:00:00","2016-09-29T13:36:00","","30","High School or Below","male"
"xqd20160146","PAIDOFF","1000","15","2016-09-11T00:00:00","2016-09-25T00:00:00","2016-09-22T20:51:00","","31","college","male"
"xqd20160147","PAIDOFF","1000","30","2016-09-11T00:00:00","2016-11-09T00:00:00","2016-11-09T23:00:00","","26","college","female"
"xqd20160148","PAIDOFF","300","7","2016-09-12T00:00:00","2016-09-18T00:00:00","2016-09-18T09:00:00","","37","Master or Above","male"
"xqd20160149","PAIDOFF","1000","15","2016-09-12T00:00:00","2016-09-26T00:00:00","2016-09-26T09:00:00","","26","Bechalor","male"
"xqd20160150","PAIDOFF","800","15","2016-09-12T00:00:00","2016-09-26T00:00:00","2016-09-24T10:14:00","","35","Bechalor","male"
"xqd20160151","PAIDOFF","1000","15","2016-09-12T00:00:00","2016-10-26T00:00:00","2016-10-26T09:00:00","","29","college","male"
"xqd34160152","PAIDOFF","800","15","2016-09-12T00:00:00","2016-09-26T00:00:00","2016-09-23T20:30:00","","23","college","male"
"xqd20160153","PAIDOFF","500","15","2016-09-12T00:00:00","2016-09-26T00:00:00","2016-09-13T20:17:00","","23","college","female"
"xqd20160154","PAIDOFF","1000","15","2016-09-12T00:00:00","2016-09-26T00:00:00","2016-09-26T09:00:00","","30","college","male"
"xqd20160155","PAIDOFF","1000","30","2016-09-12T00:00:00","2016-10-11T00:00:00","2016-10-10T07:01:00","","34","college","male"
"xqd20160156","PAIDOFF","1000","30","2016-09-12T00:00:00","2016-10-11T00:00:00","2016-10-11T13:00:00","","36","High School or Below","female"
"xqd20160157","PAIDOFF","1000","15","2016-09-12T00:00:00","2016-09-26T00:00:00","2016-09-26T09:00:00","","26","Bechalor","male"
"xqd20160158","PAIDOFF","800","15","2016-09-12T00:00:00","2016-09-26T00:00:00","2016-09-24T14:55:00","","29","High School or Below","male"
"xqd12160159","PAIDOFF","1000","15","2016-09-12T00:00:00","2016-09-26T00:00:00","2016-09-26T09:00:00","","28","college","female"
"xqd20160160","PAIDOFF","1000","30","2016-09-12T00:00:00","2016-10-11T00:00:00","2016-09-25T20:56:00","","27","High School or Below","male"
"xqd20160161","PAIDOFF","1000","15","2016-09-12T00:00:00","2016-09-26T00:00:00","2016-09-22T10:49:00","","24","High School or Below","male"
"xqd20160162","PAIDOFF","800","15","2016-09-12T00:00:00","2016-09-26T00:00:00","2016-09-25T22:09:00","","31","Bechalor","male"
"xqd20160163","PAIDOFF","1000","30","2016-09-12T00:00:00","2016-10-11T00:00:00","2016-10-11T09:00:00","","28","High School or Below","male"
"xqd28160164","PAIDOFF","1000","15","2016-09-12T00:00:00","2016-09-26T00:00:00","2016-09-26T09:00:00","","27","college","female"
"xqd20160165","PAIDOFF","1000","15","2016-09-12T00:00:00","2016-09-26T00:00:00","2016-09-26T19:33:00","","25","High School or Below","male"
"xqd20160166","PAIDOFF","1000","30","2016-09-12T00:00:00","2016-11-10T00:00:00","2016-11-10T16:00:00","","24","High School or Below","male"
"xqd20160167","PAIDOFF","1000","30","2016-09-12T00:00:00","2016-10-11T00:00:00","2016-10-11T16:00:00","","28","college","male"
"xqd20160168","PAIDOFF","800","30","2016-09-12T00:00:00","2016-10-11T00:00:00","2016-10-11T16:00:00","","28","college","male"
"xqd20160169","PAIDOFF","1000","15","2016-09-12T00:00:00","2016-09-26T00:00:00","2016-09-26T13:00:00","","35","High School or Below","male"
"xqd27160170","PAIDOFF","1000","30","2016-09-12T00:00:00","2016-10-11T00:00:00","2016-10-11T13:00:00","","38","college","male"
"xqd20160171","PAIDOFF","1000","15","2016-09-12T00:00:00","2016-09-26T00:00:00","2016-09-26T16:00:00","","38","High School or Below","male"
"xqd20160172","PAIDOFF","1000","30","2016-09-12T00:00:00","2016-10-11T00:00:00","2016-10-11T16:00:00","","29","college","male"
"xqd20160173","PAIDOFF","800","15","2016-09-12T00:00:00","2016-09-26T00:00:00","2016-09-26T13:00:00","","35","High School or Below","male"
"xqd20160174","PAIDOFF","1000","30","2016-09-12T00:00:00","2016-10-11T00:00:00","2016-09-17T07:39:00","","24","college","male"
"xqd20160175","PAIDOFF","800","15","2016-09-12T00:00:00","2016-09-26T00:00:00","2016-09-22T10:30:00","","39","High School or Below","male"
"xqd20160176","PAIDOFF","800","15","2016-09-12T00:00:00","2016-09-26T00:00:00","2016-09-26T13:00:00","","25","college","male"
"xqd20160177","PAIDOFF","1000","30","2016-09-12T00:00:00","2016-10-11T00:00:00","2016-10-11T16:00:00","","38","High School or Below","male"
"xqd20160178","PAIDOFF","1000","30","2016-09-12T00:00:00","2016-10-11T00:00:00","2016-10-10T20:41:00","","30","college","male"
"xqd20160179","PAIDOFF","1000","30","2016-09-12T00:00:00","2016-10-11T00:00:00","2016-10-11T09:00:00","","21","High School or Below","male"
"xqd20160180","PAIDOFF","1000","30","2016-09-12T00:00:00","2016-10-11T00:00:00","2016-10-10T08:04:00","","46","college","male"
"xqd20160181","PAIDOFF","1000","15","2016-09-12T00:00:00","2016-09-26T00:00:00","2016-09-24T11:00:00","","31","High School or Below","female"
"xqd20160182","PAIDOFF","300","7","2016-09-12T00:00:00","2016-09-18T00:00:00","2016-09-17T09:25:00","","29","High School or Below","male"
"xqd20160183","PAIDOFF","1000","30","2016-09-12T00:00:00","2016-10-11T00:00:00","2016-10-07T11:53:00","","35","High School or Below","male"
"xqd20160184","PAIDOFF","800","15","2016-09-12T00:00:00","2016-09-26T00:00:00","2016-09-25T08:39:00","","30","High School or Below","male"
"xqd20160185","PAIDOFF","1000","30","2016-09-12T00:00:00","2016-10-11T00:00:00","2016-10-11T09:00:00","","27","High School or Below","male"
"xqd20160186","PAIDOFF","1000","30","2016-09-12T00:00:00","2016-10-11T00:00:00","2016-10-10T20:28:00","","31","High School or Below","female"
"xqd20160187","PAIDOFF","1000","30","2016-09-12T00:00:00","2016-10-11T00:00:00","2016-10-01T10:18:00","","33","Bechalor","male"
"xqd20160188","PAIDOFF","1000","15","2016-09-12T00:00:00","2016-09-26T00:00:00","2016-09-26T16:00:00","","34","High School or Below","male"
"xqd20160189","PAIDOFF","800","15","2016-09-12T00:00:00","2016-09-26T00:00:00","2016-09-19T21:07:00","","28","college","male"
"xqd20160190","PAIDOFF","800","15","2016-09-12T00:00:00","2016-09-26T00:00:00","2016-09-26T09:00:00","","42","college","male"
"xqd20160191","PAIDOFF","1000","30","2016-09-12T00:00:00","2016-10-11T00:00:00","2016-09-30T14:38:00","","32","college","male"
"xqd20160192","PAIDOFF","1000","30","2016-09-12T00:00:00","2016-10-11T00:00:00","2016-10-11T13:00:00","","30","High School or Below","male"
"xqd20160193","PAIDOFF","1000","15","2016-09-12T00:00:00","2016-09-26T00:00:00","2016-09-14T20:31:00","","25","High School or Below","female"
"xqd20160194","PAIDOFF","1000","30","2016-09-12T00:00:00","2016-10-11T00:00:00","2016-10-11T09:00:00","","27","High School or Below","female"
"xqd20160195","PAIDOFF","800","15","2016-09-12T00:00:00","2016-09-26T00:00:00","2016-09-24T16:15:00","","21","college","male"
"xqd20160196","PAIDOFF","1000","30","2016-09-12T00:00:00","2016-10-11T00:00:00","2016-10-10T15:49:00","","24","college","male"
"xqd20160197","PAIDOFF","1000","30","2016-09-12T00:00:00","2016-11-10T00:00:00","2016-11-10T13:00:00","","29","college","male"
"xqd20160198","PAIDOFF","1000","15","2016-09-12T00:00:00","2016-09-26T00:00:00","2016-09-23T10:32:00","","40","college","male"
"xqd20160199","PAIDOFF","1000","30","2016-09-12T00:00:00","2016-10-11T00:00:00","2016-09-30T14:03:00","","29","High School or Below","male"
"xqd20160200","PAIDOFF","1000","30","2016-09-12T00:00:00","2016-10-11T00:00:00","2016-10-09T14:17:00","","29","college","male"
"xqd20160201","PAIDOFF","1000","15","2016-09-12T00:00:00","2016-09-26T00:00:00","2016-09-20T08:26:00","","30","college","male"
"xqd20160202","PAIDOFF","1000","30","2016-09-12T00:00:00","2016-10-11T00:00:00","2016-10-11T23:00:00","","26","High School or Below","female"
"xqd20160203","PAIDOFF","1000","15","2016-09-12T00:00:00","2016-09-26T00:00:00","2016-09-24T20:47:00","","36","High School or Below","male"
"xqd20160204","PAIDOFF","800","15","2016-09-12T00:00:00","2016-09-26T00:00:00","2016-09-26T16:00:00","","27","college","male"
"xqd20160205","PAIDOFF","1000","30","2016-09-12T00:00:00","2016-10-11T00:00:00","2016-10-11T09:01:00","","20","college","male"
"xqd20160206","PAIDOFF","1000","7","2016-09-12T00:00:00","2016-09-18T00:00:00","2016-09-16T14:52:00","","26","Bechalor","female"
"xqd20160207","PAIDOFF","1000","30","2016-09-12T00:00:00","2016-11-10T00:00:00","2016-11-10T13:00:00","","26","college","male"
"xqd20160208","PAIDOFF","1000","30","2016-09-12T00:00:00","2016-10-11T00:00:00","2016-10-09T10:00:00","","27","college","male"
"xqd20160209","PAIDOFF","300","7","2016-09-12T00:00:00","2016-09-18T00:00:00","2016-09-12T14:40:00","","23","High School or Below","male"
"xqd20160210","PAIDOFF","1000","30","2016-09-12T00:00:00","2016-10-11T00:00:00","2016-10-11T16:00:00","","39","High School or Below","male"
"xqd20160211","PAIDOFF","1000","15","2016-09-12T00:00:00","2016-09-26T00:00:00","2016-09-23T21:58:00","","27","High School or Below","male"
"xqd20160212","PAIDOFF","1000","30","2016-09-12T00:00:00","2016-10-11T00:00:00","2016-10-08T18:48:00","","30","High School or Below","male"
"xqd20160213","PAIDOFF","1000","30","2016-09-12T00:00:00","2016-10-11T00:00:00","2016-10-10T16:41:00","","33","High School or Below","female"
"xqd20160214","PAIDOFF","1000","30","2016-09-12T00:00:00","2016-10-11T00:00:00","2016-10-11T13:01:00","","27","High School or Below","male"
"xqd20160215","PAIDOFF","1000","30","2016-09-12T00:00:00","2016-10-11T00:00:00","2016-09-16T02:34:00","","35","High School or Below","male"
"xqd20160216","PAIDOFF","1000","30","2016-09-12T00:00:00","2016-11-10T00:00:00","2016-11-10T16:00:00","","29","college","female"
"xqd20160217","PAIDOFF","1000","15","2016-09-12T00:00:00","2016-09-26T00:00:00","2016-09-21T08:11:00","","50","High School or Below","male"
"xqd20160218","PAIDOFF","800","15","2016-09-12T00:00:00","2016-09-26T00:00:00","2016-09-26T09:00:00","","31","High School or Below","female"
"xqd20160219","PAIDOFF","1000","15","2016-09-12T00:00:00","2016-09-26T00:00:00","2016-09-26T13:00:00","","31","High School or Below","male"
"xqd20160220","PAIDOFF","1000","30","2016-09-12T00:00:00","2016-10-11T00:00:00","2016-10-11T13:01:00","","29","High School or Below","male"
"xqd20160221","PAIDOFF","1000","15","2016-09-12T00:00:00","2016-09-26T00:00:00","2016-09-26T23:00:00","","35","college","male"
"xqd20160222","PAIDOFF","1000","30","2016-09-12T00:00:00","2016-10-11T00:00:00","2016-10-11T09:01:00","","39","college","male"
"xqd20160223","PAIDOFF","1000","30","2016-09-12T00:00:00","2016-11-10T00:00:00","2016-11-10T13:00:00","","29","college","male"
"xqd20160224","PAIDOFF","1000","15","2016-09-12T00:00:00","2016-09-26T00:00:00","2016-09-26T23:00:00","","30","High School or Below","male"
"xqd20160225","PAIDOFF","1000","30","2016-09-12T00:00:00","2016-10-11T00:00:00","2016-10-09T10:00:00","","33","Bechalor","male"
"xqd20160226","PAIDOFF","1000","30","2016-09-12T00:00:00","2016-10-11T00:00:00","2016-10-11T13:01:00","","26","High School or Below","male"
"xqd20160227","PAIDOFF","1000","15","2016-09-12T00:00:00","2016-09-26T00:00:00","2016-09-23T14:01:00","","25","High School or Below","male"
"xqd20160228","PAIDOFF","800","15","2016-09-12T00:00:00","2016-09-26T00:00:00","2016-09-25T13:29:00","","37","Bechalor","male"
"xqd20160229","PAIDOFF","800","15","2016-09-12T00:00:00","2016-09-26T00:00:00","2016-09-25T14:50:00","","26","High School or Below","male"
"xqd20160230","PAIDOFF","800","15","2016-09-12T00:00:00","2016-09-26T00:00:00","2016-09-26T09:00:00","","26","college","male"
"xqd20160231","PAIDOFF","1000","15","2016-09-12T00:00:00","2016-10-26T00:00:00","2016-10-26T09:00:00","","27","college","male"
"xqd20160232","PAIDOFF","1000","7","2016-09-12T00:00:00","2016-09-25T00:00:00","2016-09-25T09:01:00","","34","college","female"
"xqd20160233","PAIDOFF","1000","30","2016-09-12T00:00:00","2016-10-11T00:00:00","2016-10-08T15:35:00","","37","college","male"
"xqd20160234","PAIDOFF","1000","30","2016-09-12T00:00:00","2016-10-11T00:00:00","2016-10-11T16:01:00","","36","High School or Below","male"
"xqd20160235","PAIDOFF","800","15","2016-09-12T00:00:00","2016-09-26T00:00:00","2016-09-26T19:35:00","","33","High School or Below","male"
"xqd20160236","PAIDOFF","1000","30","2016-09-12T00:00:00","2016-10-11T00:00:00","2016-10-09T21:28:00","","30","High School or Below","male"
"xqd20160237","PAIDOFF","1000","30","2016-09-12T00:00:00","2016-10-11T00:00:00","2016-10-07T16:45:00","","30","college","male"
"xqd20160238","PAIDOFF","800","15","2016-09-12T00:00:00","2016-09-26T00:00:00","2016-09-24T12:13:00","","36","High School or Below","male"
"xqd20160239","PAIDOFF","1000","15","2016-09-12T00:00:00","2016-10-11T00:00:00","2016-10-11T09:01:00","","29","college","male"
"xqd20160240","PAIDOFF","1000","15","2016-09-12T00:00:00","2016-09-26T00:00:00","2016-09-14T23:02:00","","36","High School or Below","male"
"xqd20160241","PAIDOFF","1000","30","2016-09-12T00:00:00","2016-10-11T00:00:00","2016-10-08T11:03:00","","32","High School or Below","male"
"xqd20160242","PAIDOFF","1000","15","2016-09-12T00:00:00","2016-09-26T00:00:00","2016-09-26T09:00:00","","29","High School or Below","female"
"xqd20160243","PAIDOFF","800","15","2016-09-12T00:00:00","2016-09-26T00:00:00","2016-09-26T23:00:00","","36","Bechalor","male"
"xqd20160244","PAIDOFF","800","15","2016-09-12T00:00:00","2016-09-26T00:00:00","2016-09-25T19:31:00","","30","High School or Below","female"
"xqd20160245","PAIDOFF","1000","7","2016-09-13T00:00:00","2016-09-19T00:00:00","2016-09-14T19:48:00","","31","college","male"
"xqd20160246","PAIDOFF","1000","30","2016-09-13T00:00:00","2016-10-12T00:00:00","2016-10-12T23:00:00","","19","High School or Below","female"
"xqd20160247","PAIDOFF","800","15","2016-09-13T00:00:00","2016-09-27T00:00:00","2016-09-25T12:48:00","","26","college","male"
"xqd20160248","PAIDOFF","800","15","2016-09-13T00:00:00","2016-09-27T00:00:00","2016-09-26T21:18:00","","34","High School or Below","male"
"xqd20160249","PAIDOFF","1000","30","2016-09-13T00:00:00","2016-10-12T00:00:00","2016-10-07T10:22:00","","35","High School or Below","male"
"xqd20160250","PAIDOFF","1000","15","2016-09-13T00:00:00","2016-09-27T00:00:00","2016-09-26T06:17:00","","35","Bechalor","female"
"xqd20160251","PAIDOFF","800","15","2016-09-13T00:00:00","2016-09-27T00:00:00","2016-09-22T16:57:00","","38","college","male"
"xqd20160252","PAIDOFF","1000","30","2016-09-13T00:00:00","2016-10-12T00:00:00","2016-10-09T21:57:00","","29","college","male"
"xqd20160253","PAIDOFF","1000","30","2016-09-13T00:00:00","2016-10-12T00:00:00","2016-10-04T12:59:00","","28","High School or Below","male"
"xqd20160254","PAIDOFF","500","7","2016-09-13T00:00:00","2016-09-19T00:00:00","2016-09-17T20:51:00","","22","High School or Below","male"
"xqd20160255","PAIDOFF","1000","30","2016-09-13T00:00:00","2016-10-12T00:00:00","2016-10-12T23:00:00","","32","college","male"
"xqd20160256","PAIDOFF","1000","30","2016-09-13T00:00:00","2016-10-12T00:00:00","2016-10-08T15:51:00","","31","college","male"
"xqd20160257","PAIDOFF","800","15","2016-09-13T00:00:00","2016-09-27T00:00:00","2016-09-27T09:00:00","","28","college","male"
"xqd20160258","PAIDOFF","1000","15","2016-09-13T00:00:00","2016-09-27T00:00:00","2016-09-27T09:00:00","","37","college","female"
"xqd20160259","PAIDOFF","1000","7","2016-09-13T00:00:00","2016-09-19T00:00:00","2016-09-16T15:57:00","","25","college","male"
"xqd20160260","PAIDOFF","1000","30","2016-09-13T00:00:00","2016-10-12T00:00:00","2016-10-12T09:00:00","","19","High School or Below","male"
"xqd20160261","PAIDOFF","800","15","2016-09-13T00:00:00","2016-09-27T00:00:00","2016-09-26T07:48:00","","51","college","male"
"xqd20160262","PAIDOFF","1000","15","2016-09-13T00:00:00","2016-09-27T00:00:00","2016-09-21T16:53:00","","29","High School or Below","male"
"xqd20160263","PAIDOFF","800","30","2016-09-13T00:00:00","2016-10-12T00:00:00","2016-10-11T00:29:00","","23","college","female"
"xqd20160264","PAIDOFF","1000","15","2016-09-13T00:00:00","2016-09-27T00:00:00","2016-09-25T10:37:00","","30","High School or Below","male"
"xqd20160265","PAIDOFF","800","15","2016-09-13T00:00:00","2016-09-27T00:00:00","2016-09-27T13:00:00","","23","college","male"
"xqd20160266","PAIDOFF","1000","15","2016-09-13T00:00:00","2016-09-27T00:00:00","2016-09-26T15:10:00","","34","Bechalor","female"
"xqd20160267","PAIDOFF","800","15","2016-09-13T00:00:00","2016-09-27T00:00:00","2016-09-24T12:46:00","","31","Bechalor","female"
"xqd20160268","PAIDOFF","1000","15","2016-09-14T00:00:00","2016-09-28T00:00:00","2016-09-28T09:00:00","","24","High School or Below","male"
"xqd20160269","PAIDOFF","1000","30","2016-09-14T00:00:00","2016-10-13T00:00:00","2016-10-13T09:00:00","","42","High School or Below","male"
"xqd20160270","PAIDOFF","800","30","2016-09-14T00:00:00","2016-10-13T00:00:00","2016-10-06T12:09:00","","40","college","female"
"xqd20160271","PAIDOFF","1000","30","2016-09-14T00:00:00","2016-10-13T00:00:00","2016-10-14T11:03:00","","29","High School or Below","male"
"xqd20160272","PAIDOFF","1000","30","2016-09-14T00:00:00","2016-10-13T00:00:00","2016-10-08T17:12:00","","32","college","female"
"xqd20160273","PAIDOFF","1000","30","2016-09-14T00:00:00","2016-11-12T00:00:00","2016-11-12T09:00:00","","28","college","male"
"xqd20160274","PAIDOFF","1000","30","2016-09-14T00:00:00","2016-10-13T00:00:00","2016-10-13T09:00:00","","35","High School or Below","male"
"xqd20160275","PAIDOFF","1000","30","2016-09-14T00:00:00","2016-10-13T00:00:00","2016-10-13T13:00:00","","30","Bechalor","male"
"xqd20160276","PAIDOFF","800","15","2016-09-14T00:00:00","2016-09-28T00:00:00","2016-09-27T15:52:00","","44","college","male"
"xqd20160277","PAIDOFF","800","15","2016-09-14T00:00:00","2016-09-28T00:00:00","2016-09-28T13:00:00","","37","High School or Below","male"
"xqd20160278","PAIDOFF","1000","30","2016-09-14T00:00:00","2016-10-13T00:00:00","2016-10-13T09:00:00","","31","college","male"
"xqd20160279","PAIDOFF","800","15","2016-09-14T00:00:00","2016-09-28T00:00:00","2016-09-15T00:43:00","","36","college","male"
"xqd20160280","PAIDOFF","800","30","2016-09-14T00:00:00","2016-10-13T00:00:00","2016-10-10T10:25:00","","31","college","male"
"xqd20160281","PAIDOFF","800","15","2016-09-14T00:00:00","2016-09-28T00:00:00","2016-09-27T20:41:00","","42","High School or Below","male"
"xqd20160282","PAIDOFF","1000","15","2016-09-14T00:00:00","2016-09-28T00:00:00","2016-09-28T09:00:00","","28","Bechalor","male"
"xqd20160283","PAIDOFF","1000","30","2016-09-14T00:00:00","2016-10-13T00:00:00","2016-10-06T06:51:00","","30","college","male"
"xqd20160284","PAIDOFF","1000","30","2016-09-14T00:00:00","2016-10-13T00:00:00","2016-10-12T06:25:00","","30","High School or Below","male"
"xqd20160285","PAIDOFF","1000","15","2016-09-14T00:00:00","2016-09-28T00:00:00","2016-09-27T22:50:00","","24","Bechalor","male"
"xqd20160286","PAIDOFF","1000","30","2016-09-14T00:00:00","2016-11-12T00:00:00","2016-11-12T09:00:00","","34","Bechalor","male"
"xqd20160287","PAIDOFF","1000","30","2016-09-14T00:00:00","2016-10-13T00:00:00","2016-10-12T12:30:00","","29","college","male"
"xqd20160288","PAIDOFF","1000","30","2016-09-14T00:00:00","2016-10-13T00:00:00","2016-10-12T03:49:00","","38","High School or Below","female"
"xqd20160289","PAIDOFF","1000","30","2016-09-14T00:00:00","2016-10-13T00:00:00","2016-10-13T13:00:00","","34","Bechalor","male"
"xqd20160290","PAIDOFF","800","15","2016-09-14T00:00:00","2016-09-28T00:00:00","2016-09-27T07:48:00","","28","High School or Below","male"
"xqd20160291","PAIDOFF","1000","15","2016-09-14T00:00:00","2016-09-28T00:00:00","2016-09-22T09:28:00","","30","college","female"
"xqd20160292","PAIDOFF","1000","30","2016-09-14T00:00:00","2016-10-13T00:00:00","2016-10-11T16:33:00","","41","High School or Below","male"
"xqd20160293","PAIDOFF","1000","30","2016-09-14T00:00:00","2016-10-13T00:00:00","2016-09-18T16:56:00","","29","college","male"
"xqd20160294","PAIDOFF","1000","30","2016-09-14T00:00:00","2016-10-13T00:00:00","2016-10-13T09:00:00","","37","High School or Below","male"
"xqd20160295","PAIDOFF","1000","30","2016-09-14T00:00:00","2016-10-13T00:00:00","2016-10-13T13:00:00","","36","Bechalor","male"
"xqd20160296","PAIDOFF","1000","30","2016-09-14T00:00:00","2016-10-13T00:00:00","2016-10-13T13:00:00","","30","college","female"
"xqd20160297","PAIDOFF","800","15","2016-09-14T00:00:00","2016-09-28T00:00:00","2016-09-21T04:42:00","","27","college","male"
"xqd20160298","PAIDOFF","1000","30","2016-09-14T00:00:00","2016-10-13T00:00:00","2016-10-13T09:00:00","","29","High School or Below","male"
"xqd20160299","PAIDOFF","1000","30","2016-09-14T00:00:00","2016-10-13T00:00:00","2016-10-13T09:00:00","","40","High School or Below","male"
"xqd20160300","PAIDOFF","1000","30","2016-09-14T00:00:00","2016-10-13T00:00:00","2016-10-13T11:00:00","","28","college","male"
"xqd20160301","COLLECTION","1000","15","2016-09-09T00:00:00","2016-09-23T00:00:00","","76","29","college","male"
"xqd20160302","COLLECTION","1000","30","2016-09-09T00:00:00","2016-10-08T00:00:00","","61","37","High School or Below","male"
"xqd20160303","COLLECTION","1000","30","2016-09-09T00:00:00","2016-10-08T00:00:00","","61","33","High School or Below","male"
"xqd20160304","COLLECTION","800","15","2016-09-09T00:00:00","2016-09-23T00:00:00","","76","27","college","male"
"xqd20160305","COLLECTION","800","15","2016-09-09T00:00:00","2016-09-23T00:00:00","","76","24","Bechalor","male"
"xqd20160306","COLLECTION","1000","15","2016-09-10T00:00:00","2016-09-24T00:00:00","","75","31","High School or Below","female"
"xqd20160307","COLLECTION","800","15","2016-09-10T00:00:00","2016-10-09T00:00:00","","60","28","college","male"
"xqd20160308","COLLECTION","1000","30","2016-09-10T00:00:00","2016-10-09T00:00:00","","60","40","High School or Below","male"
"xqd20160309","COLLECTION","1000","30","2016-09-10T00:00:00","2016-10-09T00:00:00","","60","33","college","male"
"xqd20160310","COLLECTION","800","15","2016-09-10T00:00:00","2016-09-24T00:00:00","","75","41","college","male"
"xqd20160311","COLLECTION","1000","30","2016-09-10T00:00:00","2016-10-09T00:00:00","","60","30","college","male"
"xqd20160312","COLLECTION","800","15","2016-09-10T00:00:00","2016-09-24T00:00:00","","75","26","High School or Below","female"
"xqd20160313","COLLECTION","1000","30","2016-09-10T00:00:00","2016-10-09T00:00:00","","60","27","High School or Below","male"
"xqd20160314","COLLECTION","1000","30","2016-09-10T00:00:00","2016-10-09T00:00:00","","60","20","High School or Below","male"
"xqd20160315","COLLECTION","1000","30","2016-09-10T00:00:00","2016-10-09T00:00:00","","60","24","college","male"
"xqd20160316","COLLECTION","1000","15","2016-09-10T00:00:00","2016-10-09T00:00:00","","60","26","High School or Below","male"
"xqd20160317","COLLECTION","1000","30","2016-09-10T00:00:00","2016-10-09T00:00:00","","60","30","High School or Below","male"
"xqd20160318","COLLECTION","1000","15","2016-09-10T00:00:00","2016-09-24T00:00:00","","75","29","High School or Below","male"
"xqd20160319","COLLECTION","1000","30","2016-09-10T00:00:00","2016-10-09T00:00:00","","60","22","Bechalor","male"
"xqd20160320","COLLECTION","1000","15","2016-09-10T00:00:00","2016-09-24T00:00:00","","75","24","Bechalor","male"
"xqd20160321","COLLECTION","1000","30","2016-09-10T00:00:00","2016-10-09T00:00:00","","60","25","college","male"
"xqd20160322","COLLECTION","1000","30","2016-09-10T00:00:00","2016-10-09T00:00:00","","60","28","High School or Below","male"
"xqd20160323","COLLECTION","1000","30","2016-09-10T00:00:00","2016-10-09T00:00:00","","60","37","college","male"
"xqd20160324","COLLECTION","800","15","2016-09-10T00:00:00","2016-09-24T00:00:00","","75","32","college","male"
"xqd20160325","COLLECTION","1000","15","2016-09-10T00:00:00","2016-09-24T00:00:00","","75","34","college","male"
"xqd20160326","COLLECTION","1000","30","2016-09-11T00:00:00","2016-10-10T00:00:00","","59","28","Bechalor","male"
"xqd20160327","COLLECTION","800","15","2016-09-11T00:00:00","2016-09-25T00:00:00","","74","35","Bechalor","male"
"xqd20160328","COLLECTION","1000","30","2016-09-11T00:00:00","2016-11-09T00:00:00","","29","27","college","male"
"xqd20160329","COLLECTION","1000","30","2016-09-11T00:00:00","2016-10-10T00:00:00","","59","24","High School or Below","female"
"xqd20160330","COLLECTION","1000","30","2016-09-11T00:00:00","2016-10-10T00:00:00","","59","44","Bechalor","male"
"xqd20160331","COLLECTION","1000","15","2016-09-11T00:00:00","2016-10-25T00:00:00","","44","31","college","male"
"xqd20160332","COLLECTION","800","15","2016-09-11T00:00:00","2016-09-25T00:00:00","","74","27","college","male"
"xqd20160333","COLLECTION","1000","30","2016-09-11T00:00:00","2016-10-10T00:00:00","","59","21","High School or Below","male"
"xqd20160334","COLLECTION","1000","30","2016-09-11T00:00:00","2016-10-10T00:00:00","","59","30","High School or Below","female"
"xqd20160335","COLLECTION","1000","30","2016-09-11T00:00:00","2016-10-10T00:00:00","","59","38","college","female"
"xqd20160336","COLLECTION","1000","30","2016-09-11T00:00:00","2016-10-10T00:00:00","","59","34","High School or Below","male"
"xqd20160337","COLLECTION","1000","30","2016-09-11T00:00:00","2016-10-10T00:00:00","","59","31","college","male"
"xqd20160338","COLLECTION","1000","30","2016-09-11T00:00:00","2016-10-10T00:00:00","","59","23","High School or Below","male"
"xqd20160339","COLLECTION","1000","15","2016-09-11T00:00:00","2016-09-25T00:00:00","","74","27","college","female"
"xqd20160340","COLLECTION","1000","15","2016-09-11T00:00:00","2016-09-25T00:00:00","","74","39","High School or Below","male"
"xqd20160341","COLLECTION","1000","30","2016-09-11T00:00:00","2016-10-10T00:00:00","","59","30","High School or Below","female"
"xqd20160342","COLLECTION","1000","30","2016-09-11T00:00:00","2016-10-10T00:00:00","","59","25","college","male"
"xqd20160343","COLLECTION","1000","15","2016-09-11T00:00:00","2016-09-25T00:00:00","","74","50","Master or Above","male"
"xqd20160344","COLLECTION","1000","30","2016-09-11T00:00:00","2016-10-10T00:00:00","","59","23","High School or Below","male"
"xqd20160345","COLLECTION","800","15","2016-09-11T00:00:00","2016-09-25T00:00:00","","74","38","Bechalor","male"
"xqd20160346","COLLECTION","1000","30","2016-09-11T00:00:00","2016-10-10T00:00:00","","59","27","High School or Below","male"
"xqd20160347","COLLECTION","1000","30","2016-09-11T00:00:00","2016-11-09T00:00:00","","29","31","High School or Below","male"
"xqd20160348","COLLECTION","800","15","2016-09-11T00:00:00","2016-09-25T00:00:00","","74","40","college","male"
"xqd20160349","COLLECTION","1000","30","2016-09-11T00:00:00","2016-10-10T00:00:00","","59","32","High School or Below","male"
"xqd20160350","COLLECTION","800","15","2016-09-11T00:00:00","2016-09-25T00:00:00","","74","29","college","male"
"xqd20160351","COLLECTION","1000","30","2016-09-11T00:00:00","2016-10-10T00:00:00","","59","26","High School or Below","male"
"xqd20160352","COLLECTION","1000","15","2016-09-11T00:00:00","2016-09-25T00:00:00","","74","25","college","male"
"xqd20160353","COLLECTION","1000","30","2016-09-11T00:00:00","2016-10-10T00:00:00","","59","35","High School or Below","male"
"xqd20160354","COLLECTION","1000","30","2016-09-11T00:00:00","2016-10-10T00:00:00","","59","41","High School or Below","male"
"xqd20160355","COLLECTION","1000","30","2016-09-11T00:00:00","2016-10-10T00:00:00","","59","37","High School or Below","male"
"xqd20160356","COLLECTION","1000","15","2016-09-11T00:00:00","2016-10-10T00:00:00","","59","34","college","male"
"xqd20160357","COLLECTION","1000","30","2016-09-11T00:00:00","2016-10-10T00:00:00","","59","45","High School or Below","male"
"xqd20160358","COLLECTION","1000","30","2016-09-11T00:00:00","2016-10-10T00:00:00","","59","26","Bechalor","male"
"xqd20160359","COLLECTION","1000","30","2016-09-11T00:00:00","2016-10-10T00:00:00","","59","32","college","male"
"xqd20160360","COLLECTION","1000","30","2016-09-11T00:00:00","2016-10-10T00:00:00","","59","28","High School or Below","male"
"xqd20160361","COLLECTION","1000","30","2016-09-11T00:00:00","2016-10-10T00:00:00","","59","34","college","male"
"xqd20160362","COLLECTION","800","15","2016-09-11T00:00:00","2016-09-25T00:00:00","","74","29","High School or Below","male"
"xqd20160363","COLLECTION","1000","30","2016-09-11T00:00:00","2016-10-10T00:00:00","","59","26","High School or Below","male"
"xqd20160364","COLLECTION","1000","15","2016-09-11T00:00:00","2016-09-25T00:00:00","","74","26","college","male"
"xqd20160365","COLLECTION","800","15","2016-09-11T00:00:00","2016-09-25T00:00:00","","74","22","college","male"
"xqd20160366","COLLECTION","1000","30","2016-09-11T00:00:00","2016-10-10T00:00:00","","59","27","High School or Below","female"
"xqd20160367","COLLECTION","800","30","2016-09-11T00:00:00","2016-10-10T00:00:00","","59","33","High School or Below","male"
"xqd20160368","COLLECTION","800","15","2016-09-11T00:00:00","2016-09-25T00:00:00","","74","28","Bechalor","male"
"xqd20160369","COLLECTION","1000","30","2016-09-11T00:00:00","2016-10-10T00:00:00","","59","24","college","male"
"xqd20160370","COLLECTION","1000","30","2016-09-11T00:00:00","2016-10-10T00:00:00","","59","37","High School or Below","male"
"xqd20160371","COLLECTION","800","15","2016-09-11T00:00:00","2016-09-25T00:00:00","","74","36","High School or Below","male"
"xqd20160372","COLLECTION","1000","30","2016-09-11T00:00:00","2016-10-10T00:00:00","","59","18","college","male"
"xqd20160373","COLLECTION","800","15","2016-09-11T00:00:00","2016-09-25T00:00:00","","74","25","High School or Below","male"
"xqd20160374","COLLECTION","1000","15","2016-09-11T00:00:00","2016-09-25T00:00:00","","74","40","High School or Below","male"
"xqd20182575","COLLECTION","1000","30","2016-09-11T00:00:00","2016-10-10T00:00:00","","59","29","college","male"
"xqd20160376","COLLECTION","800","15","2016-09-11T00:00:00","2016-09-25T00:00:00","","74","26","High School or Below","female"
"xqd20151038","COLLECTION","1000","15","2016-09-11T00:00:00","2016-09-25T00:00:00","","74","30","college","male"
"xqd20160378","COLLECTION","1000","30","2016-09-11T00:00:00","2016-10-10T00:00:00","","59","33","college","male"
"xqd20197340","COLLECTION","1000","30","2016-09-11T00:00:00","2016-10-10T00:00:00","","59","30","college","male"
"xqd20160380","COLLECTION","1000","30","2016-09-11T00:00:00","2016-10-10T00:00:00","","59","32","college","male"
"xqd20160381","COLLECTION","1000","30","2016-09-11T00:00:00","2016-10-10T00:00:00","","59","25","High School or Below","male"
"xqd20160382","COLLECTION","800","15","2016-09-11T00:00:00","2016-09-25T00:00:00","","74","35","High School or Below","male"
"xqd20175721","COLLECTION","1000","15","2016-09-11T00:00:00","2016-09-25T00:00:00","","74","30","Bechalor","male"
"xqd20160384","COLLECTION","1000","30","2016-09-11T00:00:00","2016-10-10T00:00:00","","59","26","High School or Below","male"
"xqd20160385","COLLECTION","1000","30","2016-09-11T00:00:00","2016-10-10T00:00:00","","59","29","High School or Below","male"
"xqd20160386","COLLECTION","1000","30","2016-09-11T00:00:00","2016-11-09T00:00:00","","29","26","High School or Below","male"
"xqd20160387","COLLECTION","800","15","2016-09-11T00:00:00","2016-09-25T00:00:00","","74","46","High School or Below","male"
"xqd20160388","COLLECTION","1000","30","2016-09-11T00:00:00","2016-10-10T00:00:00","","59","36","High School or Below","male"
"xqd20160389","COLLECTION","1000","15","2016-09-11T00:00:00","2016-09-25T00:00:00","","74","38","Bechalor","male"
"xqd20160390","COLLECTION","1000","15","2016-09-11T00:00:00","2016-10-25T00:00:00","","44","32","High School or Below","male"
"xqd20160391","COLLECTION","1000","15","2016-09-11T00:00:00","2016-09-25T00:00:00","","74","30","college","male"
"xqd20125284","COLLECTION","800","15","2016-09-11T00:00:00","2016-09-25T00:00:00","","74","35","High School or Below","male"
"xqd20160393","COLLECTION","1000","30","2016-09-11T00:00:00","2016-10-10T00:00:00","","59","29","college","female"
"xqd20160394","COLLECTION","1000","30","2016-09-11T00:00:00","2016-11-09T00:00:00","","29","26","college","male"
"xqd20160395","COLLECTION","800","15","2016-09-11T00:00:00","2016-09-25T00:00:00","","74","32","High School or Below","male"
"xqd20160396","COLLECTION","1000","30","2016-09-11T00:00:00","2016-10-10T00:00:00","","59","25","High School or Below","male"
"xqd20160397","COLLECTION","1000","30","2016-09-12T00:00:00","2016-10-11T00:00:00","","58","33","High School or Below","male"
"xqd20160398","COLLECTION","800","15","2016-09-12T00:00:00","2016-09-26T00:00:00","","73","39","college","male"
"xqd20160399","COLLECTION","1000","30","2016-09-12T00:00:00","2016-11-10T00:00:00","","28","28","college","male"
"xqd20160400","COLLECTION","1000","30","2016-09-12T00:00:00","2016-10-11T00:00:00","","58","26","college","male"
"xqd20160401","COLLECTION_PAIDOFF","1000","30","2016-09-09T00:00:00","2016-10-08T00:00:00","2016-10-10T11:45:00","2","26","college","male"
"xqd20160402","COLLECTION_PAIDOFF","1000","15","2016-09-09T00:00:00","2016-09-23T00:00:00","2016-09-27T17:00:00","4","28","college","male"
"xqd20320403","COLLECTION_PAIDOFF","1000","30","2016-09-09T00:00:00","2016-11-07T00:00:00","2016-11-20T14:10:00","13","39","college","male"
"xqd20160404","COLLECTION_PAIDOFF","1000","15","2016-09-09T00:00:00","2016-09-23T00:00:00","2016-09-28T15:38:00","5","29","Bechalor","male"
"xqd20190405","COLLECTION_PAIDOFF","800","15","2016-09-09T00:00:00","2016-09-23T00:00:00","2016-09-26T17:22:00","3","33","High School or Below","male"
"xqd20160406","COLLECTION_PAIDOFF","1000","30","2016-09-10T00:00:00","2016-10-09T00:00:00","2016-10-21T14:00:00","12","27","college","male"
"xqd20160407","COLLECTION_PAIDOFF","800","15","2016-09-10T00:00:00","2016-09-24T00:00:00","2016-09-26T11:03:00","2","34","college","male"
"xqd20160408","COLLECTION_PAIDOFF","1000","30","2016-09-10T00:00:00","2016-10-09T00:00:00","2016-11-05T15:39:00","27","26","High School or Below","male"
"xqd20110409","COLLECTION_PAIDOFF","1000","30","2016-09-10T00:00:00","2016-10-09T00:00:00","2016-11-22T15:53:00","44","28","High School or Below","male"
"xqd20160410","COLLECTION_PAIDOFF","1000","15","2016-09-10T00:00:00","2016-09-24T00:00:00","2016-09-29T10:30:00","5","32","Bechalor","male"
"xqd20160411","COLLECTION_PAIDOFF","800","15","2016-09-10T00:00:00","2016-10-09T00:00:00","2016-10-10T15:18:00","1","27","college","female"
"xqd20160412","COLLECTION_PAIDOFF","1000","30","2016-09-10T00:00:00","2016-10-09T00:00:00","2016-11-05T10:49:00","27","21","college","male"
"xqd20160413","COLLECTION_PAIDOFF","800","15","2016-09-11T00:00:00","2016-09-25T00:00:00","2016-09-27T17:10:00","2","39","college","male"
"xqd20169083","COLLECTION_PAIDOFF","1000","15","2016-09-11T00:00:00","2016-09-25T00:00:00","2016-09-26T11:35:00","1","38","college","male"
"xqd20160415","COLLECTION_PAIDOFF","1000","30","2016-09-11T00:00:00","2016-10-10T00:00:00","2016-10-12T09:59:00","2","36","High School or Below","female"
"xqd20160416","COLLECTION_PAIDOFF","800","15","2016-09-11T00:00:00","2016-09-25T00:00:00","2016-09-27T17:14:00","2","33","college","male"
"xqd20160417","COLLECTION_PAIDOFF","1000","30","2016-09-11T00:00:00","2016-10-10T00:00:00","2016-10-11T12:45:00","1","21","college","female"
"xqd20160418","COLLECTION_PAIDOFF","800","15","2016-09-11T00:00:00","2016-09-25T00:00:00","2016-09-28T11:38:00","3","25","High School or Below","male"
"xqd20160419","COLLECTION_PAIDOFF","800","15","2016-09-11T00:00:00","2016-09-25T00:00:00","2016-10-07T13:21:00","12","29","college","male"
"xqd20160420","COLLECTION_PAIDOFF","1000","30","2016-09-11T00:00:00","2016-10-10T00:00:00","2016-11-04T15:37:00","25","33","High School or Below","male"
"xqd20160421","COLLECTION_PAIDOFF","1000","15","2016-09-11T00:00:00","2016-09-25T00:00:00","2016-09-28T17:39:00","3","47","High School or Below","female"
"xqd20160422","COLLECTION_PAIDOFF","1000","30","2016-09-11T00:00:00","2016-10-10T00:00:00","2016-10-12T09:52:00","2","33","college","male"
"xqd20160423","COLLECTION_PAIDOFF","800","15","2016-09-11T00:00:00","2016-09-25T00:00:00","2016-09-29T15:12:00","4","23","High School or Below","male"
"xqd20160424","COLLECTION_PAIDOFF","1000","15","2016-09-11T00:00:00","2016-10-10T00:00:00","2016-10-12T11:17:00","2","24","college","male"
"xqd20880425","COLLECTION_PAIDOFF","1000","30","2016-09-11T00:00:00","2016-11-09T00:00:00","2016-11-10T22:58:00","1","27","High School or Below","male"
"xqd20160426","COLLECTION_PAIDOFF","1000","30","2016-09-11T00:00:00","2016-10-10T00:00:00","2016-11-03T15:23:00","24","32","Bechalor","male"
"xqd20160427","COLLECTION_PAIDOFF","1000","30","2016-09-11T00:00:00","2016-10-10T00:00:00","2016-10-11T16:44:00","1","33","college","male"
"xqd20160428","COLLECTION_PAIDOFF","1000","30","2016-09-11T00:00:00","2016-10-10T00:00:00","2016-10-11T11:02:00","2","27","college","female"
"xqd20160429","COLLECTION_PAIDOFF","1000","30","2016-09-11T00:00:00","2016-10-10T00:00:00","2016-10-12T13:17:00","2","35","High School or Below","male"
"xqd20160430","COLLECTION_PAIDOFF","500","15","2016-09-11T00:00:00","2016-10-10T00:00:00","2016-10-11T17:22:00","1","37","Bechalor","male"
"xqd20160431","COLLECTION_PAIDOFF","800","15","2016-09-11T00:00:00","2016-09-25T00:00:00","2016-09-28T14:02:00","3","28","Bechalor","male"
"xqd20160432","COLLECTION_PAIDOFF","1000","15","2016-09-11T00:00:00","2016-09-25T00:00:00","2016-09-29T13:42:00","4","33","college","male"
"xqd20160433","COLLECTION_PAIDOFF","800","7","2016-09-11T00:00:00","2016-09-17T00:00:00","2016-09-19T15:00:00","2","34","Bechalor","female"
"xqd20160434","COLLECTION_PAIDOFF","1000","30","2016-09-11T00:00:00","2016-10-10T00:00:00","2016-10-12T14:32:00","2","29","college","male"
"xqd20160435","COLLECTION_PAIDOFF","1000","30","2016-09-11T00:00:00","2016-10-10T00:00:00","2016-10-11T11:33:00","1","34","Bechalor","male"
"xqd20160436","COLLECTION_PAIDOFF","1000","30","2016-09-11T00:00:00","2016-10-10T00:00:00","2016-10-11T16:27:00","1","29","Bechalor","male"
"xqd20790437","COLLECTION_PAIDOFF","1000","30","2016-09-11T00:00:00","2016-10-10T00:00:00","2016-11-15T15:27:00","36","24","High School or Below","male"
"xqd20160438","COLLECTION_PAIDOFF","1000","30","2016-09-11T00:00:00","2016-10-10T00:00:00","2016-10-11T16:13:00","1","34","High School or Below","male"
"xqd20160439","COLLECTION_PAIDOFF","1000","30","2016-09-11T00:00:00","2016-10-10T00:00:00","2016-10-17T10:06:00","7","25","college","female"
"xqd20160440","COLLECTION_PAIDOFF","1000","30","2016-09-11T00:00:00","2016-11-09T00:00:00","2016-11-14T13:15:00","5","24","college","male"
"xqd20160441","COLLECTION_PAIDOFF","1000","30","2016-09-11T00:00:00","2016-10-10T00:00:00","2016-10-24T16:20:00","14","30","college","male"
"xqd20160442","COLLECTION_PAIDOFF","1000","15","2016-09-11T00:00:00","2016-09-25T00:00:00","2016-09-27T16:35:00","2","28","college","male"
"xqd20160443","COLLECTION_PAIDOFF","1000","30","2016-09-11T00:00:00","2016-10-10T00:00:00","2016-10-11T11:48:00","1","24","High School or Below","male"
"xqd20160444","COLLECTION_PAIDOFF","1000","30","2016-09-11T00:00:00","2016-10-10T00:00:00","2016-11-07T19:21:00","28","26","college","female"
"xqd20160445","COLLECTION_PAIDOFF","1000","30","2016-09-11T00:00:00","2016-10-10T00:00:00","2016-10-12T16:22:00","2","24","High School or Below","male"
"xqd20160446","COLLECTION_PAIDOFF","1000","15","2016-09-11T00:00:00","2016-09-25T00:00:00","2016-09-27T17:24:00","2","29","college","male"
"xqd20420447","COLLECTION_PAIDOFF","1000","30","2016-09-11T00:00:00","2016-10-10T00:00:00","2016-11-04T11:07:00","25","31","college","male"
"xqd20160448","COLLECTION_PAIDOFF","1000","30","2016-09-11T00:00:00","2016-10-10T00:00:00","2016-11-02T09:39:00","23","26","college","male"
"xqd20160449","COLLECTION_PAIDOFF","1000","30","2016-09-11T00:00:00","2016-10-10T00:00:00","2016-10-13T18:18:00","3","25","High School or Below","male"
"xqd20160450","COLLECTION_PAIDOFF","1000","30","2016-09-11T00:00:00","2016-10-10T00:00:00","2016-10-11T11:29:00","1","29","college","male"
"xqd20160451","COLLECTION_PAIDOFF","1000","30","2016-09-11T00:00:00","2016-10-10T00:00:00","2016-10-13T16:27:00","3","38","college","male"
"xqd20160452","COLLECTION_PAIDOFF","800","15","2016-09-11T00:00:00","2016-09-25T00:00:00","2016-09-29T11:19:00","4","41","college","male"
"xqd20390453","COLLECTION_PAIDOFF","1000","15","2016-09-11T00:00:00","2016-09-25T00:00:00","2016-09-28T11:17:00","3","26","High School or Below","male"
"xqd20160454","COLLECTION_PAIDOFF","1000","30","2016-09-12T00:00:00","2016-10-11T00:00:00","2016-10-14T11:04:00","3","26","High School or Below","male"
"xqd20160455","COLLECTION_PAIDOFF","1000","30","2016-09-12T00:00:00","2016-10-11T00:00:00","2016-10-17T17:40:00","6","35","High School or Below","male"
"xqd20160456","COLLECTION_PAIDOFF","1000","15","2016-09-12T00:00:00","2016-09-26T00:00:00","2016-09-28T09:42:00","2","37","college","male"
"xqd20160457","COLLECTION_PAIDOFF","1000","30","2016-09-12T00:00:00","2016-10-11T00:00:00","2016-11-18T15:52:00","38","25","college","male"
"xqd20160458","COLLECTION_PAIDOFF","1000","30","2016-09-12T00:00:00","2016-10-11T00:00:00","2016-10-30T14:19:00","19","24","college","male"
"xqd20160459","COLLECTION_PAIDOFF","1000","30","2016-09-12T00:00:00","2016-10-11T00:00:00","2016-10-13T15:10:00","2","34","college","male"
"xqd20160460","COLLECTION_PAIDOFF","800","15","2016-09-12T00:00:00","2016-09-26T00:00:00","2016-09-28T13:36:00","2","33","college","male"
"xqd20490461","COLLECTION_PAIDOFF","800","15","2016-09-12T00:00:00","2016-09-26T00:00:00","2016-09-28T15:34:00","2","38","Bechalor","male"
"xqd20160462","COLLECTION_PAIDOFF","1000","30","2016-09-12T00:00:00","2016-11-10T00:00:00","2016-11-17T11:55:00","7","38","High School or Below","male"
"xqd20160463","COLLECTION_PAIDOFF","1000","30","2016-09-12T00:00:00","2016-11-10T00:00:00","2016-11-15T18:51:00","5","26","college","male"
"xqd20870464","COLLECTION_PAIDOFF","1000","15","2016-09-12T00:00:00","2016-09-26T00:00:00","2016-09-30T10:23:00","4","37","Bechalor","male"
"xqd20160465","COLLECTION_PAIDOFF","1000","30","2016-09-12T00:00:00","2016-11-10T00:00:00","2016-11-11T17:17:00","1","42","High School or Below","female"
"xqd20169466","COLLECTION_PAIDOFF","1000","30","2016-09-12T00:00:00","2016-10-11T00:00:00","2016-10-12T12:54:00","1","49","High School or Below","female"
"xqd20160467","COLLECTION_PAIDOFF","1000","30","2016-09-12T00:00:00","2016-10-11T00:00:00","2016-10-15T09:48:00","4","26","High School or Below","male"
"xqd20160468","COLLECTION_PAIDOFF","1000","15","2016-09-12T00:00:00","2016-10-26T00:00:00","2016-10-27T11:14:00","1","41","High School or Below","male"
"xqd20160469","COLLECTION_PAIDOFF","1000","30","2016-09-12T00:00:00","2016-10-11T00:00:00","2016-10-15T14:14:00","4","38","High School or Below","male"
"xqd25660470","COLLECTION_PAIDOFF","1000","30","2016-09-12T00:00:00","2016-10-11T00:00:00","2016-12-02T09:45:00","52","26","High School or Below","male"
"xqd20160471","COLLECTION_PAIDOFF","1000","15","2016-09-12T00:00:00","2016-09-26T00:00:00","2016-09-28T15:02:00","2","32","High School or Below","male"
"xqd20160472","COLLECTION_PAIDOFF","1000","30","2016-09-12T00:00:00","2016-10-11T00:00:00","2016-11-04T14:46:00","24","27","Bechalor","male"
"xqd20160473","COLLECTION_PAIDOFF","800","15","2016-09-12T00:00:00","2016-09-26T00:00:00","2016-11-16T12:12:00","51","33","college","male"
"xqd20160474","COLLECTION_PAIDOFF","1000","30","2016-09-12T00:00:00","2016-10-11T00:00:00","2016-10-14T19:02:00","3","30","High School or Below","male"
"xqd20160475","COLLECTION_PAIDOFF","800","15","2016-09-12T00:00:00","2016-09-26T00:00:00","2016-09-28T11:34:00","2","26","High School or Below","female"
"xqd20160476","COLLECTION_PAIDOFF","1000","30","2016-09-12T00:00:00","2016-10-11T00:00:00","2016-11-09T18:12:00","29","35","college","female"
"xqd20160477","COLLECTION_PAIDOFF","800","15","2016-09-12T00:00:00","2016-10-26T00:00:00","2016-10-31T13:07:00","5","46","college","female"
"xqd20160478","COLLECTION_PAIDOFF","1000","30","2016-09-12T00:00:00","2016-10-11T00:00:00","2016-10-20T17:38:00","9","27","college","male"
"xqd20160479","COLLECTION_PAIDOFF","1000","15","2016-09-12T00:00:00","2016-10-11T00:00:00","2016-11-07T08:55:00","27","22","High School or Below","male"
"xqd20160480","COLLECTION_PAIDOFF","1000","30","2016-09-12T00:00:00","2016-10-11T00:00:00","2016-10-12T18:26:00","1","27","Bechalor","male"
"xqd20160481","COLLECTION_PAIDOFF","1000","15","2016-09-12T00:00:00","2016-09-26T00:00:00","2016-10-25T13:44:00","29","30","Bechalor","male"
"xqd20160482","COLLECTION_PAIDOFF","1000","15","2016-09-12T00:00:00","2016-09-26T00:00:00","2016-09-29T15:07:00","3","27","High School or Below","male"
"xqd20160483","COLLECTION_PAIDOFF","800","15","2016-09-12T00:00:00","2016-09-26T00:00:00","2016-09-27T11:40:00","1","47","college","male"
"xqd20160484","COLLECTION_PAIDOFF","1000","30","2016-09-12T00:00:00","2016-10-11T00:00:00","2016-10-18T19:08:00","7","30","college","male"
"xqd20160485","COLLECTION_PAIDOFF","1000","30","2016-09-12T00:00:00","2016-10-11T00:00:00","2016-10-15T09:23:00","4","26","college","male"
"xqd20160486","COLLECTION_PAIDOFF","1000","30","2016-09-12T00:00:00","2016-10-11T00:00:00","2016-10-14T10:07:00","3","38","High School or Below","male"
"xqd20160487","COLLECTION_PAIDOFF","800","15","2016-09-12T00:00:00","2016-09-26T00:00:00","2016-11-21T11:36:00","56","46","High School or Below","male"
"xqd20160488","COLLECTION_PAIDOFF","1000","30","2016-09-12T00:00:00","2016-10-11T00:00:00","2016-10-13T12:02:00","2","35","Bechalor","male"
"xqd20160489","COLLECTION_PAIDOFF","1000","15","2016-09-12T00:00:00","2016-09-26T00:00:00","2016-10-09T19:30:00","13","45","college","male"
"xqd20160490","COLLECTION_PAIDOFF","1000","30","2016-09-12T00:00:00","2016-10-11T00:00:00","2016-10-12T18:04:00","1","36","college","male"
"xqd20160491","COLLECTION_PAIDOFF","1000","30","2016-09-12T00:00:00","2016-10-11T00:00:00","2016-10-17T10:53:00","6","38","High School or Below","male"
"xqd20160492","COLLECTION_PAIDOFF","1000","30","2016-09-12T00:00:00","2016-10-11T00:00:00","2016-11-09T13:41:00","29","27","college","male"
"xqd20160493","COLLECTION_PAIDOFF","1000","30","2016-09-12T00:00:00","2016-10-11T00:00:00","2016-10-25T17:44:00","14","27","Bechalor","male"
"xqd20160494","COLLECTION_PAIDOFF","1000","15","2016-09-12T00:00:00","2016-09-26T00:00:00","2016-09-29T12:45:00","3","29","college","male"
"xqd20160495","COLLECTION_PAIDOFF","1000","30","2016-09-12T00:00:00","2016-10-11T00:00:00","2016-10-13T14:45:00","2","30","High School or Below","male"
"xqd20160496","COLLECTION_PAIDOFF","1000","30","2016-09-12T00:00:00","2016-10-11T00:00:00","2016-10-14T19:08:00","3","28","High School or Below","male"
"xqd20160497","COLLECTION_PAIDOFF","1000","15","2016-09-12T00:00:00","2016-09-26T00:00:00","2016-10-10T20:02:00","14","26","High School or Below","male"
"xqd20160498","COLLECTION_PAIDOFF","800","15","2016-09-12T00:00:00","2016-09-26T00:00:00","2016-09-29T11:49:00","3","30","college","male"
"xqd20160499","COLLECTION_PAIDOFF","1000","30","2016-09-12T00:00:00","2016-11-10T00:00:00","2016-11-11T22:40:00","1","38","college","female"
"xqd20160500","COLLECTION_PAIDOFF","1000","30","2016-09-12T00:00:00","2016-10-11T00:00:00","2016-10-19T11:58:00","8","28","High School or Below","male"
