"date","home_team","away_team","home_score","away_score","tournament","city","country","neutral"
"1872-11-30T00:00:00","Scotland","England","0","0","Friendly","Glasgow","Scotland","FALSE"
"1873-03-08T00:00:00","England","Scotland","4","2","Friendly","London","England","FALSE"
"1874-03-07T00:00:00","Scotland","England","2","1","Friendly","Glasgow","Scotland","FALSE"
"1875-03-06T00:00:00","England","Scotland","2","2","Friendly","London","England","FALSE"
"1876-03-04T00:00:00","Scotland","England","3","0","Friendly","Glasgow","Scotland","FALSE"
"1876-03-25T00:00:00","Scotland","Wales","4","0","Friendly","Glasgow","Scotland","FALSE"
"1877-03-03T00:00:00","England","Scotland","1","3","Friendly","London","England","FALSE"
"1877-03-05T00:00:00","Wales","Scotland","0","2","Friendly","Wrexham","Wales","FALSE"
"1878-03-02T00:00:00","Scotland","England","7","2","Friendly","Glasgow","Scotland","FALSE"
"1878-03-23T00:00:00","Scotland","Wales","9","0","Friendly","Glasgow","Scotland","FALSE"
"1879-01-18T00:00:00","England","Wales","2","1","Friendly","London","England","FALSE"
"1879-04-05T00:00:00","England","Scotland","5","4","Friendly","London","England","FALSE"
"1879-04-07T00:00:00","Wales","Scotland","0","3","Friendly","Wrexham","Wales","FALSE"
"1880-03-13T00:00:00","Scotland","England","5","4","Friendly","Glasgow","Scotland","FALSE"
"1880-03-15T00:00:00","Wales","England","2","3","Friendly","Wrexham","Wales","FALSE"
"1880-03-27T00:00:00","Scotland","Wales","5","1","Friendly","Glasgow","Scotland","FALSE"
"1881-02-26T00:00:00","England","Wales","0","1","Friendly","Blackburn","England","FALSE"
"1881-03-12T00:00:00","England","Scotland","1","6","Friendly","London","England","FALSE"
"1881-03-14T00:00:00","Wales","Scotland","1","5","Friendly","Wrexham","Wales","FALSE"
"1882-02-18T00:00:00","Northern Ireland","England","0","13","Friendly","Belfast","Republic of Ireland","FALSE"
"1882-02-25T00:00:00","Wales","Northern Ireland","7","1","Friendly","Wrexham","Wales","FALSE"
"1882-03-11T00:00:00","Scotland","England","5","1","Friendly","Glasgow","Scotland","FALSE"
"1882-03-13T00:00:00","Wales","England","5","3","Friendly","Wrexham","Wales","FALSE"
"1882-03-25T00:00:00","Scotland","Wales","5","0","Friendly","Glasgow","Scotland","FALSE"
"1883-02-03T00:00:00","England","Wales","5","0","Friendly","London","England","FALSE"
"1883-02-24T00:00:00","England","Northern Ireland","7","0","Friendly","Liverpool","England","FALSE"
"1883-03-10T00:00:00","England","Scotland","2","3","Friendly","Sheffield","England","FALSE"
"1883-03-12T00:00:00","Wales","Scotland","0","3","Friendly","Wrexham","Wales","FALSE"
"1883-03-17T00:00:00","Northern Ireland","Wales","1","1","Friendly","Belfast","Republic of Ireland","FALSE"
"1884-01-26T00:00:00","Northern Ireland","Scotland","0","5","British Championship","Belfast","Republic of Ireland","FALSE"
"1884-02-09T00:00:00","Wales","Northern Ireland","6","0","British Championship","Wrexham","Wales","FALSE"
"1884-02-23T00:00:00","Northern Ireland","England","1","8","British Championship","Belfast","Republic of Ireland","FALSE"
"1884-03-15T00:00:00","Scotland","England","1","0","British Championship","Glasgow","Scotland","FALSE"
"1884-03-17T00:00:00","Wales","England","0","4","British Championship","Wrexham","Wales","FALSE"
"1884-03-29T00:00:00","Scotland","Wales","4","1","British Championship","Glasgow","Scotland","FALSE"
"1885-02-28T00:00:00","England","Northern Ireland","4","0","British Championship","Manchester","England","FALSE"
"1885-03-14T00:00:00","England","Wales","1","1","British Championship","Blackburn","England","FALSE"
"1885-03-14T00:00:00","Scotland","Northern Ireland","8","2","British Championship","Glasgow","Scotland","FALSE"
"1885-03-21T00:00:00","England","Scotland","1","1","British Championship","London","England","FALSE"
"1885-03-23T00:00:00","Wales","Scotland","1","8","British Championship","Wrexham","Wales","FALSE"
"1885-04-11T00:00:00","Northern Ireland","Wales","2","8","British Championship","Belfast","Republic of Ireland","FALSE"
"1885-11-28T00:00:00","United States","Canada","0","1","Friendly","Newark","United States","FALSE"
"1886-02-27T00:00:00","Wales","Northern Ireland","5","0","British Championship","Wrexham","Wales","FALSE"
"1886-03-13T00:00:00","Northern Ireland","England","1","6","British Championship","Belfast","Republic of Ireland","FALSE"
"1886-03-20T00:00:00","Northern Ireland","Scotland","2","7","British Championship","Belfast","Republic of Ireland","FALSE"
"1886-03-27T00:00:00","Scotland","England","1","1","British Championship","Glasgow","Scotland","FALSE"
"1886-03-29T00:00:00","Wales","England","1","3","British Championship","Wrexham","Wales","FALSE"
"1886-04-10T00:00:00","Scotland","Wales","4","1","British Championship","Glasgow","Scotland","FALSE"
"1886-11-25T00:00:00","United States","Canada","3","2","Friendly","Newark","United States","FALSE"
"1887-02-05T00:00:00","England","Northern Ireland","7","0","British Championship","Sheffield","England","FALSE"
"1887-02-19T00:00:00","Scotland","Northern Ireland","4","1","British Championship","Glasgow","Scotland","FALSE"
"1887-02-26T00:00:00","England","Wales","4","0","British Championship","London","England","FALSE"
"1887-03-12T00:00:00","Northern Ireland","Wales","4","1","British Championship","Belfast","Republic of Ireland","FALSE"
"1887-03-19T00:00:00","England","Scotland","2","3","British Championship","Blackburn","England","FALSE"
"1887-03-21T00:00:00","Wales","Scotland","0","2","British Championship","Wrexham","Wales","FALSE"
"1888-02-04T00:00:00","England","Wales","5","1","British Championship","Crewe","England","FALSE"
"1888-03-03T00:00:00","Wales","Northern Ireland","11","0","British Championship","Wrexham","Wales","FALSE"
"1888-03-10T00:00:00","Scotland","Wales","5","1","British Championship","Edinburgh","Scotland","FALSE"
"1888-03-17T00:00:00","Scotland","England","0","5","British Championship","Glasgow","Scotland","FALSE"
"1888-03-24T00:00:00","Northern Ireland","Scotland","2","10","British Championship","Belfast","Republic of Ireland","FALSE"
"1888-04-07T00:00:00","Northern Ireland","England","1","5","British Championship","Belfast","Republic of Ireland","FALSE"
"1888-09-19T00:00:00","Scotland","Canada","4","0","Friendly","Glasgow","Scotland","FALSE"
"1889-02-23T00:00:00","England","Wales","4","1","British Championship","Stoke-on-Trent","England","FALSE"
"1889-03-02T00:00:00","England","Northern Ireland","6","1","British Championship","Liverpool","England","FALSE"
"1889-03-09T00:00:00","Scotland","Northern Ireland","7","0","British Championship","Glasgow","Scotland","FALSE"
"1889-04-13T00:00:00","England","Scotland","2","3","British Championship","London","England","FALSE"
"1889-04-15T00:00:00","Wales","Scotland","0","0","British Championship","Wrexham","Wales","FALSE"
"1889-04-27T00:00:00","Northern Ireland","Wales","1","3","British Championship","Belfast","Republic of Ireland","FALSE"
"1890-02-08T00:00:00","Wales","Northern Ireland","5","2","British Championship","Shrewsbury","England","TRUE"
"1890-03-15T00:00:00","Northern Ireland","England","1","9","British Championship","Belfast","Republic of Ireland","FALSE"
"1890-03-15T00:00:00","Wales","England","1","3","British Championship","Wrexham","Wales","FALSE"
"1890-03-22T00:00:00","Scotland","Wales","5","0","British Championship","Paisley","Scotland","FALSE"
"1890-03-29T00:00:00","Northern Ireland","Scotland","1","4","British Championship","Belfast","Republic of Ireland","FALSE"
"1890-04-05T00:00:00","Scotland","England","1","1","British Championship","Glasgow","Scotland","FALSE"
"1891-02-07T00:00:00","Northern Ireland","Wales","7","2","British Championship","Belfast","Republic of Ireland","FALSE"
"1891-03-07T00:00:00","England","Wales","4","1","British Championship","Sunderland","England","FALSE"
"1891-03-07T00:00:00","England","Northern Ireland","6","1","British Championship","Wolverhampton","England","FALSE"
"1891-03-21T00:00:00","Wales","Scotland","3","4","British Championship","Wrexham","Wales","FALSE"
"1891-03-28T00:00:00","Scotland","Northern Ireland","2","1","British Championship","Glasgow","Scotland","FALSE"
"1891-04-06T00:00:00","England","Scotland","2","1","British Championship","Blackburn","England","FALSE"
"1892-02-27T00:00:00","Wales","Northern Ireland","1","1","British Championship","Bangor","Wales","FALSE"
"1892-03-05T00:00:00","Northern Ireland","England","0","2","British Championship","Belfast","Republic of Ireland","FALSE"
"1892-03-05T00:00:00","Wales","England","0","2","British Championship","Wrexham","Wales","FALSE"
"1892-03-19T00:00:00","Northern Ireland","Scotland","2","3","British Championship","Belfast","Republic of Ireland","FALSE"
"1892-03-26T00:00:00","Scotland","Wales","6","1","British Championship","Edinburgh","Scotland","FALSE"
"1892-04-02T00:00:00","Scotland","England","1","4","British Championship","Glasgow","Scotland","FALSE"
"1893-02-25T00:00:00","England","Northern Ireland","6","1","British Championship","Birmingham","England","FALSE"
"1893-03-13T00:00:00","England","Wales","6","0","British Championship","Stoke-on-Trent","England","FALSE"
"1893-03-18T00:00:00","Wales","Scotland","0","8","British Championship","Wrexham","Wales","FALSE"
"1893-03-25T00:00:00","Scotland","Northern Ireland","6","1","British Championship","Glasgow","Scotland","FALSE"
"1893-04-01T00:00:00","England","Scotland","5","2","British Championship","Richmond","England","FALSE"
"1894-02-24T00:00:00","Wales","Northern Ireland","4","1","British Championship","Swansea","Wales","FALSE"
"1894-03-03T00:00:00","Northern Ireland","England","2","2","British Championship","Belfast","Republic of Ireland","FALSE"
"1894-03-12T00:00:00","Wales","England","1","5","British Championship","Wrexham","Wales","FALSE"
"1894-03-24T00:00:00","Scotland","Wales","5","2","British Championship","Kilmarnock","Scotland","FALSE"
"1894-03-31T00:00:00","Northern Ireland","Scotland","1","2","British Championship","Belfast","Republic of Ireland","FALSE"
"1894-04-07T00:00:00","Scotland","England","2","2","British Championship","Glasgow","Scotland","FALSE"
"1895-03-09T00:00:00","England","Northern Ireland","9","0","British Championship","Derby","England","FALSE"
"1895-03-16T00:00:00","Northern Ireland","Wales","2","2","British Championship","Belfast","Republic of Ireland","FALSE"
"1895-03-18T00:00:00","England","Wales","1","1","British Championship","London","England","FALSE"
"1895-03-23T00:00:00","Wales","Scotland","2","2","British Championship","Wrexham","Wales","FALSE"
"1895-03-30T00:00:00","Scotland","Northern Ireland","3","1","British Championship","Glasgow","Scotland","FALSE"
"1895-04-06T00:00:00","England","Scotland","3","0","British Championship","Liverpool","England","FALSE"
"1896-02-29T00:00:00","Wales","Northern Ireland","6","1","British Championship","Wrexham","Wales","FALSE"
"1896-03-07T00:00:00","Northern Ireland","England","0","2","British Championship","Belfast","Republic of Ireland","FALSE"
"1896-03-16T00:00:00","Wales","England","1","9","British Championship","Cardiff","Wales","FALSE"
"1896-03-21T00:00:00","Scotland","Wales","4","0","British Championship","Dundee","Scotland","FALSE"
"1896-03-28T00:00:00","Northern Ireland","Scotland","3","3","British Championship","Belfast","Republic of Ireland","FALSE"
"1896-04-04T00:00:00","Scotland","England","2","1","British Championship","Glasgow","Scotland","FALSE"
"1897-02-20T00:00:00","England","Northern Ireland","6","0","British Championship","Nottingham","England","FALSE"
"1897-03-06T00:00:00","Northern Ireland","Wales","4","3","British Championship","Belfast","Republic of Ireland","FALSE"
"1897-03-20T00:00:00","Wales","Scotland","2","2","British Championship","Wrexham","Wales","FALSE"
"1897-03-27T00:00:00","Scotland","Northern Ireland","5","1","British Championship","Glasgow","Scotland","FALSE"
"1897-03-29T00:00:00","England","Wales","4","0","British Championship","Sheffield","England","FALSE"
"1897-04-03T00:00:00","England","Scotland","1","2","British Championship","London","England","FALSE"
"1898-02-19T00:00:00","Wales","Northern Ireland","0","1","British Championship","Llandudno","Wales","FALSE"
"1898-03-05T00:00:00","Northern Ireland","England","2","3","British Championship","Belfast","Republic of Ireland","FALSE"
"1898-03-19T00:00:00","Scotland","Wales","5","2","British Championship","Motherwell","Scotland","FALSE"
"1898-03-26T00:00:00","Northern Ireland","Scotland","0","3","British Championship","Belfast","Republic of Ireland","FALSE"
"1898-03-28T00:00:00","Wales","England","0","3","British Championship","Wrexham","Wales","FALSE"
"1898-04-02T00:00:00","Scotland","England","1","3","British Championship","Glasgow","Scotland","FALSE"
"1899-02-18T00:00:00","England","Northern Ireland","13","2","British Championship","Sunderland","England","FALSE"
"1899-03-04T00:00:00","Northern Ireland","Wales","1","0","British Championship","Belfast","Republic of Ireland","FALSE"
"1899-03-18T00:00:00","Wales","Scotland","0","6","British Championship","Wrexham","Wales","FALSE"
"1899-03-20T00:00:00","England","Wales","4","0","British Championship","Bristol","England","FALSE"
"1899-03-25T00:00:00","Scotland","Northern Ireland","9","1","British Championship","Glasgow","Scotland","FALSE"
"1899-04-08T00:00:00","England","Scotland","2","1","British Championship","Birmingham","England","FALSE"
"1900-02-03T00:00:00","Scotland","Wales","5","2","British Championship","Aberdeen","Scotland","FALSE"
"1900-02-24T00:00:00","Wales","Northern Ireland","2","0","British Championship","Llandudno","Wales","FALSE"
"1900-03-03T00:00:00","Northern Ireland","Scotland","0","3","British Championship","Belfast","Republic of Ireland","FALSE"
"1900-03-17T00:00:00","Northern Ireland","England","0","2","British Championship","Dublin","Republic of Ireland","FALSE"
"1900-03-26T00:00:00","Wales","England","1","1","British Championship","Cardiff","Wales","FALSE"
"1900-04-07T00:00:00","Scotland","England","4","1","British Championship","Glasgow","Scotland","FALSE"
"1901-02-23T00:00:00","Scotland","Northern Ireland","11","0","British Championship","Glasgow","Scotland","FALSE"
"1901-03-02T00:00:00","Wales","Scotland","1","1","British Championship","Wrexham","Wales","FALSE"
"1901-03-09T00:00:00","England","Northern Ireland","3","0","British Championship","Southampton","England","FALSE"
"1901-03-18T00:00:00","England","Wales","6","0","British Championship","Newcastle","England","FALSE"
"1901-03-23T00:00:00","Northern Ireland","Wales","0","1","British Championship","Belfast","Republic of Ireland","FALSE"
"1901-03-30T00:00:00","England","Scotland","2","2","British Championship","London","England","FALSE"
"1902-02-22T00:00:00","Wales","Northern Ireland","0","3","British Championship","Cardiff","Wales","FALSE"
"1902-03-01T00:00:00","Northern Ireland","Scotland","1","5","British Championship","Belfast","Republic of Ireland","FALSE"
"1902-03-03T00:00:00","Wales","England","0","0","British Championship","Wrexham","Wales","FALSE"
"1902-03-15T00:00:00","Scotland","Wales","5","1","British Championship","Greenock","Scotland","FALSE"
"1902-03-22T00:00:00","Northern Ireland","England","0","1","British Championship","Belfast","Republic of Ireland","FALSE"
"1902-05-03T00:00:00","England","Scotland","2","2","British Championship","Birmingham","England","FALSE"
"1902-07-20T00:00:00","Uruguay","Argentina","0","6","Friendly","Montevideo","Uruguay","FALSE"
"1902-10-12T00:00:00","Austria","Hungary","5","0","Friendly","Vienna","Austria","FALSE"
"1903-02-14T00:00:00","England","Northern Ireland","4","0","British Championship","Wolverhampton","England","FALSE"
"1903-03-02T00:00:00","England","Wales","2","1","British Championship","Portsmouth","England","FALSE"
"1903-03-09T00:00:00","Wales","Scotland","0","1","British Championship","Cardiff","Wales","FALSE"
"1903-03-21T00:00:00","Scotland","Northern Ireland","0","2","British Championship","Glasgow","Scotland","FALSE"
"1903-03-28T00:00:00","Northern Ireland","Wales","2","0","British Championship","Belfast","Republic of Ireland","FALSE"
"1903-04-04T00:00:00","England","Scotland","1","2","British Championship","Sheffield","England","FALSE"
"1903-04-05T00:00:00","Hungary","Czechoslovakia","2","1","Friendly","Budapest","Hungary","FALSE"
"1903-09-13T00:00:00","Argentina","Uruguay","2","3","Friendly","Buenos Aires","Argentina","FALSE"
"1903-10-11T00:00:00","Austria","Hungary","4","2","Friendly","Vienna","Austria","FALSE"
"1904-02-29T00:00:00","Wales","England","2","2","British Championship","Wrexham","Wales","FALSE"
"1904-03-12T00:00:00","Northern Ireland","England","1","3","British Championship","Belfast","Republic of Ireland","FALSE"
"1904-03-12T00:00:00","Scotland","Wales","1","1","British Championship","Dundee","Scotland","FALSE"
"1904-03-21T00:00:00","Wales","Northern Ireland","0","1","British Championship","Bangor","Wales","FALSE"
"1904-03-26T00:00:00","Northern Ireland","Scotland","1","1","British Championship","Dublin","Republic of Ireland","FALSE"
"1904-04-09T00:00:00","Scotland","England","0","1","British Championship","Glasgow","Scotland","FALSE"
"1904-05-01T00:00:00","Belgium","France","3","3","Friendly","Brussels","Belgium","FALSE"
"1904-06-02T00:00:00","Hungary","Austria","3","0","Friendly","Budapest","Hungary","FALSE"
"1905-02-12T00:00:00","France","Switzerland","1","0","Friendly","Paris","France","FALSE"
"1905-02-25T00:00:00","England","Northern Ireland","1","1","British Championship","Middlesbrough","England","FALSE"
"1905-03-06T00:00:00","Wales","Scotland","3","1","British Championship","Wrexham","Wales","FALSE"
"1905-03-18T00:00:00","Scotland","Northern Ireland","4","0","British Championship","Glasgow","Scotland","FALSE"
"1905-03-27T00:00:00","England","Wales","3","1","British Championship","Liverpool","England","FALSE"
"1905-04-01T00:00:00","England","Scotland","1","0","British Championship","London","England","FALSE"
"1905-04-08T00:00:00","Northern Ireland","Wales","2","2","British Championship","Belfast","Republic of Ireland","FALSE"
"1905-04-09T00:00:00","Hungary","Austria","0","0","Friendly","Budapest","Hungary","FALSE"
"1905-04-30T00:00:00","Belgium","Netherlands","1","4","Friendly","Antwerp","Belgium","FALSE"
"1905-05-07T00:00:00","Belgium","France","7","0","Friendly","Brussels","Belgium","FALSE"
"1905-05-14T00:00:00","Netherlands","Belgium","4","0","Friendly","Rotterdam","Netherlands","FALSE"
"1905-08-15T00:00:00","Argentina","Uruguay","0","0","Copa Lipton","Buenos Aires","Argentina","FALSE"
"1906-02-17T00:00:00","Northern Ireland","England","0","5","British Championship","Belfast","Republic of Ireland","FALSE"
"1906-03-03T00:00:00","Scotland","Wales","0","2","British Championship","Edinburgh","Scotland","FALSE"
"1906-03-17T00:00:00","Northern Ireland","Scotland","0","1","British Championship","Dublin","Republic of Ireland","FALSE"
"1906-03-19T00:00:00","Wales","England","0","1","British Championship","Cardiff","Wales","FALSE"
"1906-04-01T00:00:00","Hungary","Czechoslovakia","1","1","Friendly","Budapest","Hungary","FALSE"
"1906-04-02T00:00:00","Wales","Northern Ireland","4","4","British Championship","Wrexham","Wales","FALSE"
"1906-04-07T00:00:00","Scotland","England","2","1","British Championship","Glasgow","Scotland","FALSE"
"1906-04-22T00:00:00","France","Belgium","0","5","Friendly","Saint-Cloud","France","FALSE"
"1906-04-29T00:00:00","Belgium","Netherlands","5","0","Friendly","Antwerp","Belgium","FALSE"
"1906-05-13T00:00:00","Netherlands","Belgium","2","3","Friendly","Rotterdam","Netherlands","FALSE"
"1906-08-15T00:00:00","Uruguay","Argentina","0","2","Copa Lipton","Montevideo","Uruguay","FALSE"
"1906-10-07T00:00:00","Czechoslovakia","Hungary","4","4","Friendly","Prague","Bohemia","FALSE"
"1906-10-21T00:00:00","Argentina","Uruguay","2","1","Copa Newton","Buenos Aires","Argentina","FALSE"
"1906-11-04T00:00:00","Hungary","Austria","3","1","Friendly","Budapest","Hungary","FALSE"
"1907-02-16T00:00:00","England","Northern Ireland","1","0","British Championship","Liverpool","England","FALSE"
"1907-02-23T00:00:00","Northern Ireland","Wales","2","3","British Championship","Belfast","Republic of Ireland","FALSE"
"1907-03-04T00:00:00","Wales","Scotland","1","0","British Championship","Wrexham","Wales","FALSE"
"1907-03-16T00:00:00","Scotland","Northern Ireland","3","0","British Championship","Glasgow","Scotland","FALSE"
"1907-03-18T00:00:00","England","Wales","1","1","British Championship","London","England","FALSE"
"1907-04-06T00:00:00","England","Scotland","1","1","British Championship","Newcastle","England","FALSE"
"1907-04-07T00:00:00","Hungary","Czechoslovakia","5","2","Friendly","Budapest","Hungary","FALSE"
"1907-04-14T00:00:00","Belgium","Netherlands","1","3","Friendly","Antwerp","Belgium","FALSE"
"1907-04-21T00:00:00","Belgium","France","1","2","Friendly","Brussels","Belgium","FALSE"
"1907-05-05T00:00:00","Austria","Hungary","3","1","Friendly","Vienna","Austria","FALSE"
"1907-05-09T00:00:00","Netherlands","Belgium","1","2","Friendly","Haarlem","Netherlands","FALSE"
"1907-10-06T00:00:00","Czechoslovakia","Hungary","5","3","Friendly","Prague","Bohemia","FALSE"
"1907-11-03T00:00:00","Hungary","Austria","4","1","Friendly","Budapest","Hungary","FALSE"
"1908-02-15T00:00:00","Northern Ireland","England","1","3","British Championship","Belfast","Republic of Ireland","FALSE"
"1908-03-07T00:00:00","Scotland","Wales","2","1","British Championship","Dundee","Scotland","FALSE"
"1908-03-08T00:00:00","Switzerland","France","1","2","Friendly","Geneva","Switzerland","FALSE"
"1908-03-14T00:00:00","Northern Ireland","Scotland","0","5","British Championship","Dublin","Republic of Ireland","FALSE"
"1908-03-16T00:00:00","Wales","England","1","7","British Championship","Wrexham","Wales","FALSE"
"1908-03-29T00:00:00","Belgium","Netherlands","1","4","Friendly","Antwerp","Belgium","FALSE"
"1908-04-04T00:00:00","Scotland","England","1","1","British Championship","Glasgow","Scotland","FALSE"
"1908-04-05T00:00:00","Hungary","Czechoslovakia","5","2","Friendly","Budapest","Hungary","FALSE"
"1908-04-05T00:00:00","Switzerland","Germany","5","3","Friendly","Basel","Switzerland","FALSE"
"1908-04-11T00:00:00","Wales","Northern Ireland","0","1","British Championship","Aberdare","Wales","FALSE"
"1908-04-12T00:00:00","France","Belgium","1","2","Friendly","Colombes","France","FALSE"
"1908-04-26T00:00:00","Netherlands","Belgium","3","1","Friendly","Rotterdam","Netherlands","FALSE"
"1908-05-03T00:00:00","Austria","Hungary","4","0","Friendly","Vienna","Austria","FALSE"
"1908-05-10T00:00:00","Netherlands","France","4","1","Friendly","Rotterdam","Netherlands","FALSE"
"1908-06-06T00:00:00","Austria","England","1","6","Friendly","Vienna","Austria","FALSE"
"1908-06-07T00:00:00","Austria","Germany","3","2","Friendly","Vienna","Austria","FALSE"
"1908-06-08T00:00:00","Austria","England","1","11","Friendly","Vienna","Austria","FALSE"
"1908-06-10T00:00:00","Hungary","England","0","7","Friendly","Budapest","Hungary","FALSE"
"1908-06-13T00:00:00","Czechoslovakia","England","0","4","Friendly","Prague","Bohemia","FALSE"
"1908-07-12T00:00:00","Sweden","Norway","11","3","Friendly","Gothenburg","Sweden","FALSE"
"1908-08-15T00:00:00","Uruguay","Argentina","2","2","Copa Lipton","Montevideo","Uruguay","FALSE"
"1908-09-13T00:00:00","Argentina","Uruguay","2","1","Copa Newton","Buenos Aires","Argentina","FALSE"
"1908-10-04T00:00:00","Argentina","Uruguay","0","1","Copa Premio Honor Argentino","Buenos Aires","Argentina","FALSE"
"1908-10-25T00:00:00","Netherlands","Sweden","5","3","Friendly","The Hague","Netherlands","FALSE"
"1908-10-26T00:00:00","Belgium","Sweden","2","1","Friendly","Brussels","Belgium","FALSE"
"1908-11-01T00:00:00","Hungary","Austria","5","3","Friendly","Budapest","Hungary","FALSE"
"1909-02-13T00:00:00","England","Northern Ireland","4","0","British Championship","Bradford","England","FALSE"
"1909-03-01T00:00:00","Wales","Scotland","3","2","British Championship","Wrexham","Wales","FALSE"
"1909-03-15T00:00:00","England","Wales","2","0","British Championship","Nottingham","England","FALSE"
"1909-03-15T00:00:00","Scotland","Northern Ireland","5","0","British Championship","Glasgow","Scotland","FALSE"
"1909-03-20T00:00:00","Northern Ireland","Wales","2","3","British Championship","Belfast","Republic of Ireland","FALSE"
"1909-03-21T00:00:00","Belgium","Netherlands","1","4","Friendly","Antwerp","Belgium","FALSE"
"1909-04-03T00:00:00","England","Scotland","2","0","British Championship","London","England","FALSE"
"1909-04-04T00:00:00","Germany","Switzerland","1","0","Friendly","Karlsruhe","Germany","FALSE"
"1909-04-04T00:00:00","Hungary","Germany","3","3","Friendly","Budapest","Hungary","FALSE"
"1909-04-25T00:00:00","Netherlands","Belgium","4","1","Friendly","Rotterdam","Netherlands","FALSE"
"1909-05-02T00:00:00","Austria","Hungary","3","4","Friendly","Vienna","Austria","FALSE"
"1909-05-09T00:00:00","Belgium","France","5","2","Friendly","Brussels","Belgium","FALSE"
"1909-05-29T00:00:00","Hungary","England","2","4","Friendly","Budapest","Hungary","FALSE"
"1909-05-30T00:00:00","Hungary","Austria","1","1","Friendly","Budapest","Hungary","FALSE"
"1909-05-31T00:00:00","Hungary","England","2","8","Friendly","Budapest","Hungary","FALSE"
"1909-06-01T00:00:00","Austria","England","1","8","Friendly","Vienna","Austria","FALSE"
"1909-08-15T00:00:00","Argentina","Uruguay","2","1","Copa Lipton","Buenos Aires","Argentina","FALSE"
"1909-09-19T00:00:00","Uruguay","Argentina","2","2","Copa Newton","Montevideo","Uruguay","FALSE"
"1909-10-10T00:00:00","Argentina","Uruguay","3","1","Copa Premio Honor Argentino","Buenos Aires","Argentina","FALSE"
"1910-02-12T00:00:00","Northern Ireland","England","1","1","British Championship","Belfast","Republic of Ireland","FALSE"
"1910-03-05T00:00:00","Scotland","Wales","1","0","British Championship","Kilmarnock","Scotland","FALSE"
"1910-03-13T00:00:00","Belgium","Netherlands","3","2","Friendly","Antwerp","Belgium","FALSE"
"1910-03-14T00:00:00","Wales","England","0","1","British Championship","Cardiff","Wales","FALSE"
"1910-03-19T00:00:00","Northern Ireland","Scotland","1","0","British Championship","Belfast","Republic of Ireland","FALSE"
"1910-04-02T00:00:00","Scotland","England","2","0","British Championship","Glasgow","Scotland","FALSE"
"1910-04-03T00:00:00","France","Belgium","0","4","Friendly","Gentilly","France","FALSE"
"1910-04-03T00:00:00","Switzerland","Germany","2","3","Friendly","Basel","Switzerland","FALSE"
"1910-04-10T00:00:00","Netherlands","Belgium","7","0","Friendly","Haarlem","Netherlands","FALSE"
"1910-04-11T00:00:00","Wales","Northern Ireland","4","1","British Championship","Wrexham","Wales","FALSE"
"1910-04-24T00:00:00","Netherlands","Germany","4","2","Friendly","Arnhem","Netherlands","FALSE"
"1910-05-01T00:00:00","Austria","Hungary","2","1","Friendly","Vienna","Austria","FALSE"
"1910-05-15T00:00:00","Italy","France","6","2","Friendly","Milan","Italy","FALSE"
"1910-05-16T00:00:00","Germany","Belgium","0","3","Friendly","Duisburg","Germany","FALSE"
"1910-05-26T00:00:00","Hungary","Italy","6","1","Friendly","Budapest","Hungary","FALSE"
"1910-05-27T00:00:00","Argentina","Chile","3","1","Friendly","Buenos Aires","Argentina","FALSE"
"1910-05-29T00:00:00","Chile","Uruguay","0","3","Friendly","Buenos Aires","Argentina","TRUE"
"1910-06-05T00:00:00","Argentina","Chile","5","1","Friendly","Buenos Aires","Argentina","FALSE"
"1910-06-12T00:00:00","Argentina","Uruguay","4","1","Friendly","Buenos Aires","Argentina","FALSE"
"1910-08-15T00:00:00","Uruguay","Argentina","3","1","Copa Lipton","Montevideo","Uruguay","FALSE"
"1910-09-11T00:00:00","Chile","Argentina","0","3","Friendly","Viña del Mar","Chile","FALSE"
"1910-09-11T00:00:00","Norway","Sweden","0","4","Friendly","Kristiania","Norway","FALSE"
"1910-10-16T00:00:00","Germany","Netherlands","1","2","Friendly","Kleve","Germany","FALSE"
"1910-11-06T00:00:00","Hungary","Austria","3","0","Friendly","Budapest","Hungary","FALSE"
"1910-11-13T00:00:00","Argentina","Uruguay","1","1","Copa Premio Honor Argentino","Buenos Aires","Argentina","FALSE"
"1910-11-27T00:00:00","Argentina","Uruguay","2","6","Copa Premio Honor Argentino","Buenos Aires","Argentina","FALSE"
"1911-01-01T00:00:00","France","Hungary","0","3","Friendly","Maisons-Alfort","France","FALSE"
"1911-01-06T00:00:00","Italy","Hungary","0","1","Friendly","Milan","Italy","FALSE"
"1911-01-08T00:00:00","Switzerland","Hungary","2","0","Friendly","Zürich","Switzerland","FALSE"
"1911-01-28T00:00:00","Northern Ireland","Wales","1","2","British Championship","Belfast","Republic of Ireland","FALSE"
"1911-02-11T00:00:00","England","Northern Ireland","2","1","British Championship","Derby","England","FALSE"
"1911-03-06T00:00:00","Wales","Scotland","2","2","British Championship","Cardiff","Wales","FALSE"
"1911-03-13T00:00:00","England","Wales","3","0","British Championship","London","England","FALSE"
"1911-03-18T00:00:00","Scotland","Northern Ireland","2","0","British Championship","Glasgow","Scotland","FALSE"
"1911-03-19T00:00:00","Belgium","Netherlands","1","5","Friendly","Antwerp","Belgium","FALSE"
"1911-03-26T00:00:00","Germany","Switzerland","6","2","Friendly","Stuttgart","Germany","FALSE"
"1911-04-01T00:00:00","England","Scotland","1","1","British Championship","Liverpool","England","FALSE"
"1911-04-02T00:00:00","Netherlands","Belgium","3","1","Friendly","Dordrecht","Netherlands","FALSE"
"1911-04-09T00:00:00","France","Italy","2","2","Friendly","Saint-Ouen","France","FALSE"
"1911-04-23T00:00:00","Belgium","Germany","2","1","Friendly","Liège","Belgium","FALSE"
"1911-04-23T00:00:00","Switzerland","France","5","2","Friendly","Geneva","Switzerland","FALSE"
"1911-04-30T00:00:00","Belgium","France","7","1","Friendly","Uccle","Belgium","FALSE"
"1911-05-07T00:00:00","Austria","Hungary","3","1","Friendly","Vienna","Austria","FALSE"
"1911-05-07T00:00:00","Italy","Switzerland","2","2","Friendly","Milan","Italy","FALSE"
"1911-05-21T00:00:00","Switzerland","Italy","3","0","Friendly","La Chaux-de-Fonds","Switzerland","FALSE"
"1911-06-18T00:00:00","Sweden","Germany","2","4","Friendly","Solna","Sweden","FALSE"
"1911-08-15T00:00:00","Argentina","Uruguay","0","2","Copa Lipton","Buenos Aires","Argentina","FALSE"
"1911-09-17T00:00:00","Sweden","Norway","4","1","Friendly","Solna","Sweden","FALSE"
"1911-09-17T00:00:00","Uruguay","Argentina","2","3","Copa Newton","Montevideo","Uruguay","FALSE"
"1911-10-08T00:00:00","Uruguay","Argentina","1","1","Copa Premio Honor Uruguayo","Montevideo","Uruguay","FALSE"
"1911-10-09T00:00:00","Germany","Austria","1","2","Friendly","Dresden","Germany","FALSE"
"1911-10-22T00:00:00","Argentina","Uruguay","2","0","Copa Premio Honor Argentino","Buenos Aires","Argentina","FALSE"
"1911-10-22T00:00:00","Finland","Sweden","2","5","Friendly","Helsinki","Finland","FALSE"
"1911-10-29T00:00:00","Germany","Sweden","1","3","Friendly","Hamburg","Germany","FALSE"
"1911-10-29T00:00:00","Hungary","Switzerland","9","0","Friendly","Budapest","Hungary","FALSE"
"1911-10-29T00:00:00","Luxembourg","France","1","4","Friendly","Luxembourg","Luxembourg","FALSE"
"1911-10-29T00:00:00","Uruguay","Argentina","3","0","Copa Premio Honor Uruguayo","Montevideo","Uruguay","FALSE"
"1911-11-05T00:00:00","Hungary","Austria","2","0","Friendly","Budapest","Hungary","FALSE"
"1911-12-17T00:00:00","Germany","Hungary","1","4","Friendly","Munich","Germany","FALSE"
"1912-01-28T00:00:00","France","Belgium","1","1","Friendly","Saint-Ouen","France","FALSE"
"1912-02-10T00:00:00","Northern Ireland","England","1","6","British Championship","Dublin","Republic of Ireland","FALSE"
"1912-02-10T00:00:00","France","Catalonia","7","0","Friendly","Paris","France","FALSE"
"1912-02-18T00:00:00","France","Switzerland","4","1","Friendly","Saint-Ouen","France","FALSE"
"1912-02-20T00:00:00","Belgium","Switzerland","9","2","Friendly","Antwerp","Belgium","FALSE"
"1912-03-02T00:00:00","Scotland","Wales","1","0","British Championship","Edinburgh","Scotland","FALSE"
"1912-03-10T00:00:00","Belgium","Netherlands","1","2","Friendly","Antwerp","Belgium","FALSE"
"1912-03-11T00:00:00","Wales","England","0","2","British Championship","Wrexham","Wales","FALSE"
"1912-03-16T00:00:00","Northern Ireland","Scotland","1","4","British Championship","Belfast","Republic of Ireland","FALSE"
"1912-03-17T00:00:00","Italy","France","3","4","Friendly","Turin","Italy","FALSE"
"1912-03-23T00:00:00","Scotland","England","1","1","British Championship","Glasgow","Scotland","FALSE"
"1912-03-24T00:00:00","Netherlands","Germany","5","5","Friendly","Zwolle","Netherlands","FALSE"
"1912-04-13T00:00:00","Wales","Northern Ireland","2","3","British Championship","Cardiff","Wales","FALSE"
"1912-04-14T00:00:00","Hungary","Germany","4","4","Friendly","Budapest","Hungary","FALSE"
"1912-04-28T00:00:00","Netherlands","Belgium","4","3","Friendly","Dordrecht","Netherlands","FALSE"
"1912-05-05T00:00:00","Austria","Hungary","1","1","Friendly","Vienna","Austria","FALSE"
"1912-05-05T00:00:00","Switzerland","Germany","1","2","Friendly","St. Gallen","Switzerland","FALSE"
"1912-06-16T00:00:00","Norway","Sweden","1","2","Friendly","Kristiania","Norway","FALSE"
"1912-06-20T00:00:00","Sweden","Hungary","2","2","Friendly","Gothenburg","Sweden","FALSE"
"1912-06-23T00:00:00","Norway","Hungary","0","6","Friendly","Kristiania","Norway","FALSE"
"1912-06-27T00:00:00","Sweden","Finland","7","1","Friendly","Solna","Sweden","FALSE"
"1912-07-03T00:00:00","Norway","Russia","2","1","Friendly","Stockholm","Sweden","TRUE"
"1912-07-12T00:00:00","Russia","Hungary","0","9","Friendly","Moscow","Russia","FALSE"
"1912-07-14T00:00:00","Russia","Hungary","0","12","Friendly","Moscow","Russia","FALSE"
"1912-08-15T00:00:00","Uruguay","Argentina","2","0","Copa Lipton","Montevideo","Uruguay","FALSE"
"1912-08-25T00:00:00","Uruguay","Argentina","3","0","Copa Premio Honor Uruguayo","Montevideo","Uruguay","FALSE"
"1912-09-22T00:00:00","Argentina","Uruguay","0","1","Copa Premio Honor Argentino","Buenos Aires","Argentina","FALSE"
"1912-10-06T00:00:00","Argentina","Uruguay","3","3","Copa Newton","Avellaneda","Argentina","FALSE"
"1912-10-06T00:00:00","Denmark","Germany","3","1","Friendly","Copenhagen","Denmark","FALSE"
"1912-11-03T00:00:00","Hungary","Austria","4","0","Friendly","Budapest","Hungary","FALSE"
"1912-11-03T00:00:00","Sweden","Norway","4","2","Friendly","Gothenburg","Sweden","FALSE"
"1912-11-17T00:00:00","Germany","Netherlands","2","3","Friendly","Leipzig","Germany","FALSE"
"1912-12-01T00:00:00","Uruguay","Argentina","1","3","Friendly","Montevideo","Uruguay","FALSE"
"1912-12-01T00:00:00","Catalonia","France","1","0","Friendly","Barcelona","Spain","FALSE"
"1912-12-22T00:00:00","Italy","Austria","1","3","Friendly","Genoa","Italy","FALSE"
"1913-01-12T00:00:00","France","Italy","1","0","Friendly","Saint-Ouen","France","FALSE"
"1913-01-18T00:00:00","Northern Ireland","Wales","0","1","British Championship","Belfast","Republic of Ireland","FALSE"
"1913-02-15T00:00:00","Northern Ireland","England","2","1","British Championship","Belfast","Republic of Ireland","FALSE"
"1913-02-16T00:00:00","Belgium","France","3","0","Friendly","Brussels","Belgium","FALSE"
"1913-03-03T00:00:00","Wales","Scotland","0","0","British Championship","Wrexham","Wales","FALSE"
"1913-03-09T00:00:00","Belgium","Netherlands","3","3","Friendly","Antwerp","Belgium","FALSE"
"1913-03-09T00:00:00","Switzerland","France","1","4","Friendly","Geneva","Switzerland","FALSE"
"1913-03-15T00:00:00","Northern Ireland","Scotland","1","2","British Championship","Dublin","Republic of Ireland","FALSE"
"1913-03-17T00:00:00","England","Wales","4","3","British Championship","Bristol","England","FALSE"
"1913-04-05T00:00:00","England","Scotland","1","0","British Championship","London","England","FALSE"
"1913-04-20T00:00:00","France","Luxembourg","8","0","Friendly","Saint-Ouen","France","FALSE"
"1913-04-20T00:00:00","Netherlands","Belgium","2","4","Friendly","Zwolle","Netherlands","FALSE"
"1913-04-27T00:00:00","Austria","Hungary","1","4","Friendly","Vienna","Austria","FALSE"
"1913-05-01T00:00:00","Italy","Belgium","1","0","Friendly","Turin","Italy","FALSE"
"1913-05-04T00:00:00","Russia","Sweden","1","4","Friendly","Moscow","Russia","FALSE"
"1913-05-04T00:00:00","Switzerland","Belgium","1","2","Friendly","Basel","Switzerland","FALSE"
"1913-05-18T00:00:00","Germany","Switzerland","1","2","Friendly","Freiburg","Germany","FALSE"
"1913-05-18T00:00:00","Hungary","Sweden","2","0","Friendly","Budapest","Hungary","FALSE"
"1913-05-25T00:00:00","Denmark","Sweden","8","0","Friendly","Copenhagen","Denmark","FALSE"
"1913-06-08T00:00:00","Sweden","Norway","9","0","Friendly","Stockholm","Sweden","FALSE"
"1913-06-15T00:00:00","Argentina","Uruguay","1","1","Friendly","Avellaneda","Argentina","FALSE"
"1913-06-15T00:00:00","Austria","Italy","2","0","Friendly","Vienna","Austria","FALSE"
"1913-07-09T00:00:00","Argentina","Uruguay","2","1","Friendly","Avellaneda","Argentina","FALSE"
"1913-08-15T00:00:00","Argentina","Uruguay","4","0","Copa Lipton","Avellaneda","Argentina","FALSE"
"1913-08-31T00:00:00","Argentina","Uruguay","2","0","Copa Premio Honor Argentino","Buenos Aires","Argentina","FALSE"
"1913-09-14T00:00:00","Russia","Norway","1","1","Friendly","Moscow","Russia","FALSE"
"1913-09-21T00:00:00","Chile","Argentina","0","2","Friendly","Viña del Mar","Chile","FALSE"
"1913-10-05T00:00:00","Sweden","Denmark","0","10","Friendly","Stockholm","Sweden","FALSE"
"1913-10-05T00:00:00","Uruguay","Argentina","1","0","Copa Premio Honor Uruguayo","Montevideo","Uruguay","FALSE"
"1913-10-26T00:00:00","Germany","Denmark","1","4","Friendly","Hamburg","Germany","FALSE"
"1913-10-26T00:00:00","Hungary","Austria","4","3","Friendly","Budapest","Hungary","FALSE"
"1913-10-26T00:00:00","Norway","Sweden","1","1","Friendly","Kristiania","Norway","FALSE"
"1913-10-26T00:00:00","Uruguay","Argentina","1","0","Copa Newton","Montevideo","Uruguay","FALSE"
"1913-11-02T00:00:00","Belgium","Switzerland","2","0","Friendly","Verviers","Belgium","FALSE"
"1913-11-23T00:00:00","Belgium","Germany","6","2","Friendly","Antwerp","Belgium","FALSE"
"1914-01-11T00:00:00","Italy","Austria","0","0","Friendly","Milan","Italy","FALSE"
"1914-01-19T00:00:00","Wales","Northern Ireland","1","2","British Championship","Wrexham","Wales","FALSE"
"1914-01-25T00:00:00","France","Belgium","4","3","Friendly","Lille","France","FALSE"
"1914-02-08T00:00:00","Luxembourg","France","5","4","Friendly","Luxembourg","Luxembourg","FALSE"
"1914-02-14T00:00:00","England","Northern Ireland","0","3","British Championship","Middlesbrough","England","FALSE"
"1914-02-28T00:00:00","Scotland","Wales","0","0","British Championship","Glasgow","Scotland","FALSE"
"1914-03-08T00:00:00","France","Switzerland","2","2","Friendly","Saint-Ouen","France","FALSE"
"1914-03-14T00:00:00","Northern Ireland","Scotland","1","1","British Championship","Belfast","Republic of Ireland","FALSE"
"1914-03-15T00:00:00","Belgium","Netherlands","2","4","Friendly","Antwerp","Belgium","FALSE"
"1914-03-16T00:00:00","Wales","England","0","2","British Championship","Cardiff","Wales","FALSE"
"1914-03-29T00:00:00","Italy","France","2","0","Friendly","Turin","Italy","FALSE"
"1914-04-05T00:00:00","Italy","Switzerland","1","1","Friendly","Genoa","Italy","FALSE"
"1914-04-05T00:00:00","Netherlands","Germany","4","4","Friendly","Amsterdam","Netherlands","FALSE"
"1914-04-14T00:00:00","Scotland","England","3","1","British Championship","Glasgow","Scotland","FALSE"
"1914-04-26T00:00:00","Netherlands","Belgium","4","2","Friendly","Amsterdam","Netherlands","FALSE"
"1914-05-03T00:00:00","Austria","Hungary","2","0","Friendly","Vienna","Austria","FALSE"
"1914-05-17T00:00:00","Denmark","Netherlands","4","3","Friendly","Copenhagen","Denmark","FALSE"
"1914-05-17T00:00:00","Switzerland","Italy","0","1","Friendly","Berne","Switzerland","FALSE"
"1914-05-24T00:00:00","Sweden","Finland","4","3","Friendly","Solna","Sweden","FALSE"
"1914-05-31T00:00:00","Hungary","France","5","1","Friendly","Budapest","Hungary","FALSE"
"1914-06-21T00:00:00","Sweden","Hungary","1","1","Friendly","Solna","Sweden","FALSE"
"1914-06-28T00:00:00","Norway","Sweden","0","1","Friendly","Kristiania","Norway","FALSE"
"1914-07-05T00:00:00","Sweden","Russia","2","2","Friendly","Solna","Sweden","FALSE"
"1914-07-12T00:00:00","Norway","Russia","1","1","Friendly","Kristiania","Norway","FALSE"
"1914-08-30T00:00:00","Uruguay","Argentina","3","2","Copa Premio Honor Uruguayo","Montevideo","Uruguay","FALSE"
"1914-09-13T00:00:00","Argentina","Uruguay","2","1","Copa Premio Honor Argentino","Buenos Aires","Argentina","FALSE"
"1914-09-20T00:00:00","Argentina","Brazil","3","0","Friendly","Buenos Aires","Argentina","FALSE"
"1914-09-27T00:00:00","Argentina","Brazil","0","1","Copa Roca","Buenos Aires","Argentina","FALSE"
"1914-10-04T00:00:00","Hungary","Austria","2","2","Friendly","Budapest","Hungary","FALSE"
"1914-10-25T00:00:00","Sweden","Norway","7","0","Friendly","Solna","Sweden","FALSE"
"1914-11-08T00:00:00","Austria","Hungary","1","2","Friendly","Vienna","Austria","FALSE"
"1915-01-03T00:00:00","Basque Country","Catalonia","6","1","Friendly","Bilbao","Spain","FALSE"
"1915-01-31T00:00:00","Italy","Switzerland","3","1","Friendly","Turin","Italy","FALSE"
"1915-02-07T00:00:00","Catalonia","Basque Country","2","2","Friendly","Barcelona","Spain","FALSE"
"1915-05-02T00:00:00","Hungary","Austria","2","5","Friendly","Budapest","Hungary","FALSE"
"1915-05-13T00:00:00","Basque Country","Catalonia","1","0","Friendly","Madrid","Spain","FALSE"
"1915-05-30T00:00:00","Austria","Hungary","1","2","Friendly","Vienna","Austria","FALSE"
"1915-06-06T00:00:00","Denmark","Sweden","2","0","Friendly","Copenhagen","Denmark","FALSE"
"1915-06-27T00:00:00","Norway","Sweden","1","1","Friendly","Kristiania","Norway","FALSE"
"1915-07-18T00:00:00","Uruguay","Argentina","2","3","Copa Premio Honor Uruguayo","Montevideo","Uruguay","FALSE"
"1915-08-15T00:00:00","Argentina","Uruguay","2","1","Copa Lipton","Buenos Aires","Argentina","FALSE"
"1915-09-12T00:00:00","Uruguay","Argentina","2","0","Copa Newton","Montevideo","Uruguay","FALSE"
"1915-09-19T00:00:00","Denmark","Norway","8","1","Friendly","Copenhagen","Denmark","FALSE"
"1915-10-03T00:00:00","Austria","Hungary","4","2","Friendly","Vienna","Austria","FALSE"
"1915-10-24T00:00:00","Sweden","Norway","5","2","Friendly","Stockholm","Sweden","FALSE"
"1915-10-31T00:00:00","Sweden","Denmark","0","2","Friendly","Stockholm","Sweden","FALSE"
"1915-11-07T00:00:00","Hungary","Austria","6","2","Friendly","Budapest","Hungary","FALSE"
"1916-05-07T00:00:00","Austria","Hungary","3","1","Friendly","Vienna","Austria","FALSE"
"1916-05-21T00:00:00","Catalonia","Basque Country","1","3","Friendly","Barcelona","Spain","FALSE"
"1916-05-22T00:00:00","Catalonia","Basque Country","0","0","Friendly","Barcelona","Spain","FALSE"
"1916-06-04T00:00:00","Denmark","Sweden","2","0","Friendly","Copenhagen","Denmark","FALSE"
"1916-06-04T00:00:00","Hungary","Austria","2","1","Friendly","Budapest","Hungary","FALSE"
"1916-06-04T00:00:00","Basque Country","Catalonia","5","0","Friendly","Bilbao","Spain","FALSE"
"1916-06-25T00:00:00","Norway","Denmark","0","2","Friendly","Kristiania","Norway","FALSE"
"1916-07-02T00:00:00","Chile","Uruguay","0","4","Copa America","Buenos Aires","Argentina","TRUE"
"1916-07-02T00:00:00","Sweden","Norway","6","0","Friendly","Stockholm","Sweden","FALSE"
"1916-07-06T00:00:00","Argentina","Chile","6","1","Copa America","Buenos Aires","Argentina","FALSE"
"1916-07-08T00:00:00","Brazil","Chile","1","1","Copa America","Buenos Aires","Argentina","TRUE"
"1916-07-10T00:00:00","Argentina","Brazil","1","1","Copa America","Buenos Aires","Argentina","FALSE"
"1916-07-12T00:00:00","Argentina","Chile","1","0","Friendly","Buenos Aires","Argentina","FALSE"
"1916-07-12T00:00:00","Brazil","Uruguay","1","2","Copa America","Buenos Aires","Argentina","TRUE"
"1916-07-14T00:00:00","Uruguay","Chile","4","1","Friendly","Montevideo","Uruguay","FALSE"
"1916-07-17T00:00:00","Argentina","Uruguay","0","0","Copa America","Avellaneda","Argentina","FALSE"
"1916-07-18T00:00:00","Uruguay","Brazil","0","1","Friendly","Montevideo","Uruguay","FALSE"
"1916-08-15T00:00:00","Argentina","Uruguay","3","1","Copa Newton","Avellaneda","Argentina","FALSE"
"1916-08-15T00:00:00","Uruguay","Argentina","1","2","Copa Lipton","Montevideo","Uruguay","FALSE"
"1916-08-20T00:00:00","Sweden","United States","2","3","Friendly","Stockholm","Sweden","FALSE"
"1916-09-03T00:00:00","Norway","United States","1","1","Friendly","Kristiania","Norway","FALSE"
"1916-10-01T00:00:00","Argentina","Uruguay","7","2","Friendly","Avellaneda","Argentina","FALSE"
"1916-10-01T00:00:00","Hungary","Austria","2","3","Friendly","Budapest","Hungary","FALSE"
"1916-10-01T00:00:00","Norway","Sweden","0","0","Friendly","Kristiania","Norway","FALSE"
"1916-10-01T00:00:00","Uruguay","Argentina","0","1","Copa Premio Honor Uruguayo","Montevideo","Uruguay","FALSE"
"1916-10-08T00:00:00","Sweden","Denmark","4","0","Friendly","Stockholm","Sweden","FALSE"
"1916-10-15T00:00:00","Denmark","Norway","8","0","Friendly","Copenhagen","Denmark","FALSE"
"1916-10-29T00:00:00","Uruguay","Argentina","3","1","Friendly","Montevideo","Uruguay","FALSE"
"1916-11-05T00:00:00","Austria","Hungary","3","3","Friendly","Vienna","Austria","FALSE"
"1917-05-06T00:00:00","Austria","Hungary","1","1","Friendly","Vienna","Austria","FALSE"
"1917-05-07T00:00:00","Japan","Philippines","2","15","Friendly","Tokyo","Japan","FALSE"
"1917-06-03T00:00:00","Denmark","Sweden","1","1","Friendly","Copenhagen","Denmark","FALSE"
"1917-06-03T00:00:00","Hungary","Austria","6","2","Friendly","Budapest","Hungary","FALSE"
"1917-06-17T00:00:00","Norway","Denmark","1","2","Friendly","Kristiania","Norway","FALSE"
"1917-07-15T00:00:00","Austria","Hungary","1","4","Friendly","Vienna","Austria","FALSE"
"1917-07-18T00:00:00","Uruguay","Argentina","0","2","Copa Premio Honor Uruguayo","Montevideo","Uruguay","FALSE"
"1917-08-15T00:00:00","Argentina","Uruguay","1","0","Copa Lipton","Avellaneda","Argentina","FALSE"
"1917-08-19T00:00:00","Sweden","Norway","3","3","Friendly","Helsingborg","Sweden","FALSE"
"1917-09-02T00:00:00","Uruguay","Argentina","1","0","Copa Newton","Montevideo","Uruguay","FALSE"
"1917-09-16T00:00:00","Norway","Sweden","0","2","Friendly","Kristiania","Norway","FALSE"
"1917-09-30T00:00:00","Uruguay","Chile","4","0","Copa America","Montevideo","Uruguay","FALSE"
"1917-10-03T00:00:00","Argentina","Brazil","4","2","Copa America","Montevideo","Uruguay","TRUE"
"1917-10-06T00:00:00","Argentina","Chile","1","0","Copa America","Montevideo","Uruguay","TRUE"
"1917-10-07T00:00:00","Denmark","Norway","12","0","Friendly","Copenhagen","Denmark","FALSE"
"1917-10-07T00:00:00","Hungary","Austria","2","1","Friendly","Budapest","Hungary","FALSE"
"1917-10-07T00:00:00","Uruguay","Brazil","4","0","Copa America","Montevideo","Uruguay","FALSE"
"1917-10-12T00:00:00","Brazil","Chile","5","0","Copa America","Montevideo","Uruguay","TRUE"
"1917-10-14T00:00:00","Sweden","Denmark","1","2","Friendly","Stockholm","Sweden","FALSE"
"1917-10-14T00:00:00","Uruguay","Argentina","1","0","Copa America","Montevideo","Uruguay","FALSE"
"1917-10-16T00:00:00","Uruguay","Brazil","3","1","Friendly","Montevideo","Uruguay","FALSE"
"1917-11-04T00:00:00","Austria","Hungary","1","2","Friendly","Vienna","Austria","FALSE"
"1917-12-23T00:00:00","Switzerland","Austria","0","1","Friendly","Basel","Switzerland","FALSE"
"1917-12-26T00:00:00","Switzerland","Austria","3","2","Friendly","Zürich","Switzerland","FALSE"
"1918-04-14T00:00:00","Hungary","Austria","2","0","Friendly","Budapest","Hungary","FALSE"
"1918-05-09T00:00:00","Austria","Switzerland","5","1","Friendly","Vienna","Austria","FALSE"
"1918-05-12T00:00:00","Hungary","Switzerland","2","1","Friendly","Budapest","Hungary","FALSE"
"1918-05-26T00:00:00","Sweden","Norway","2","0","Friendly","Stockholm","Sweden","FALSE"
"1918-06-02T00:00:00","Austria","Hungary","0","2","Friendly","Vienna","Austria","FALSE"
"1918-06-02T00:00:00","Denmark","Sweden","3","0","Friendly","Copenhagen","Denmark","FALSE"
"1918-06-16T00:00:00","Norway","Denmark","3","1","Friendly","Kristiania","Norway","FALSE"
"1918-07-18T00:00:00","Uruguay","Argentina","1","1","Copa Premio Honor Uruguayo","Montevideo","Uruguay","FALSE"
"1918-07-28T00:00:00","Uruguay","Argentina","3","1","Copa Premio Honor Uruguayo","Montevideo","Uruguay","FALSE"
"1918-08-15T00:00:00","Argentina","Uruguay","0","0","Copa Premio Honor Argentino","Buenos Aires","Argentina","FALSE"
"1918-08-25T00:00:00","Argentina","Uruguay","2","1","Copa Premio Honor Argentino","Buenos Aires","Argentina","FALSE"
"1918-09-15T00:00:00","Norway","Sweden","2","1","Friendly","Kristiania","Norway","FALSE"
"1918-09-20T00:00:00","Uruguay","Argentina","1","1","Copa Lipton","Montevideo","Uruguay","FALSE"
"1918-09-29T00:00:00","Argentina","Uruguay","2","0","Copa Newton","Buenos Aires","Argentina","FALSE"
"1918-10-06T00:00:00","Austria","Hungary","0","3","Friendly","Vienna","Austria","FALSE"
"1918-10-06T00:00:00","Denmark","Norway","4","0","Friendly","Copenhagen","Denmark","FALSE"
"1918-10-20T00:00:00","Sweden","Denmark","1","2","Friendly","Gothenburg","Sweden","FALSE"
"1919-03-09T00:00:00","Belgium","France","2","2","Friendly","Brussels","Belgium","FALSE"
"1919-04-06T00:00:00","Hungary","Austria","2","1","Friendly","Budapest","Hungary","FALSE"
"1919-05-11T00:00:00","Brazil","Chile","6","0","Copa America","Rio de Janeiro","Brazil","FALSE"
"1919-05-11T00:00:00","Paraguay","Argentina","1","5","Friendly","Asunción","Paraguay","FALSE"
"1919-05-13T00:00:00","Argentina","Uruguay","2","3","Copa America","Rio de Janeiro","Brazil","TRUE"
"1919-05-15T00:00:00","Paraguay","Argentina","0","3","Friendly","Asunción","Paraguay","FALSE"
"1919-05-17T00:00:00","Chile","Uruguay","0","2","Copa America","Rio de Janeiro","Brazil","TRUE"
"1919-05-18T00:00:00","Brazil","Argentina","3","1","Copa America","Rio de Janeiro","Brazil","FALSE"
"1919-05-21T00:00:00","Paraguay","Argentina","1","2","Friendly","Asunción","Paraguay","FALSE"
"1919-05-22T00:00:00","Argentina","Chile","4","1","Copa America","Rio de Janeiro","Brazil","TRUE"
"1919-05-24T00:00:00","Paraguay","Argentina","1","2","Friendly","Asunción","Paraguay","FALSE"
"1919-05-26T00:00:00","Brazil","Uruguay","2","2","Copa America","Rio de Janeiro","Brazil","FALSE"
"1919-05-29T00:00:00","Brazil","Uruguay","1","0","Copa America","Rio de Janeiro","Brazil","FALSE"
"1919-05-29T00:00:00","Sweden","Finland","1","0","Friendly","Stockholm","Sweden","FALSE"
"1919-06-01T00:00:00","Brazil","Argentina","3","3","Friendly","Rio de Janeiro","Brazil","FALSE"
"1919-06-05T00:00:00","Denmark","Sweden","3","0","Friendly","Copenhagen","Denmark","FALSE"
"1919-06-09T00:00:00","Netherlands","Sweden","3","1","Friendly","Amsterdam","Netherlands","FALSE"
"1919-06-12T00:00:00","Denmark","Norway","5","1","Friendly","Copenhagen","Denmark","FALSE"
"1919-06-29T00:00:00","Norway","Sweden","4","3","Friendly","Kristiania","Norway","FALSE"
"1919-07-18T00:00:00","Uruguay","Argentina","4","1","Copa Premio Honor Uruguayo","Montevideo","Uruguay","FALSE"
"1919-08-24T00:00:00","Sweden","Netherlands","4","1","Friendly","Stockholm","Sweden","FALSE"
"1919-08-24T00:00:00","Uruguay","Argentina","2","1","Copa Newton","Montevideo","Uruguay","FALSE"
"1919-08-31T00:00:00","Norway","Netherlands","1","1","Friendly","Oslo","Norway","FALSE"
"1919-09-07T00:00:00","Argentina","Uruguay","1","2","Copa Lipton","Buenos Aires","Argentina","FALSE"
"1919-09-14T00:00:00","Sweden","Norway","1","5","Friendly","Gothenburg","Sweden","FALSE"
"1919-09-21T00:00:00","Norway","Denmark","3","2","Friendly","Kristiania","Norway","FALSE"
"1919-09-28T00:00:00","Finland","Sweden","3","3","Friendly","Helsinki","Finland","FALSE"
"1919-10-05T00:00:00","Austria","Hungary","2","0","Friendly","Vienna","Austria","FALSE"
"1919-10-12T00:00:00","Sweden","Denmark","3","0","Friendly","Stockholm","Sweden","FALSE"
"1919-10-19T00:00:00","Argentina","Uruguay","6","1","Copa Premio Honor Argentino","Buenos Aires","Argentina","FALSE"
"1919-10-25T00:00:00","Northern Ireland","England","1","1","British Championship","Belfast","Republic of Ireland","FALSE"
"1919-11-09T00:00:00","Hungary","Austria","3","2","Friendly","Budapest","Hungary","FALSE"
"1919-12-07T00:00:00","Uruguay","Argentina","4","2","Friendly","Montevideo","Uruguay","FALSE"
"1920-01-18T00:00:00","Italy","France","9","4","Friendly","Milan","Italy","FALSE"
"1920-02-14T00:00:00","Northern Ireland","Wales","2","2","British Championship","Belfast","Republic of Ireland","FALSE"
"1920-02-26T00:00:00","Wales","Scotland","1","1","British Championship","Cardiff","Wales","FALSE"
"1920-02-29T00:00:00","Switzerland","France","0","2","Friendly","Geneva","Switzerland","FALSE"
"1920-03-13T00:00:00","Scotland","Northern Ireland","3","0","British Championship","Glasgow","Scotland","FALSE"
"1920-03-15T00:00:00","England","Wales","1","2","British Championship","London","England","FALSE"
"1920-03-28T00:00:00","France","Belgium","2","1","Friendly","Paris","France","FALSE"
"1920-03-28T00:00:00","Switzerland","Italy","3","0","Friendly","Berne","Switzerland","FALSE"
"1920-04-05T00:00:00","Netherlands","Denmark","2","0","Friendly","Amsterdam","Netherlands","FALSE"
"1920-04-10T00:00:00","England","Scotland","5","4","British Championship","Sheffield","England","FALSE"
"1920-05-02T00:00:00","Austria","Hungary","2","2","Friendly","Vienna","Austria","FALSE"
"1920-05-13T00:00:00","Italy","Netherlands","1","1","Friendly","Genoa","Italy","FALSE"
"1920-05-16T00:00:00","Switzerland","Netherlands","2","1","Friendly","Basel","Switzerland","FALSE"
"1920-05-30T00:00:00","Sweden","Finland","4","0","Friendly","Stockholm","Sweden","FALSE"
"1920-06-06T00:00:00","Sweden","Switzerland","0","1","Friendly","Stockholm","Sweden","FALSE"
"1920-06-13T00:00:00","Norway","Denmark","1","1","Friendly","Kristiania","Norway","FALSE"
"1920-06-27T00:00:00","Norway","Sweden","0","3","Friendly","Kristiania","Norway","FALSE"
"1920-06-27T00:00:00","Switzerland","Germany","4","1","Friendly","Zürich","Switzerland","FALSE"
"1920-07-18T00:00:00","Uruguay","Argentina","2","0","Copa Premio Honor Uruguayo","Montevideo","Uruguay","FALSE"
"1920-07-25T00:00:00","Argentina","Uruguay","1","3","Copa Newton","Buenos Aires","Argentina","FALSE"
"1920-08-08T00:00:00","Argentina","Uruguay","1","0","Copa Premio Honor Argentino","Buenos Aires","Argentina","FALSE"
"1920-09-11T00:00:00","Chile","Brazil","0","1","Copa America","Viña del Mar","Chile","FALSE"
"1920-09-12T00:00:00","Uruguay","Argentina","1","1","Copa America","Viña del Mar","Chile","TRUE"
"1920-09-18T00:00:00","Brazil","Uruguay","0","6","Copa America","Viña del Mar","Chile","TRUE"
"1920-09-19T00:00:00","Finland","Sweden","1","0","Friendly","Helsinki","Finland","FALSE"
"1920-09-20T00:00:00","Chile","Argentina","1","1","Copa America","Viña del Mar","Chile","FALSE"
"1920-09-25T00:00:00","Argentina","Brazil","2","0","Copa America","Viña del Mar","Chile","TRUE"
"1920-09-26T00:00:00","Austria","Germany","3","2","Friendly","Vienna","Austria","FALSE"
"1920-09-26T00:00:00","Sweden","Norway","0","0","Friendly","Stockholm","Sweden","FALSE"
"1920-10-03T00:00:00","Chile","Uruguay","1","2","Copa America","Viña del Mar","Chile","FALSE"
"1920-10-10T00:00:00","Sweden","Denmark","0","2","Friendly","Stockholm","Sweden","FALSE"
"1920-10-17T00:00:00","Finland","Estonia","6","0","Friendly","Helsinki","Finland","FALSE"
"1920-10-23T00:00:00","England","Northern Ireland","2","0","British Championship","Sunderland","England","FALSE"
"1920-10-24T00:00:00","Germany","Hungary","1","0","Friendly","Berlin","Germany","FALSE"
"1920-11-07T00:00:00","Hungary","Austria","1","2","Friendly","Budapest","Hungary","FALSE"
"1921-02-12T00:00:00","Scotland","Wales","2","1","British Championship","Aberdeen","Scotland","FALSE"
"1921-02-20T00:00:00","France","Italy","1","2","Friendly","Marseille","France","FALSE"
"1921-02-26T00:00:00","Northern Ireland","Scotland","0","2","British Championship","Belfast","Republic of Ireland","FALSE"
"1921-03-06T00:00:00","Belgium","France","3","1","Friendly","Forest","Belgium","FALSE"
"1921-03-06T00:00:00","Italy","Switzerland","2","1","Friendly","Milan","Italy","FALSE"
"1921-03-14T00:00:00","Wales","England","0","0","British Championship","Cardiff","Wales","FALSE"
"1921-03-26T00:00:00","Austria","Sweden","2","2","Friendly","Vienna","Austria","FALSE"
"1921-04-03T00:00:00","Catalonia","Provence","4","0","Friendly","Barcelona","Spain","FALSE"
"1921-04-04T00:00:00","Catalonia","Provence","1","0","Friendly","Barcelona","Spain","FALSE"
"1921-04-07T00:00:00","Paraguay","Argentina","3","1","Friendly","Asunción","Paraguay","FALSE"
"1921-04-09T00:00:00","Scotland","England","3","0","British Championship","Glasgow","Scotland","FALSE"
"1921-04-09T00:00:00","Wales","Northern Ireland","2","1","British Championship","Swansea","Wales","FALSE"
"1921-04-14T00:00:00","Paraguay","Argentina","2","2","Friendly","Asunción","Paraguay","FALSE"
"1921-04-24T00:00:00","Austria","Hungary","4","1","Friendly","Vienna","Austria","FALSE"
"1921-05-01T00:00:00","Switzerland","Austria","2","2","Friendly","St. Gallen","Switzerland","FALSE"
"1921-05-05T00:00:00","Belgium","Italy","2","3","Friendly","Antwerp","Belgium","FALSE"
"1921-05-05T00:00:00","Germany","Austria","3","3","Friendly","Dresden","Germany","FALSE"
"1921-05-08T00:00:00","Netherlands","Italy","2","2","Friendly","Amsterdam","Netherlands","FALSE"
"1921-05-15T00:00:00","Belgium","Netherlands","1","1","Friendly","Antwerp","Belgium","FALSE"
"1921-05-21T00:00:00","Belgium","England","0","2","Friendly","Brussels","Belgium","FALSE"
"1921-05-25T00:00:00","Norway","Finland","3","2","Friendly","Kristiania","Norway","FALSE"
"1921-05-29T00:00:00","Sweden","Finland","0","3","Friendly","Stockholm","Sweden","FALSE"
"1921-05-30T00:00:00","Japan","Philippines","0","3","Friendly","Shanghai","China PR","TRUE"
"1921-06-05T00:00:00","Hungary","Germany","3","0","Friendly","Budapest","Hungary","FALSE"
"1921-06-12T00:00:00","Denmark","Netherlands","1","1","Friendly","Copenhagen","Denmark","FALSE"
"1921-06-19T00:00:00","Norway","Sweden","3","1","Friendly","Kristiania","Norway","FALSE"
"1921-07-09T00:00:00","Canada","Scotland","0","1","Friendly","Montreal","Canada","FALSE"
"1921-07-22T00:00:00","Estonia","Sweden","0","0","Friendly","Tallinn","Estonia","FALSE"
"1921-07-24T00:00:00","Sweden","Austria","1","3","Friendly","Stockholm","Sweden","FALSE"
"1921-07-31T00:00:00","Finland","Austria","2","3","Friendly","Helsinki","Finland","FALSE"
"1921-08-28T00:00:00","Estonia","Finland","0","3","Friendly","Tallinn","Estonia","FALSE"
"1921-09-14T00:00:00","Costa Rica","El Salvador","7","0","Friendly","Guatemala","Guatemala","TRUE"
"1921-09-18T00:00:00","Finland","Germany","3","3","Friendly","Helsinki","Finland","FALSE"
"1921-09-18T00:00:00","Guatemala","Costa Rica","0","6","Friendly","Guatemala","Guatemala","FALSE"
"1921-09-18T00:00:00","Sweden","Norway","0","3","Friendly","Stockholm","Sweden","FALSE"
"1921-09-25T00:00:00","Chile","Argentina","1","4","Friendly","Viña del Mar","Chile","FALSE"
"1921-10-02T00:00:00","Argentina","Brazil","1","0","Copa America","Buenos Aires","Argentina","FALSE"
"1921-10-02T00:00:00","Chile","Argentina","1","1","Friendly","Santiago","Chile","FALSE"
"1921-10-02T00:00:00","Denmark","Norway","3","1","Friendly","Copenhagen","Denmark","FALSE"
"1921-10-09T00:00:00","Paraguay","Uruguay","2","1","Copa America","Buenos Aires","Argentina","TRUE"
"1921-10-09T00:00:00","Sweden","Denmark","0","0","Friendly","Stockholm","Sweden","FALSE"
"1921-10-12T00:00:00","Brazil","Paraguay","3","0","Copa America","Buenos Aires","Argentina","TRUE"
"1921-10-16T00:00:00","Argentina","Paraguay","3","0","Copa America","Buenos Aires","Argentina","FALSE"
"1921-10-22T00:00:00","Northern Ireland","England","1","1","British Championship","Belfast","Republic of Ireland","FALSE"
"1921-10-23T00:00:00","Brazil","Uruguay","1","2","Copa America","Buenos Aires","Argentina","TRUE"
"1921-10-28T00:00:00","Czechoslovakia","Yugoslavia","6","1","Friendly","Prague","Czechoslovakia","FALSE"
"1921-10-30T00:00:00","Argentina","Uruguay","1","0","Copa America","Buenos Aires","Argentina","FALSE"
"1921-11-02T00:00:00","Uruguay","Paraguay","4","2","Friendly","Montevideo","Uruguay","FALSE"
"1921-11-06T00:00:00","Hungary","Sweden","4","2","Friendly","Budapest","Hungary","FALSE"
"1921-11-06T00:00:00","Switzerland","Italy","1","1","Friendly","Geneva","Switzerland","FALSE"
"1921-11-13T00:00:00","Czechoslovakia","Sweden","2","2","Friendly","Prague","Czechoslovakia","FALSE"
"1921-11-13T00:00:00","France","Netherlands","0","5","Friendly","Vincennes","France","FALSE"
"1921-12-18T00:00:00","Hungary","Poland","1","0","Friendly","Budapest","Hungary","FALSE"
"1921-12-18T00:00:00","Spain","Portugal","3","1","Friendly","Madrid","Spain","FALSE"
"1922-01-15T00:00:00","France","Belgium","2","1","Friendly","Colombes","France","FALSE"
"1922-01-15T00:00:00","Italy","Austria","3","3","Friendly","Milan","Italy","FALSE"
"1922-02-04T00:00:00","Wales","Scotland","2","1","British Championship","Wrexham","Wales","FALSE"
"1922-02-26T00:00:00","Italy","Czechoslovakia","1","1","Friendly","Turin","Italy","FALSE"
"1922-03-04T00:00:00","Scotland","Northern Ireland","2","1","British Championship","Glasgow","Scotland","FALSE"
"1922-03-12T00:00:00","Brittany","Luxembourg","1","0","Friendly","Rennes","France","FALSE"
"1922-03-13T00:00:00","England","Wales","1","0","British Championship","Liverpool","England","FALSE"
"1922-03-26T00:00:00","Belgium","Netherlands","4","0","Friendly","Antwerp","Belgium","FALSE"
"1922-03-26T00:00:00","Germany","Switzerland","2","2","Friendly","Frankfurt am Main","Germany","FALSE"
"1922-04-08T00:00:00","England","Scotland","0","1","British Championship","Birmingham","England","FALSE"
"1922-04-15T00:00:00","Belgium","Denmark","0","0","Friendly","Liège","Belgium","FALSE"
"1922-04-17T00:00:00","Netherlands","Denmark","2","0","Friendly","Amsterdam","Netherlands","FALSE"
"1922-04-23T00:00:00","Austria","Germany","0","2","Friendly","Vienna","Austria","FALSE"
"1922-04-30T00:00:00","France","Spain","0","4","Friendly","Le Bouscat","France","FALSE"
"1922-04-30T00:00:00","Hungary","Austria","1","1","Friendly","Budapest","Hungary","FALSE"
"1922-05-07T00:00:00","Netherlands","Belgium","1","2","Friendly","Amsterdam","Netherlands","FALSE"
"1922-05-14T00:00:00","Poland","Hungary","0","3","Friendly","Cracow","Poland","FALSE"
"1922-05-21T00:00:00","Italy","Belgium","4","2","Friendly","Milan","Italy","FALSE"
"1922-05-25T00:00:00","Norway","Northern Ireland","2","1","Friendly","Bergen","Norway","FALSE"
"1922-05-28T00:00:00","Sweden","Poland","1","2","Friendly","Stockholm","Sweden","FALSE"
"1922-06-05T00:00:00","Finland","Sweden","1","4","Friendly","Helsinki","Finland","FALSE"
"1922-06-08T00:00:00","Yugoslavia","Romania","1","2","Friendly","Belgrade","Yugoslavia","FALSE"
"1922-06-11T00:00:00","Austria","Switzerland","7","1","Friendly","Vienna","Austria","FALSE"
"1922-06-11T00:00:00","Denmark","Czechoslovakia","0","3","Friendly","Copenhagen","Denmark","FALSE"
"1922-06-11T00:00:00","Norway","France","7","0","Friendly","Kristiania","Norway","FALSE"
"1922-06-15T00:00:00","Hungary","Switzerland","1","1","Friendly","Budapest","Hungary","FALSE"
"1922-06-17T00:00:00","New Zealand","Australia","3","1","Friendly","Dunedin","New Zealand","FALSE"
"1922-06-24T00:00:00","New Zealand","Australia","1","1","Friendly","Wellington","New Zealand","FALSE"
"1922-06-28T00:00:00","Yugoslavia","Czechoslovakia","4","3","Friendly","Zagreb","Yugoslavia","FALSE"
"1922-07-02T00:00:00","Germany","Hungary","0","0","Friendly","Bochum","Germany","FALSE"
"1922-07-08T00:00:00","New Zealand","Australia","3","1","Friendly","Auckland","New Zealand","FALSE"
"1922-07-09T00:00:00","Sweden","Hungary","1","1","Friendly","Stockholm","Sweden","FALSE"
"1922-07-13T00:00:00","Finland","Hungary","1","5","Friendly","Helsinki","Finland","FALSE"
"1922-08-11T00:00:00","Finland","Estonia","10","2","Friendly","Helsinki","Finland","FALSE"
"1922-08-13T00:00:00","Sweden","Czechoslovakia","0","2","Friendly","Stockholm","Sweden","FALSE"
"1922-08-23T00:00:00","Sweden","Norway","0","0","Friendly","Stockholm","Sweden","FALSE"
"1922-08-26T00:00:00","Finland","Norway","1","3","Friendly","Helsinki","Finland","FALSE"
"1922-09-03T00:00:00","Romania","Poland","1","1","Friendly","Cernăuţi","Romania","FALSE"
"1922-09-10T00:00:00","Norway","Denmark","3","3","Friendly","Fredrikstad","Norway","FALSE"
"1922-09-17T00:00:00","Brazil","Chile","1","1","Copa America","Rio de Janeiro","Brazil","FALSE"
"1922-09-23T00:00:00","Chile","Uruguay","0","2","Copa America","Rio de Janeiro","Brazil","TRUE"
"1922-09-24T00:00:00","Austria","Hungary","2","2","Friendly","Vienna","Austria","FALSE"
"1922-09-24T00:00:00","Brazil","Paraguay","1","1","Copa America","Rio de Janeiro","Brazil","FALSE"
"1922-09-24T00:00:00","Latvia","Estonia","1","1","Friendly","Riga","Latvia","FALSE"
"1922-09-24T00:00:00","Norway","Sweden","0","5","Friendly","Kristiania","Norway","FALSE"
"1922-09-28T00:00:00","Argentina","Chile","4","0","Copa America","Rio de Janeiro","Brazil","TRUE"
"1922-10-01T00:00:00","Brazil","Uruguay","0","0","Copa America","Rio de Janeiro","Brazil","FALSE"
"1922-10-01T00:00:00","Denmark","Sweden","1","2","Friendly","Copenhagen","Denmark","FALSE"
"1922-10-01T00:00:00","Yugoslavia","Poland","1","3","Friendly","Zagreb","Yugoslavia","FALSE"
"1922-10-05T00:00:00","Chile","Paraguay","0","3","Copa America","Rio de Janeiro","Brazil","TRUE"
"1922-10-08T00:00:00","Argentina","Uruguay","0","1","Copa America","Rio de Janeiro","Brazil","TRUE"
"1922-10-12T00:00:00","Paraguay","Uruguay","1","0","Copa America","Rio de Janeiro","Brazil","TRUE"
"1922-10-15T00:00:00","Brazil","Argentina","2","0","Copa America","Rio de Janeiro","Brazil","FALSE"
"1922-10-18T00:00:00","Argentina","Paraguay","2","0","Copa America","Rio de Janeiro","Brazil","TRUE"
"1922-10-21T00:00:00","England","Northern Ireland","2","0","British Championship","West Bromwich","England","FALSE"
"1922-10-22T00:00:00","Argentina","Chile","1","0","Friendly","Buenos Aires","Argentina","FALSE"
"1922-10-22T00:00:00","Brazil","Paraguay","3","0","Copa America","Rio de Janeiro","Brazil","FALSE"
"1922-10-22T00:00:00","Brazil","Argentina","2","1","Copa Roca","São Paulo","Brazil","FALSE"
"1922-10-29T00:00:00","Brazil","Paraguay","3","1","Friendly","São Paulo","Brazil","FALSE"
"1922-11-12T00:00:00","Uruguay","Argentina","1","0","Copa Lipton","Montevideo","Uruguay","FALSE"
"1922-11-19T00:00:00","Switzerland","Netherlands","5","0","Friendly","Berne","Switzerland","FALSE"
"1922-11-19T00:00:00","Galicia","Central Spain","4","1","Friendly","Vigo","Spain","FALSE"
"1922-11-26T00:00:00","Hungary","Austria","1","2","Friendly","Budapest","Hungary","FALSE"
"1922-12-03T00:00:00","Italy","Switzerland","2","2","Friendly","Bologna","Italy","FALSE"
"1922-12-10T00:00:00","Uruguay","Argentina","1","0","Copa Premio Honor Uruguayo","Montevideo","Uruguay","FALSE"
"1922-12-17T00:00:00","Argentina","Uruguay","2","2","Copa Newton","Buenos Aires","Argentina","FALSE"
"1922-12-17T00:00:00","Portugal","Spain","1","2","Friendly","Lisbon","Portugal","FALSE"
"1923-01-01T00:00:00","Guatemala","Mexico","2","3","Friendly","Guatemala","Guatemala","FALSE"
"1923-01-01T00:00:00","Italy","Germany","3","1","Friendly","Milan","Italy","FALSE"
"1923-01-04T00:00:00","Guatemala","Mexico","3","1","Friendly","Guatemala","Guatemala","FALSE"
"1923-01-07T00:00:00","Guatemala","Mexico","1","4","Friendly","Guatemala","Guatemala","FALSE"
"1923-01-14T00:00:00","Andalusia","Galicia","1","4","Friendly","Seville","Spain","FALSE"
"1923-01-21T00:00:00","Switzerland","Austria","2","0","Friendly","Geneva","Switzerland","FALSE"
"1923-01-28T00:00:00","Spain","France","3","0","Friendly","San Sebastián","Spain","FALSE"
"1923-02-04T00:00:00","Belgium","Spain","1","0","Friendly","Antwerp","Belgium","FALSE"
"1923-02-11T00:00:00","Luxembourg","Brittany","1","4","Friendly","Esch-sur-Alzette","Luxembourg","FALSE"
"1923-02-25T00:00:00","Belgium","France","4","1","Friendly","Forest","Belgium","FALSE"
"1923-02-25T00:00:00","Galicia","Asturias","1","3","Friendly","Vigo","Spain","FALSE"
"1923-03-03T00:00:00","Northern Ireland","Scotland","0","1","British Championship","Belfast","Northern Ireland","FALSE"
"1923-03-04T00:00:00","Italy","Hungary","0","0","Friendly","Genoa","Italy","FALSE"
"1923-03-05T00:00:00","Wales","England","2","2","British Championship","Cardiff","Wales","FALSE"
"1923-03-11T00:00:00","Switzerland","Hungary","1","6","Friendly","Lausanne","Switzerland","FALSE"
"1923-03-17T00:00:00","Scotland","Wales","2","0","British Championship","Paisley","Scotland","FALSE"
"1923-03-19T00:00:00","England","Belgium","6","1","Friendly","London","England","FALSE"
"1923-04-02T00:00:00","Netherlands","France","8","1","Friendly","Amsterdam","Netherlands","FALSE"
"1923-04-14T00:00:00","Scotland","England","2","2","British Championship","Glasgow","Scotland","FALSE"
"1923-04-14T00:00:00","Wales","Northern Ireland","0","3","British Championship","Wrexham","Wales","FALSE"
"1923-04-15T00:00:00","Austria","Italy","0","0","Friendly","Vienna","Austria","FALSE"
"1923-04-22T00:00:00","France","Switzerland","2","2","Friendly","Vincennes","France","FALSE"
"1923-04-29T00:00:00","Netherlands","Belgium","1","1","Friendly","Amsterdam","Netherlands","FALSE"
"1923-05-06T00:00:00","Austria","Hungary","1","0","Friendly","Vienna","Austria","FALSE"
"1923-05-06T00:00:00","Czechoslovakia","Denmark","2","0","Friendly","Prague","Czechoslovakia","FALSE"
"1923-05-10T00:00:00","France","England","1","4","Friendly","Vincennes","France","FALSE"
"1923-05-10T00:00:00","Germany","Netherlands","0","0","Friendly","Hamburg","Germany","FALSE"
"1923-05-20T00:00:00","Argentina","Paraguay","0","2","Copa Chevallier Boutell","Buenos Aires","Argentina","FALSE"
"1923-05-21T00:00:00","Sweden","England","2","4","Friendly","Stockholm","Sweden","FALSE"
"1923-05-22T00:00:00","China PR","Philippines","3","0","Friendly","Osaka","Japan","TRUE"
"1923-05-24T00:00:00","Japan","China PR","1","5","Friendly","Osaka","Japan","FALSE"
"1923-05-24T00:00:00","Sweden","England","1","3","Friendly","Solna","Sweden","FALSE"
"1923-05-25T00:00:00","Argentina","Paraguay","1","0","Copa Chevallier Boutell","Buenos Aires","Argentina","FALSE"
"1923-05-27T00:00:00","Czechoslovakia","Italy","5","1","Friendly","Prague","Czechoslovakia","FALSE"
"1923-06-03T00:00:00","Poland","Yugoslavia","1","2","Friendly","Cracow","Poland","FALSE"
"1923-06-03T00:00:00","Switzerland","Germany","1","2","Friendly","Basel","Switzerland","FALSE"
"1923-06-09T00:00:00","Australia","New Zealand","2","1","Friendly","Brisbane","Australia","FALSE"
"1923-06-10T00:00:00","Romania","Yugoslavia","1","2","Friendly","Bucharest","Romania","FALSE"
"1923-06-10T00:00:00","Sweden","Austria","4","2","Friendly","Gothenburg","Sweden","FALSE"
"1923-06-16T00:00:00","Australia","New Zealand","2","3","Friendly","Sydney","Australia","FALSE"
"1923-06-17T00:00:00","Denmark","Switzerland","3","2","Friendly","Copenhagen","Denmark","FALSE"
"1923-06-17T00:00:00","Norway","Finland","3","0","Friendly","Kristiania","Norway","FALSE"
"1923-06-20T00:00:00","Sweden","Finland","5","4","Friendly","Gävle","Sweden","FALSE"
"1923-06-21T00:00:00","Norway","Switzerland","2","2","Friendly","Kristiania","Norway","FALSE"
"1923-06-24T00:00:00","Argentina","Uruguay","0","0","Copa Lipton","Buenos Aires","Argentina","FALSE"
"1923-06-24T00:00:00","Lithuania","Estonia","0","5","Friendly","Kaunas","Lithuania","FALSE"
"1923-06-29T00:00:00","Sweden","Germany","2","1","Friendly","Stockholm","Sweden","FALSE"
"1923-06-30T00:00:00","Australia","New Zealand","1","4","Friendly","Newcastle","Australia","FALSE"
"1923-07-01T00:00:00","Romania","Czechoslovakia","0","6","Friendly","Cluj","Romania","FALSE"
"1923-07-15T00:00:00","Argentina","Uruguay","2","2","Friendly","Buenos Aires","Argentina","FALSE"
"1923-07-22T00:00:00","Uruguay","Argentina","2","2","Copa Premio Honor Uruguayo","Montevideo","Uruguay","FALSE"
"1923-07-24T00:00:00","Estonia","Latvia","1","1","Friendly","Tallinn","Estonia","FALSE"
"1923-08-12T00:00:00","Germany","Finland","1","2","Friendly","Dresden","Germany","FALSE"
"1923-08-15T00:00:00","Austria","Finland","2","1","Friendly","Vienna","Austria","FALSE"
"1923-08-19T00:00:00","Hungary","Finland","3","1","Friendly","Budapest","Hungary","FALSE"
"1923-09-02T00:00:00","Poland","Romania","1","1","Friendly","Lwów","Poland","FALSE"
"1923-09-16T00:00:00","Norway","Sweden","2","3","Friendly","Kristiania","Norway","FALSE"
"1923-09-18T00:00:00","Estonia","Russia","2","4","Friendly","Tallinn","Estonia","FALSE"
"1923-09-23T00:00:00","Finland","Poland","5","3","Friendly","Helsinki","Finland","FALSE"
"1923-09-23T00:00:00","Hungary","Austria","2","0","Friendly","Budapest","Hungary","FALSE"
"1923-09-25T00:00:00","Estonia","Poland","1","4","Friendly","Tallinn","Estonia","FALSE"
"1923-09-30T00:00:00","Denmark","Norway","2","1","Friendly","Copenhagen","Denmark","FALSE"
"1923-09-30T00:00:00","Estonia","Finland","2","1","Friendly","Tallinn","Estonia","FALSE"
"1923-09-30T00:00:00","Uruguay","Argentina","0","2","Copa Premio Honor Uruguayo","Montevideo","Uruguay","FALSE"
"1923-10-14T00:00:00","Sweden","Denmark","1","3","Friendly","Stockholm","Sweden","FALSE"
"1923-10-20T00:00:00","Northern Ireland","England","2","1","British Championship","Belfast","Northern Ireland","FALSE"
"1923-10-26T00:00:00","Turkey","Romania","2","2","Friendly","Istanbul","Turkey","FALSE"
"1923-10-28T00:00:00","Czechoslovakia","Yugoslavia","4","4","Friendly","Prague","Czechoslovakia","FALSE"
"1923-10-28T00:00:00","France","Norway","0","2","Friendly","Paris","France","FALSE"
"1923-10-28T00:00:00","Hungary","Sweden","2","1","Friendly","Budapest","Hungary","FALSE"
"1923-10-29T00:00:00","Argentina","Paraguay","4","3","Copa America","Montevideo","Uruguay","TRUE"
"1923-11-01T00:00:00","Belgium","England","2","2","Friendly","Antwerp","Belgium","FALSE"
"1923-11-01T00:00:00","Poland","Sweden","2","2","Friendly","Cracow","Poland","FALSE"
"1923-11-01T00:00:00","Brittany","Norway","1","5","Friendly","Rennes","France","FALSE"
"1923-11-04T00:00:00","Germany","Norway","1","0","Friendly","Hamburg","Germany","FALSE"
"1923-11-04T00:00:00","Uruguay","Paraguay","2","0","Copa America","Montevideo","Uruguay","FALSE"
"1923-11-11T00:00:00","Brazil","Paraguay","0","1","Copa America","Montevideo","Uruguay","TRUE"
"1923-11-18T00:00:00","Argentina","Brazil","2","1","Copa America","Montevideo","Uruguay","TRUE"
"1923-11-22T00:00:00","Brazil","Paraguay","2","0","Friendly","Montevideo","Uruguay","TRUE"
"1923-11-25T00:00:00","Netherlands","Switzerland","4","1","Friendly","Amsterdam","Netherlands","FALSE"
"1923-11-25T00:00:00","Uruguay","Brazil","2","1","Copa America","Montevideo","Uruguay","FALSE"
"1923-11-25T00:00:00","Central Spain","Galicia","1","0","Friendly","Madrid","Spain","FALSE"
"1923-12-02T00:00:00","Argentina","Brazil","0","2","Friendly","Buenos Aires","Argentina","FALSE"
"1923-12-02T00:00:00","Uruguay","Argentina","2","0","Copa America","Montevideo","Uruguay","FALSE"
"1923-12-03T00:00:00","Argentina","Chile","6","0","Friendly","Buenos Aires","Argentina","FALSE"
"1923-12-09T00:00:00","Argentina","Brazil","2","0","Copa Roca","Buenos Aires","Argentina","FALSE"
"1923-12-09T00:00:00","Mexico","Guatemala","2","1","Friendly","Mexico City","Mexico","FALSE"
"1923-12-12T00:00:00","Mexico","Guatemala","2","0","Friendly","Mexico City","Mexico","FALSE"
"1923-12-16T00:00:00","Mexico","Guatemala","3","3","Friendly","Mexico City","Mexico","FALSE"
"1923-12-16T00:00:00","Spain","Portugal","3","0","Friendly","Seville","Spain","FALSE"
"1924-01-13T00:00:00","France","Belgium","2","0","Friendly","Montrouge","France","FALSE"
"1924-01-13T00:00:00","Germany","Austria","4","3","Friendly","Nuremberg","Germany","FALSE"
"1924-01-20T00:00:00","Italy","Austria","0","4","Friendly","Genoa","Italy","FALSE"
"1924-02-10T00:00:00","Yugoslavia","Austria","1","4","Friendly","Zagreb","Yugoslavia","FALSE"
"1924-02-16T00:00:00","Wales","Scotland","2","0","British Championship","Cardiff","Wales","FALSE"
"1924-03-01T00:00:00","Scotland","Northern Ireland","2","0","British Championship","Glasgow","Scotland","FALSE"
"1924-03-03T00:00:00","England","Wales","1","2","British Championship","Blackburn","England","FALSE"
"1924-03-09T00:00:00","Italy","Spain","0","0","Friendly","Milan","Italy","FALSE"
"1924-03-13T00:00:00","Catalonia","Spain","0","7","Friendly","Barcelona","Spain","FALSE"
"1924-03-15T00:00:00","Northern Ireland","Wales","0","1","British Championship","Belfast","Northern Ireland","FALSE"
"1924-03-23T00:00:00","Netherlands","Belgium","1","1","Friendly","Amsterdam","Netherlands","FALSE"
"1924-03-23T00:00:00","Switzerland","France","3","0","Friendly","Geneva","Switzerland","FALSE"
"1924-03-23T00:00:00","Brittany","Luxembourg","1","1","Friendly","Rennes","France","FALSE"
"1924-04-06T00:00:00","Aruba","Curaçao","0","4","Friendly","Oranjestad","Aruba","FALSE"
"1924-04-06T00:00:00","Hungary","Italy","7","1","Friendly","Budapest","Hungary","FALSE"
"1924-04-12T00:00:00","England","Scotland","1","1","British Championship","London","England","FALSE"
"1924-04-21T00:00:00","Netherlands","Germany","0","1","Friendly","Amsterdam","Netherlands","FALSE"
"1924-04-21T00:00:00","Switzerland","Denmark","2","0","Friendly","Basel","Switzerland","FALSE"
"1924-04-27T00:00:00","Belgium","Netherlands","1","1","Friendly","Antwerp","Belgium","FALSE"
"1924-05-04T00:00:00","Hungary","Austria","2","2","Friendly","Budapest","Hungary","FALSE"
"1924-05-15T00:00:00","Paraguay","Argentina","1","3","Copa Chevallier Boutell","Asunción","Paraguay","FALSE"
"1924-05-17T00:00:00","France","England","1","3","Friendly","Vincennes","France","FALSE"
"1924-05-18T00:00:00","Paraguay","Argentina","2","1","Copa Chevallier Boutell","Asunción","Paraguay","FALSE"
"1924-05-18T00:00:00","Sweden","Poland","5","1","Friendly","Stockholm","Sweden","FALSE"
"1924-05-18T00:00:00","Switzerland","Hungary","4","2","Friendly","Zürich","Switzerland","FALSE"
"1924-05-20T00:00:00","Austria","Romania","4","1","Friendly","Vienna","Austria","FALSE"
"1924-05-21T00:00:00","Austria","Bulgaria","6","0","Friendly","Vienna","Austria","FALSE"
"1924-05-25T00:00:00","Argentina","Uruguay","4","0","Copa Newton","Buenos Aires","Argentina","FALSE"
"1924-05-25T00:00:00","Uruguay","Argentina","2","0","Copa Lipton","Montevideo","Uruguay","FALSE"
"1924-05-27T00:00:00","Egypt","Lithuania","10","0","Friendly","Vincennes","France","TRUE"
"1924-06-04T00:00:00","France","Hungary","0","1","Friendly","Le Havre","France","FALSE"
"1924-06-07T00:00:00","Australia","Canada","3","2","Friendly","Brisbane","Australia","FALSE"
"1924-06-10T00:00:00","Poland","United States","2","3","Friendly","Warsaw","Poland","FALSE"
"1924-06-14T00:00:00","Australia","Canada","0","1","Friendly","Sydney","Australia","FALSE"
"1924-06-15T00:00:00","Denmark","Sweden","2","3","Nordic Championship","Copenhagen","Denmark","FALSE"
"1924-06-15T00:00:00","Norway","Germany","0","2","Friendly","Kristiania","Norway","FALSE"
"1924-06-15T00:00:00","Catalonia","Basque Country","1","2","Friendly","Barcelona","Spain","FALSE"
"1924-06-17T00:00:00","Finland","Turkey","2","4","Friendly","Helsinki","Finland","FALSE"
"1924-06-19T00:00:00","Estonia","Turkey","1","4","Friendly","Tallinn","Estonia","FALSE"
"1924-06-22T00:00:00","Austria","Egypt","3","1","Friendly","Vienna","Austria","FALSE"
"1924-06-22T00:00:00","Latvia","Turkey","1","3","Friendly","Riga","Latvia","FALSE"
"1924-06-23T00:00:00","Australia","Canada","4","1","Friendly","Sydney","Australia","FALSE"
"1924-06-28T00:00:00","Australia","Canada","0","0","Friendly","Newcastle","Australia","FALSE"
"1924-06-29T00:00:00","Poland","Turkey","2","0","Friendly","Łódź","Poland","FALSE"
"1924-06-29T00:00:00","Sweden","Egypt","5","0","Friendly","Stockholm","Sweden","FALSE"
"1924-07-12T00:00:00","Australia","Canada","1","4","Friendly","Adelaide","Australia","FALSE"
"1924-07-25T00:00:00","Sweden","Estonia","5","2","Friendly","Stockholm","Sweden","FALSE"
"1924-07-26T00:00:00","Australia","Canada","1","0","Friendly","Sydney","Australia","FALSE"
"1924-07-28T00:00:00","Finland","Sweden","5","7","Friendly","Helsinki","Finland","FALSE"
"1924-08-10T00:00:00","Poland","Finland","1","0","Friendly","Warsaw","Poland","FALSE"
"1924-08-14T00:00:00","Latvia","Finland","0","2","Friendly","Riga","Latvia","FALSE"
"1924-08-23T00:00:00","Finland","Norway","2","0","Friendly","Helsinki","Finland","FALSE"
"1924-08-24T00:00:00","Estonia","Lithuania","1","2","Friendly","Tallinn","Estonia","FALSE"
"1924-08-31T00:00:00","Czechoslovakia","Romania","4","1","Friendly","Prague","Czechoslovakia","FALSE"
"1924-08-31T00:00:00","Germany","Sweden","1","4","Friendly","Berlin","Germany","FALSE"
"1924-08-31T00:00:00","Hungary","Poland","4","0","Friendly","Budapest","Hungary","FALSE"
"1924-09-14T00:00:00","Austria","Hungary","2","1","Friendly","Vienna","Austria","FALSE"
"1924-09-14T00:00:00","Finland","Estonia","4","0","Friendly","Helsinki","Finland","FALSE"
"1924-09-14T00:00:00","Norway","Denmark","1","3","Nordic Championship","Kristiania","Norway","FALSE"
"1924-09-21T00:00:00","Hungary","Germany","4","1","Friendly","Budapest","Hungary","FALSE"
"1924-09-21T00:00:00","Sweden","Norway","6","1","Nordic Championship","Solna","Sweden","FALSE"
"1924-09-21T00:00:00","Uruguay","Argentina","1","1","Friendly","Montevideo","Uruguay","FALSE"
"1924-09-24T00:00:00","Northern Ireland","South Africa","1","2","Friendly","Belfast","Northern Ireland","FALSE"
"1924-09-28T00:00:00","Yugoslavia","Czechoslovakia","0","2","Friendly","Zagreb","Yugoslavia","FALSE"
"1924-10-02T00:00:00","Argentina","Uruguay","2","1","Friendly","Buenos Aires","Argentina","FALSE"
"1924-10-05T00:00:00","Denmark","Belgium","2","1","Friendly","Copenhagen","Denmark","FALSE"
"1924-10-12T00:00:00","Argentina","Paraguay","0","0","Copa America","Montevideo","Uruguay","TRUE"
"1924-10-18T00:00:00","Latvia","Estonia","2","0","Friendly","Riga","Latvia","FALSE"
"1924-10-19T00:00:00","Uruguay","Chile","5","0","Copa America","Montevideo","Uruguay","FALSE"
"1924-10-22T00:00:00","England","Northern Ireland","3","1","British Championship","Liverpool","England","FALSE"
"1924-10-25T00:00:00","Argentina","Chile","2","0","Copa America","Montevideo","Uruguay","TRUE"
"1924-10-26T00:00:00","Uruguay","Paraguay","3","1","Copa America","Montevideo","Uruguay","FALSE"
"1924-11-01T00:00:00","Chile","Paraguay","1","3","Copa America","Montevideo","Uruguay","TRUE"
"1924-11-02T00:00:00","Netherlands","South Africa","2","1","Friendly","Amsterdam","Netherlands","FALSE"
"1924-11-02T00:00:00","Uruguay","Argentina","0","0","Copa America","Montevideo","Uruguay","FALSE"
"1924-11-09T00:00:00","Austria","Sweden","1","1","Friendly","Vienna","Austria","FALSE"
"1924-11-11T00:00:00","Belgium","France","3","0","Friendly","Brussels","Belgium","FALSE"
"1924-11-16T00:00:00","Italy","Sweden","2","2","Friendly","Milan","Italy","FALSE"
"1924-11-16T00:00:00","Russia","Turkey","3","0","Friendly","Moscow","Soviet Union","FALSE"
"1924-11-23T00:00:00","Germany","Italy","0","1","Friendly","Duisburg","Germany","FALSE"
"1924-12-08T00:00:00","England","Belgium","4","0","Friendly","West Bromwich","England","FALSE"
"1924-12-14T00:00:00","Germany","Switzerland","1","1","Friendly","Stuttgart","Germany","FALSE"
"1924-12-21T00:00:00","Spain","Austria","2","1","Friendly","Barcelona","Spain","FALSE"
"1925-02-14T00:00:00","Scotland","Wales","3","1","British Championship","Edinburgh","Scotland","FALSE"
"1925-02-22T00:00:00","Luxembourg","Brittany","1","1","Friendly","Luxembourg","Luxembourg","FALSE"
"1925-02-28T00:00:00","Northern Ireland","Scotland","0","3","British Championship","Belfast","Northern Ireland","FALSE"
"1925-02-28T00:00:00","Wales","England","1","2","British Championship","Swansea","Wales","FALSE"
"1925-03-15T00:00:00","Belgium","Netherlands","0","1","Friendly","Antwerp","Belgium","FALSE"
"1925-03-22T00:00:00","Austria","Switzerland","2","0","Friendly","Vienna","Austria","FALSE"
"1925-03-22T00:00:00","Haiti","Jamaica","1","2","Friendly","Port-au-Prince","Haiti","FALSE"
"1925-03-22T00:00:00","Italy","France","7","0","Friendly","Turin","Italy","FALSE"
"1925-03-25T00:00:00","Hungary","Switzerland","5","0","Friendly","Budapest","Hungary","FALSE"
"1925-03-26T00:00:00","Haiti","Jamaica","0","3","Friendly","Port-au-Prince","Haiti","FALSE"
"1925-03-29T00:00:00","Haiti","Jamaica","0","1","Friendly","Port-au-Prince","Haiti","FALSE"
"1925-03-29T00:00:00","Netherlands","Germany","2","1","Friendly","Amsterdam","Netherlands","FALSE"
"1925-04-04T00:00:00","Scotland","England","2","0","British Championship","Glasgow","Scotland","FALSE"
"1925-04-10T00:00:00","Turkey","Bulgaria","2","1","Friendly","Istanbul","Turkey","FALSE"
"1925-04-18T00:00:00","Wales","Northern Ireland","0","0","British Championship","Wrexham","Wales","FALSE"
"1925-04-19T00:00:00","France","Austria","0","4","Friendly","Vincennes","France","FALSE"
"1925-04-19T00:00:00","Switzerland","Netherlands","4","1","Friendly","Zürich","Switzerland","FALSE"
"1925-05-01T00:00:00","Romania","Turkey","1","2","Friendly","Bucharest","Romania","FALSE"
"1925-05-03T00:00:00","Netherlands","Belgium","5","0","Friendly","Amsterdam","Netherlands","FALSE"
"1925-05-05T00:00:00","Austria","Hungary","3","1","Friendly","Vienna","Austria","FALSE"
"1925-05-15T00:00:00","Turkey","Russia","1","2","Friendly","Ankara","Turkey","FALSE"
"1925-05-20T00:00:00","China PR","Japan","2","0","Friendly","Manila","Philippines","TRUE"
"1925-05-21T00:00:00","France","England","2","3","Friendly","Colombes","France","FALSE"
"1925-05-21T00:00:00","Hungary","Belgium","1","3","Friendly","Budapest","Hungary","FALSE"
"1925-05-22T00:00:00","Philippines","China PR","1","5","Friendly","Manila","Philippines","FALSE"
"1925-05-24T00:00:00","Czechoslovakia","Austria","3","1","Friendly","Prague","Czechoslovakia","FALSE"
"1925-05-24T00:00:00","Switzerland","Belgium","0","0","Friendly","Lausanne","Switzerland","FALSE"
"1925-05-31T00:00:00","Bulgaria","Romania","2","4","Friendly","Sofia","Bulgaria","FALSE"
"1925-06-01T00:00:00","Switzerland","Spain","0","3","Friendly","Berne","Switzerland","FALSE"
"1925-06-07T00:00:00","Norway","Finland","1","0","Friendly","Oslo","Norway","FALSE"
"1925-06-09T00:00:00","Sweden","Finland","4","0","Friendly","Gothenburg","Sweden","FALSE"
"1925-06-14T00:00:00","Spain","Italy","1","0","Friendly","Valencia","Spain","FALSE"
"1925-06-14T00:00:00","Sweden","Denmark","0","2","Nordic Championship","Stockholm","Sweden","FALSE"
"1925-06-18T00:00:00","Portugal","Italy","1","0","Friendly","Lisbon","Portugal","FALSE"
"1925-06-21T00:00:00","Denmark","Norway","5","1","Nordic Championship","Copenhagen","Denmark","FALSE"
"1925-06-21T00:00:00","Sweden","Germany","1","0","Friendly","Stockholm","Sweden","FALSE"
"1925-06-26T00:00:00","Finland","Germany","3","5","Friendly","Helsinki","Finland","FALSE"
"1925-06-27T00:00:00","Canada","United States","1","0","Friendly","Montreal","Canada","FALSE"
"1925-06-28T00:00:00","Lithuania","Estonia","0","1","Friendly","Kaunas","Lithuania","FALSE"
"1925-07-05T00:00:00","Estonia","Finland","2","0","Friendly","Tallinn","Estonia","FALSE"
"1925-07-05T00:00:00","Sweden","Austria","2","4","Friendly","Stockholm","Sweden","FALSE"
"1925-07-09T00:00:00","Argentina","Paraguay","1","1","Copa Chevallier Boutell","Buenos Aires","Argentina","FALSE"
"1925-07-10T00:00:00","Finland","Austria","1","2","Friendly","Helsinki","Finland","FALSE"
"1925-07-12T00:00:00","Argentina","Paraguay","1","1","Copa Chevallier Boutell","Buenos Aires","Argentina","FALSE"
"1925-07-12T00:00:00","Sweden","Hungary","6","2","Friendly","Stockholm","Sweden","FALSE"
"1925-07-14T00:00:00","Uruguay","Paraguay","0","1","Friendly","Montevideo","Uruguay","FALSE"
"1925-07-18T00:00:00","Uruguay","Paraguay","0","1","Friendly","Montevideo","Uruguay","FALSE"
"1925-07-19T00:00:00","Poland","Hungary","0","2","Friendly","Cracow","Poland","FALSE"
"1925-08-09T00:00:00","Finland","Latvia","3","1","Friendly","Helsinki","Finland","FALSE"
"1925-08-15T00:00:00","Paraguay","Uruguay","1","0","Friendly","Asunción","Paraguay","FALSE"
"1925-08-19T00:00:00","Paraguay","Uruguay","0","1","Friendly","Asunción","Paraguay","FALSE"
"1925-08-23T00:00:00","Norway","Sweden","3","7","Nordic Championship","Oslo","Norway","FALSE"
"1925-08-23T00:00:00","Paraguay","Uruguay","0","0","Friendly","Asunción","Paraguay","FALSE"
"1925-08-26T00:00:00","Estonia","Latvia","2","2","Friendly","Tallinn","Estonia","FALSE"
"1925-08-30T00:00:00","Finland","Poland","2","2","Friendly","Helsinki","Finland","FALSE"
"1925-09-20T00:00:00","Hungary","Austria","1","1","Friendly","Budapest","Hungary","FALSE"
"1925-09-20T00:00:00","Latvia","Lithuania","2","2","Friendly","Riga","Latvia","FALSE"
"1925-09-27T00:00:00","Austria","Spain","0","1","Friendly","Vienna","Austria","FALSE"
"1925-09-27T00:00:00","Denmark","Finland","3","3","Friendly","Århus","Denmark","FALSE"
"1925-10-02T00:00:00","Turkey","Poland","1","2","Friendly","Istanbul","Turkey","FALSE"
"1925-10-04T00:00:00","Hungary","Spain","0","1","Friendly","Budapest","Hungary","FALSE"
"1925-10-11T00:00:00","Czechoslovakia","Hungary","2","0","Friendly","Prague","Czechoslovakia","FALSE"
"1925-10-24T00:00:00","Northern Ireland","England","0","0","British Championship","Belfast","Northern Ireland","FALSE"
"1925-10-25T00:00:00","Netherlands","Denmark","4","2","Friendly","Amsterdam","Netherlands","FALSE"
"1925-10-25T00:00:00","Switzerland","Germany","0","4","Friendly","Basel","Switzerland","FALSE"
"1925-10-28T00:00:00","Czechoslovakia","Yugoslavia","7","0","Friendly","Prague","Czechoslovakia","FALSE"
"1925-10-31T00:00:00","Wales","Scotland","0","3","British Championship","Cardiff","Wales","FALSE"
"1925-11-01T00:00:00","Poland","Sweden","2","6","Friendly","Cracow","Poland","FALSE"
"1925-11-04T00:00:00","Italy","Yugoslavia","2","1","Friendly","Padua","Italy","FALSE"
"1925-11-08T00:00:00","Hungary","Italy","1","1","Friendly","Budapest","Hungary","FALSE"
"1925-11-08T00:00:00","Switzerland","Austria","2","0","Friendly","Berne","Switzerland","FALSE"
"1925-11-08T00:00:00","United States","Canada","6","1","Friendly","New York","United States","FALSE"
"1925-11-29T00:00:00","Argentina","Paraguay","2","0","Copa America","Buenos Aires","Argentina","FALSE"
"1925-12-06T00:00:00","Brazil","Paraguay","5","2","Copa America","Buenos Aires","Argentina","TRUE"
"1925-12-13T00:00:00","Argentina","Brazil","4","1","Copa America","Buenos Aires","Argentina","FALSE"
"1925-12-13T00:00:00","Belgium","Austria","3","4","Friendly","Liège","Belgium","FALSE"
"1925-12-13T00:00:00","Catalonia","Czechoslovakia","2","1","Friendly","Barcelona","Spain","FALSE"
"1925-12-17T00:00:00","Brazil","Paraguay","3","1","Copa America","Buenos Aires","Argentina","TRUE"
"1925-12-20T00:00:00","Argentina","Paraguay","3","1","Copa America","Buenos Aires","Argentina","FALSE"
"1925-12-25T00:00:00","Argentina","Brazil","2","2","Copa America","Buenos Aires","Argentina","FALSE"
"1926-01-17T00:00:00","Italy","Czechoslovakia","3","1","Friendly","Turin","Italy","FALSE"
"1926-01-24T00:00:00","Haiti","Curaçao","1","1","Friendly","Port-au-Prince","Haiti","FALSE"
"1926-01-31T00:00:00","Haiti","Curaçao","0","1","Friendly","Port-au-Prince","Haiti","FALSE"
"1926-02-07T00:00:00","Haiti","Curaçao","2","1","Friendly","Port-au-Prince","Haiti","FALSE"
"1926-02-13T00:00:00","Northern Ireland","Wales","3","0","British Championship","Belfast","Northern Ireland","FALSE"
"1926-02-14T00:00:00","Belgium","Hungary","0","2","Friendly","Brussels","Belgium","FALSE"
"1926-02-14T00:00:00","Haiti","Curaçao","2","2","Friendly","Port-au-Prince","Haiti","FALSE"
"1926-02-27T00:00:00","Scotland","Northern Ireland","4","0","British Championship","Glasgow","Scotland","FALSE"
"1926-03-01T00:00:00","England","Wales","1","3","British Championship","London","England","FALSE"
"1926-03-03T00:00:00","Jamaica","Curaçao","2","0","Friendly","Kingston","Jamaica","FALSE"
"1926-03-14T00:00:00","Austria","Czechoslovakia","2","0","Friendly","Vienna","Austria","FALSE"
"1926-03-14T00:00:00","Belgium","Netherlands","1","1","Friendly","Antwerp","Belgium","FALSE"
"1926-03-21T00:00:00","Italy","Republic of Ireland","3","0","Friendly","Turin","Italy","FALSE"
"1926-03-28T00:00:00","Netherlands","Switzerland","5","0","Friendly","Amsterdam","Netherlands","FALSE"
"1926-04-11T00:00:00","France","Belgium","4","3","Friendly","Vincennes","France","FALSE"
"1926-04-17T00:00:00","England","Scotland","0","1","British Championship","Manchester","England","FALSE"
"1926-04-18T00:00:00","France","Portugal","4","2","Friendly","Toulouse","France","FALSE"
"1926-04-18T00:00:00","Germany","Netherlands","4","2","Friendly","Düsseldorf","Germany","FALSE"
"1926-04-18T00:00:00","Switzerland","Italy","1","1","Friendly","Zürich","Switzerland","FALSE"
"1926-04-25T00:00:00","France","Switzerland","1","0","Friendly","Colombes","France","FALSE"
"1926-04-25T00:00:00","Romania","Bulgaria","6","1","Friendly","Bucharest","Romania","FALSE"
"1926-05-01T00:00:00","Kenya","Uganda","1","1","Friendly","Nairobi","Kenya","FALSE"
"1926-05-02T00:00:00","Hungary","Austria","0","3","Friendly","Budapest","Hungary","FALSE"
"1926-05-02T00:00:00","Netherlands","Belgium","1","5","Friendly","Amsterdam","Netherlands","FALSE"
"1926-05-03T00:00:00","Kenya","Uganda","2","1","Friendly","Nairobi","Kenya","FALSE"
"1926-05-07T00:00:00","Turkey","Romania","1","3","Friendly","Istanbul","Turkey","FALSE"
"1926-05-09T00:00:00","Italy","Switzerland","3","2","Friendly","Milan","Italy","FALSE"
"1926-05-24T00:00:00","Belgium","England","3","5","Friendly","Antwerp","Belgium","FALSE"
"1926-05-29T00:00:00","Argentina","Paraguay","2","1","Copa Chevallier Boutell","Buenos Aires","Argentina","FALSE"
"1926-05-30T00:00:00","Austria","France","4","1","Friendly","Vienna","Austria","FALSE"
"1926-05-30T00:00:00","Yugoslavia","Bulgaria","3","1","Friendly","Zagreb","Yugoslavia","FALSE"
"1926-06-03T00:00:00","Argentina","Paraguay","2","1","Copa Chevallier Boutell","Buenos Aires","Argentina","FALSE"
"1926-06-06T00:00:00","Finland","Norway","2","5","Friendly","Helsinki","Finland","FALSE"
"1926-06-06T00:00:00","Hungary","Czechoslovakia","2","1","Friendly","Budapest","Hungary","FALSE"
"1926-06-09T00:00:00","Sweden","Norway","3","2","Nordic Championship","Stockholm","Sweden","FALSE"
"1926-06-13T00:00:00","Denmark","Netherlands","4","1","Friendly","Copenhagen","Denmark","FALSE"
"1926-06-13T00:00:00","Estonia","Lithuania","3","1","Friendly","Tallinn","Estonia","FALSE"
"1926-06-13T00:00:00","France","Yugoslavia","4","1","Friendly","Colombes","France","FALSE"
"1926-06-13T00:00:00","Sweden","Czechoslovakia","2","2","Friendly","Stockholm","Sweden","FALSE"
"1926-06-20T00:00:00","Belgium","France","2","2","Friendly","Brussels","Belgium","FALSE"
"1926-06-20T00:00:00","Finland","Denmark","3","2","Friendly","Helsinki","Finland","FALSE"
"1926-06-20T00:00:00","Germany","Sweden","3","3","Friendly","Nuremberg","Germany","FALSE"
"1926-06-28T00:00:00","Yugoslavia","Czechoslovakia","2","6","Friendly","Zagreb","Yugoslavia","FALSE"
"1926-07-03T00:00:00","Czechoslovakia","Sweden","4","2","Friendly","Prague","Czechoslovakia","FALSE"
"1926-07-04T00:00:00","Poland","Estonia","2","0","Friendly","Warsaw","Poland","FALSE"
"1926-07-07T00:00:00","Czechoslovakia","Catalonia","2","1","Friendly","Prague","Czech Republic","FALSE"
"1926-07-18T00:00:00","Sweden","Italy","5","3","Friendly","Stockholm","Sweden","FALSE"
"1926-07-20T00:00:00","Latvia","Sweden","4","1","Friendly","Riga","Latvia","FALSE"
"1926-07-23T00:00:00","Estonia","Sweden","1","7","Friendly","Tallinn","Estonia","FALSE"
"1926-07-26T00:00:00","Finland","Sweden","2","3","Friendly","Helsinki","Finland","FALSE"
"1926-08-08T00:00:00","Poland","Finland","7","1","Friendly","Poznań","Poland","FALSE"
"1926-08-12T00:00:00","Latvia","Finland","1","4","Friendly","Riga","Latvia","FALSE"
"1926-08-20T00:00:00","Hungary","Poland","4","1","Friendly","Budapest","Hungary","FALSE"
"1926-08-21T00:00:00","Lithuania","Latvia","2","3","Friendly","Kaunas","Lithuania","FALSE"
"1926-09-05T00:00:00","Finland","Estonia","1","1","Friendly","Helsinki","Finland","FALSE"
"1926-09-12T00:00:00","Poland","Turkey","6","1","Friendly","Lwów","Poland","FALSE"
"1926-09-19T00:00:00","Austria","Hungary","2","3","Friendly","Vienna","Austria","FALSE"
"1926-09-19T00:00:00","Latvia","Estonia","0","1","Friendly","Riga","Latvia","FALSE"
"1926-09-19T00:00:00","Norway","Denmark","2","2","Nordic Championship","Oslo","Norway","FALSE"
"1926-09-28T00:00:00","Czechoslovakia","Austria","1","2","Friendly","Prague","Czechoslovakia","FALSE"
"1926-10-03T00:00:00","Denmark","Sweden","2","0","Nordic Championship","Copenhagen","Denmark","FALSE"
"1926-10-03T00:00:00","Sweden","Poland","3","1","Friendly","Stockholm","Sweden","FALSE"
"1926-10-03T00:00:00","Yugoslavia","Romania","2","3","Friendly","Zagreb","Yugoslavia","FALSE"
"1926-10-10T00:00:00","Austria","Switzerland","7","1","Friendly","Vienna","Austria","FALSE"
"1926-10-12T00:00:00","Chile","Bolivia","7","1","Copa America","Santiago","Chile","FALSE"
