"","Title","Year","Age","IMDb","Rotten Tomatoes","Netflix","Hulu","Prime Video","Disney+","type"
"0","Breaking Bad","2008-01-01T00:00:00","18+","9.5","0.96","1","0","0","0","1"
"1","Stranger Things","2016-01-01T00:00:00","16+","8.8","0.93","1","0","0","0","1"
"2","Money Heist","2017-01-01T00:00:00","18+","8.4","0.91","1","0","0","0","1"
"3","Sherlock","2010-01-01T00:00:00","16+","9.1","0.78","1","0","0","0","1"
"4","Better Call Saul","2015-01-01T00:00:00","18+","8.7","0.97","1","0","0","0","1"
"5","The Office","2005-01-01T00:00:00","16+","8.9","0.81","1","0","0","0","1"
"6","Black Mirror","2011-01-01T00:00:00","18+","8.8","0.83","1","0","0","0","1"
"7","Supernatural","2005-01-01T00:00:00","16+","8.4","0.93","1","0","0","0","1"
"8","Peaky Blinders","2013-01-01T00:00:00","18+","8.8","0.92","1","0","0","0","1"
"9","Avatar: The Last Airbender","2005-01-01T00:00:00","7+","9.2","1.0","1","0","0","0","1"
"10","The Walking Dead","2010-01-01T00:00:00","18+","8.2","0.81","1","0","0","0","1"
"11","Dark","2017-01-01T00:00:00","16+","8.7","0.94","1","0","0","0","1"
"12","Ozark","2017-01-01T00:00:00","18+","8.4","0.81","1","0","0","0","1"
"13","Attack on Titan","2013-01-01T00:00:00","16+","8.8","0.94","1","1","0","0","1"
"14","Narcos","2015-01-01T00:00:00","18+","8.8","0.89","1","0","0","0","1"
"15","Fullmetal Alchemist: Brotherhood","2009-01-01T00:00:00","18+","9.1","1.0","1","1","0","0","1"
"16","Community","2009-01-01T00:00:00","7+","8.5","0.88","1","1","0","0","1"
"17","Mindhunter","2017-01-01T00:00:00","18+","8.6","0.96","1","0","0","0","1"
"18","Parks and Recreation","2009-01-01T00:00:00","16+","8.6","0.93","1","1","1","0","1"
"19","Dexter","2006-01-01T00:00:00","18+","8.6","0.72","1","0","0","0","1"
"20","Marvel's Daredevil","2015-01-01T00:00:00","18+","8.6","0.92","1","0","0","0","1"
"21","The Witcher","2019-01-01T00:00:00","18+","8.3","0.67","1","0","0","0","1"
"22","Twin Peaks","1990-01-01T00:00:00","18+","8.8","0.89","1","1","0","0","1"
"23","One-Punch Man","2015-01-01T00:00:00","16+","8.8","1.0","1","1","0","0","1"
"24","Outlander","2014-01-01T00:00:00","18+","8.4","0.91","1","0","0","0","1"
"25","House of Cards","2013-01-01T00:00:00","18+","8.7","0.78","1","0","0","0","1"
"26","Shameless","2011-01-01T00:00:00","18+","8.6","0.85","1","0","0","0","1"
"27","The Good Place","2016-01-01T00:00:00","16+","8.2","0.97","1","1","0","0","1"
"28","The Haunting","2018-01-01T00:00:00","18+","8.7","0.93","1","0","0","0","1"
"29","The Blacklist","2013-01-01T00:00:00","16+","8.0","0.91","1","0","0","0","1"
"30","The Flash","2014-01-01T00:00:00","7+","7.7","0.89","1","0","0","0","1"
"31","The Last Kingdom","2015-01-01T00:00:00","18+","8.4","0.91","1","0","0","0","1"
"32","Mad Men","2007-01-01T00:00:00","16+","8.6","0.94","1","0","0","0","1"
"33","Lucifer","2016-01-01T00:00:00","16+","8.2","0.87","1","0","0","0","1"
"34","Orange Is the New Black","2013-01-01T00:00:00","18+","8.1","0.9","1","0","0","0","1"
"35","Grey's Anatomy","2005-01-01T00:00:00","16+","7.6","0.83","1","1","0","0","1"
"36","The End of the F***ing World","2017-01-01T00:00:00","18+","8.1","0.93","1","0","0","0","1"
"37","Arrested Development","2003-01-01T00:00:00","16+","8.7","0.75","1","1","0","0","1"
"38","The Vampire Diaries","2009-01-01T00:00:00","7+","7.7","0.85","1","0","0","0","1"
"39","The Crown","2016-01-01T00:00:00","18+","8.7","0.89","1","0","0","0","1"
"40","The 100","2014-01-01T00:00:00","16+","7.7","0.92","1","0","0","0","1"
"41","When They See Us","2019-01-01T00:00:00","18+","8.9","0.96","1","0","0","0","1"
"42","How to Get Away with Murder","2014-01-01T00:00:00","16+","8.1","0.88","1","1","0","0","1"
"43","After Life","2019-01-01T00:00:00","18+","8.5","0.7","1","0","0","0","1"
"44","Elite","2018-01-01T00:00:00","18+","7.6","0.97","1","0","0","0","1"
"45","BoJack Horseman","2014-01-01T00:00:00","18+","8.7","0.93","1","0","0","0","1"
"46","Never Have I Ever","2020-01-01T00:00:00","16+","8.0","0.97","1","0","0","0","1"
"47","Penny Dreadful","2014-01-01T00:00:00","18+","8.2","0.91","1","0","0","0","1"
"48","Marvel's Agents of S.H.I.E.L.D.","2013-01-01T00:00:00","16+","7.5","0.94","1","0","0","0","1"
"49","Dead to Me","2019-01-01T00:00:00","18+","8.1","0.91","1","0","0","0","1"
"50","Unorthodox","2020-01-01T00:00:00","18+","8.1","0.94","1","0","0","0","1"
"51","Sense8","2015-01-01T00:00:00","18+","8.3","0.86","1","0","0","0","1"
"52","Sacred Games","2018-01-01T00:00:00","18+","8.7","0.92","1","0","0","0","1"
"53","American Crime Story","2016-01-01T00:00:00","18+","8.4","0.93","1","0","0","0","1"
"54","Family Guy","1999-01-01T00:00:00","18+","8.1","0.71","1","1","0","0","1"
"55","Pretty Little Liars","2010-01-01T00:00:00","16+","7.4","0.81","1","1","0","0","1"
"56","Unbelievable","2019-01-01T00:00:00","18+","8.4","0.97","1","0","0","0","1"
"57","Arrow","2012-01-01T00:00:00","16+","7.6","0.85","1","0","0","0","1"
"58","The IT Crowd","2006-01-01T00:00:00","16+","8.5","0.87","1","0","0","0","1"
"59","The Twilight Zone","1959-01-01T00:00:00","7+","9.0","0.82","1","1","0","0","1"
"60","YOU","2018-01-01T00:00:00","18+","7.8","0.91","1","0","0","0","1"
"61","Sex Education","2019-01-01T00:00:00","16+","8.3","0.94","1","0","0","0","1"
"62","Tiger King: Murder, Mayhem and Madness","2020-01-01T00:00:00","18+","7.8","0.86","1","0","0","0","1"
"63","Star Trek: The Next Generation","1987-01-01T00:00:00","7+","8.6","0.89","1","1","1","0","1"
"64","Broadchurch","2013-01-01T00:00:00","18+","8.4","0.92","1","0","0","0","1"
"65","Kingdom","2019-01-01T00:00:00","18+","8.4","0.96","1","0","0","0","1"
"66","Altered Carbon","2018-01-01T00:00:00","18+","8.1","0.64","1","0","0","0","1"
"67","The Sinner","2017-01-01T00:00:00","16+","8.0","0.95","1","0","0","0","1"
"68","Love, Death & Robots","2019-01-01T00:00:00","18+","8.5","0.78","1","0","0","0","1"
"69","Marvel's Jessica Jones","2015-01-01T00:00:00","18+","8.0","0.83","1","0","0","0","1"
"70","New Girl","2011-01-01T00:00:00","16+","7.7","0.94","1","0","0","0","1"
"71","The Good Wife","2009-01-01T00:00:00","16+","8.3","0.94","1","1","1","0","1"
"72","The Umbrella Academy","2019-01-01T00:00:00","16+","7.9","0.77","1","0","0","0","1"
"73","Marvel's The Punisher","2017-01-01T00:00:00","18+","8.5","0.63","1","0","0","0","1"
"74","Ash vs Evil Dead","2015-01-01T00:00:00","18+","8.4","0.99","1","0","0","0","1"
"75","Master of None","2015-01-01T00:00:00","18+","8.3","1.0","1","0","0","0","1"
"76","Bodyguard","2018-01-01T00:00:00","18+","8.1","0.93","1","0","0","0","1"
"77","Schitt's Creek","2015-01-01T00:00:00","16+","8.4","0.5","1","0","1","0","1"
"78","Narcos: Mexico","2018-01-01T00:00:00","18+","8.4","0.88","1","0","0","0","1"
"79","The West Wing","1999-01-01T00:00:00","16+","8.8","0.75","1","0","0","0","1"
"80","Bates Motel","2013-01-01T00:00:00","18+","8.2","0.93","1","0","0","0","1"
"81","Atypical","2017-01-01T00:00:00","18+","8.3","0.87","1","0","0","0","1"
"82","Once Upon a Time","2011-01-01T00:00:00","7+","7.7","0.8","1","0","0","0","1"
"83","Gomorrah","2014-01-01T00:00:00","18+","8.7","0.94","1","0","0","0","1"
"84","Making a Murderer","2015-01-01T00:00:00","16+","8.6","0.84","1","0","0","0","1"
"85","Death Note","2006-01-01T00:00:00","18+","9.0","","1","1","0","0","1"
"86","Castlevania","2017-01-01T00:00:00","18+","8.2","0.93","1","0","0","0","1"
"87","Riverdale","2017-01-01T00:00:00","16+","7.0","0.86","1","0","0","0","1"
"88","Burn Notice","2007-01-01T00:00:00","7+","7.9","0.88","1","1","1","0","1"
"89","Fauda","2015-01-01T00:00:00","16+","8.3","1.0","1","0","0","0","1"
"90","Russian Doll","2019-01-01T00:00:00","18+","7.9","0.96","1","0","0","0","1"
"91","Our Planet","2019-01-01T00:00:00","7+","9.3","0.93","1","0","0","0","1"
"92","Big Mouth","2017-01-01T00:00:00","18+","8.0","1.0","1","0","0","0","1"
"93","American Horror Story","2011-01-01T00:00:00","18+","8.0","","1","1","1","0","1"
"94","Gotham","2014-01-01T00:00:00","16+","7.8","0.77","1","0","0","0","1"
"95","I Am Not Okay with This","2020-01-01T00:00:00","18+","7.6","0.85","1","0","0","0","1"
"96","Criminal Minds","2005-01-01T00:00:00","16+","8.1","","1","0","0","0","1"
"97","The Vietnam War","2017-01-01T00:00:00","18+","9.1","0.98","1","0","0","0","1"
"98","Waco","2018-01-01T00:00:00","18+","7.9","0.68","1","0","0","0","1"
"99","Star Trek","1966-01-01T00:00:00","7+","8.3","0.8","1","1","1","0","1"
"100","The OA","2016-01-01T00:00:00","16+","7.9","0.84","1","0","0","0","1"
"101","Outer Banks","2020-01-01T00:00:00","18+","7.6","0.72","1","0","0","0","1"
"102","The Midnight Gospel","2020-01-01T00:00:00","18+","8.4","0.9","1","0","0","0","1"
"103","Good Girls","2018-01-01T00:00:00","16+","7.9","0.87","1","1","0","0","1"
"104","Chilling Adventures of Sabrina","2018-01-01T00:00:00","16+","7.6","0.84","1","0","0","0","1"
"105","Doctor Foster","2015-01-01T00:00:00","16+","7.7","0.85","1","0","0","0","1"
"106","Gilmore Girls","2000-01-01T00:00:00","16+","8.1","0.85","1","0","0","0","1"
"107","iZombie","2015-01-01T00:00:00","16+","7.9","0.91","1","0","0","0","1"
"108","Anne with an E","2017-01-01T00:00:00","7+","8.6","0.62","1","0","0","0","1"
"109","A Series of Unfortunate Events","2017-01-01T00:00:00","7+","7.8","0.96","1","0","0","0","1"
"110","Neon Genesis Evangelion","1995-01-01T00:00:00","16+","8.5","1.0","1","0","0","0","1"
"111","Into the Badlands","2015-01-01T00:00:00","16+","8.0","0.83","1","0","0","0","1"
"112","Monty Python's Flying Circus","1969-01-01T00:00:00","16+","8.8","1.0","1","0","0","0","1"
"113","Jane the Virgin","2014-01-01T00:00:00","7+","7.8","1.0","1","0","0","0","1"
"114","Halt and Catch Fire","2014-01-01T00:00:00","16+","8.4","0.9","1","0","0","0","1"
"115","Grace and Frankie","2015-01-01T00:00:00","7+","8.3","0.89","1","0","0","0","1"
"116","NCIS","2003-01-01T00:00:00","16+","7.8","0.4","1","0","0","0","1"
"117","Weeds","2005-01-01T00:00:00","18+","7.9","0.7","1","0","0","0","1"
"118","GLOW","2017-01-01T00:00:00","18+","8.0","0.93","1","0","0","0","1"
"119","Person of Interest","2011-01-01T00:00:00","16+","8.4","","1","0","0","0","1"
"120","13 Reasons Why","2017-01-01T00:00:00","18+","7.8","0.39","1","0","0","0","1"
"121","Godless","2017-01-01T00:00:00","16+","8.3","0.85","1","0","0","0","1"
"122","Locked Up","2015-01-01T00:00:00","16+","8.3","1.0","1","0","0","0","1"
"123","Mushi-Shi","2005-01-01T00:00:00","16+","8.5","1.0","1","1","1","0","1"
"124","Gossip Girl","2008-01-01T00:00:00","16+","7.4","0.84","1","0","0","0","1"
"125","Unbreakable Kimmy Schmidt","2015-01-01T00:00:00","16+","7.6","0.96","1","0","0","0","1"
"126","Lost in Space","2018-01-01T00:00:00","7+","7.3","0.75","1","0","0","0","1"
"127","Scandal","2012-01-01T00:00:00","16+","7.7","0.93","1","0","0","0","1"
"128","Hunter x Hunter","2011-01-01T00:00:00","16+","8.9","","1","1","0","0","1"
"129","One Day at a Time","2017-01-01T00:00:00","7+","8.2","0.99","1","0","0","0","1"
"130","DC's Legends of Tomorrow","2016-01-01T00:00:00","16+","6.8","0.87","1","0","0","0","1"
"131","Manhunt","2017-01-01T00:00:00","16+","8.1","0.93","1","0","0","0","1"
"132","Naruto","2002-01-01T00:00:00","7+","8.3","","1","1","0","0","1"
"133","Charmed","1998-01-01T00:00:00","16+","7.1","0.75","1","0","0","0","1"
"134","The Dragon Prince","2018-01-01T00:00:00","7+","8.4","1.0","1","0","0","0","1"
"135","Locke & Key","2020-01-01T00:00:00","16+","7.4","0.67","1","0","0","0","1"
"136","Alias Grace","2017-01-01T00:00:00","18+","7.8","0.99","1","0","0","0","1"
"137","American Vandal","2017-01-01T00:00:00","16+","8.2","0.97","1","0","0","0","1"
"138","Santa Clarita Diet","2017-01-01T00:00:00","18+","7.8","0.89","1","0","0","0","1"
"139","Maniac","2018-01-01T00:00:00","16+","7.8","0.85","1","0","0","0","1"
"140","Star Trek: Deep Space Nine","1993-01-01T00:00:00","7+","7.9","0.9","1","1","1","0","1"
"141","The Dark Crystal: Age of Resistance","2019-01-01T00:00:00","7+","8.5","0.87","1","0","0","0","1"
"142","Colony","2016-01-01T00:00:00","16+","7.4","0.92","1","0","0","0","1"
"143","Wild Wild Country","2018-01-01T00:00:00","16+","8.2","0.98","1","0","0","0","1"
"144","Rectify","2013-01-01T00:00:00","16+","8.3","0.95","1","0","0","0","1"
"145","Pose","2018-01-01T00:00:00","16+","8.6","0.96","1","0","0","0","1"
"146","Marvel's Luke Cage","2016-01-01T00:00:00","18+","7.3","0.87","1","0","0","0","1"
"147","Hollywood","2020-01-01T00:00:00","18+","7.7","0.57","1","0","0","0","1"
"148","Derry Girls","2018-01-01T00:00:00","16+","8.4","0.97","1","0","0","0","1"
"149","Dark Matter","2015-01-01T00:00:00","18+","7.5","0.89","1","0","0","0","1"
"150","On My Block","2018-01-01T00:00:00","16+","8.1","0.97","1","0","0","0","1"
"151","Law & Order: Special Victims Unit","1999-01-01T00:00:00","16+","8.0","","1","1","1","0","1"
"152","Longmire","2012-01-01T00:00:00","16+","8.3","0.88","1","0","0","0","1"
"153","The Tudors","2007-01-01T00:00:00","18+","8.1","0.69","1","0","0","0","1"
"154","HAPPY!","2017-01-01T00:00:00","18+","8.2","0.84","1","0","0","0","1"
"155","The Stranger","2020-01-01T00:00:00","16+","7.3","0.89","1","0","0","0","1"
"156","Call the Midwife","2012-01-01T00:00:00","7+","8.4","0.89","1","0","0","0","1"
"157","Into the Night","2020-01-01T00:00:00","18+","7.2","0.83","1","0","0","0","1"
"158","Mystery Science Theater 3000","1988-01-01T00:00:00","7+","8.5","0.8","1","1","0","0","1"
"159","Resurrection: Ertugrul","2014-01-01T00:00:00","16+","7.7","","1","0","0","0","1"
"160","The Inbetweeners","2008-01-01T00:00:00","18+","8.4","0.54","1","0","0","0","1"
"161","Reign","2013-01-01T00:00:00","16+","7.5","0.86","1","0","0","0","1"
"162","Extras","2005-01-01T00:00:00","16+","8.3","0.89","1","0","1","0","1"
"163","The Kominsky Method","2018-01-01T00:00:00","18+","8.2","0.9","1","0","0","0","1"
"164","The 4400","2004-01-01T00:00:00","7+","7.3","0.95","1","0","0","0","1"
"165","The Borgias","2011-01-01T00:00:00","18+","7.9","0.85","1","0","0","0","1"
"166","Marco Polo","2014-01-01T00:00:00","18+","8.0","0.67","1","0","0","0","1"
"167","Queer Eye","2018-01-01T00:00:00","16+","8.5","0.91","1","0","0","0","1"
"168","The Spy","2019-01-01T00:00:00","18+","7.9","0.86","1","0","0","0","1"
"169","Love","2016-01-01T00:00:00","18+","7.7","0.94","1","0","0","0","1"
"170","Designated Survivor","2016-01-01T00:00:00","7+","7.5","0.71","1","0","0","0","1"
"171","Ripper Street","2012-01-01T00:00:00","18+","8.1","1.0","1","0","0","0","1"
"172","Feel Good","2020-01-01T00:00:00","","7.5","1.0","1","0","0","0","1"
"173","Hell on Wheels","2011-01-01T00:00:00","16+","8.3","0.72","1","0","0","0","1"
"174","The Fosters","2013-01-01T00:00:00","16+","7.9","0.97","1","0","0","0","1"
"175","Hawaii Five-0","2010-01-01T00:00:00","16+","7.3","0.82","1","0","0","0","1"
"176","Marvel's The Defenders","2017-01-01T00:00:00","18+","7.3","0.78","1","0","0","0","1"
"177","Allo 'Allo!","1984-01-01T00:00:00","7+","8.3","","1","0","0","0","1"
"178","Supergirl","2015-01-01T00:00:00","7+","6.3","0.88","1","0","0","0","1"
"179","Star Trek: Voyager","1995-01-01T00:00:00","7+","7.8","0.77","1","1","1","0","1"
"180","Limitless","2015-01-01T00:00:00","16+","7.7","0.57","1","0","0","0","1"
"181","Messiah","2020-01-01T00:00:00","18+","7.7","0.44","1","0","0","0","1"
"182","The Shannara Chronicles","2016-01-01T00:00:00","16+","7.2","0.77","1","0","0","0","1"
"183","Crash Landing on You","2019-01-01T00:00:00","16+","8.8","","1","0","0","0","1"
"184","Bleach","2004-01-01T00:00:00","18+","8.1","","1","1","0","0","1"
"185","Top Boy","2011-01-01T00:00:00","18+","8.4","0.95","1","0","0","0","1"
"186","Jonathan Strange & Mr Norrell","2015-01-01T00:00:00","16+","8.2","0.91","1","0","0","0","1"
"187","Haven","2010-01-01T00:00:00","16+","7.5","0.63","1","0","0","0","1"
"188","Queen of the South","2016-01-01T00:00:00","16+","7.9","0.66","1","0","0","0","1"
"189","Delhi Crime","2019-01-01T00:00:00","","8.5","0.91","1","0","0","0","1"
"190","Hart of Dixie","2011-01-01T00:00:00","7+","7.7","0.81","1","0","0","0","1"
"191","Bloodline","2015-01-01T00:00:00","18+","8.0","0.62","1","0","0","0","1"
"192","Middleditch & Schwartz","2020-01-01T00:00:00","18+","8.7","1.0","1","0","0","0","1"
"193","Haikyu!!","2014-01-01T00:00:00","16+","8.7","","1","1","0","0","1"
"194","Dirty Money","2018-01-01T00:00:00","16+","8.1","1.0","1","0","0","0","1"
"195","Don't F**k with Cats: Hunting an Internet Killer","2019-01-01T00:00:00","18+","8.1","0.67","1","0","0","0","1"
"196","Babylon Berlin","2017-01-01T00:00:00","18+","8.4","","1","0","0","0","1"
"197","That '70s Show","1998-01-01T00:00:00","16+","8.1","","1","0","0","0","1"
"198","The Magicians","2015-01-01T00:00:00","16+","7.6","","1","0","0","0","1"
"199","Chef's Table","2015-01-01T00:00:00","all","8.6","1.0","1","0","0","0","1"
"200","TURN: Washington's Spies","2014-01-01T00:00:00","16+","8.1","0.81","1","0","0","0","1"
"201","Crazy Ex-Girlfriend","2015-01-01T00:00:00","16+","7.8","0.98","1","0","0","0","1"
"202","Soul Eater","2008-01-01T00:00:00","16+","7.8","1.0","1","1","0","0","1"
"203","Lost Girl","2010-01-01T00:00:00","16+","7.7","0.65","1","0","0","0","1"
"204","Wynonna Earp","2016-01-01T00:00:00","16+","7.4","0.93","1","0","0","0","1"
"205","Merlin","2008-01-01T00:00:00","7+","7.9","","1","1","1","0","1"
"206","Galavant","2015-01-01T00:00:00","7+","8.1","0.89","1","0","0","0","1"
"207","Travelers","2016-01-01T00:00:00","16+","8.1","","1","0","0","0","1"
"208","Hilda","2018-01-01T00:00:00","7+","8.6","1.0","1","0","0","0","1"
"209","The Originals","2013-01-01T00:00:00","16+","8.2","0.27","1","0","0","0","1"
"210","Episodes","2011-01-01T00:00:00","18+","7.8","0.8","1","0","0","0","1"
"211","Absolutely Fabulous","1992-01-01T00:00:00","16+","8.1","0.96","1","1","0","0","1"
"212","Living with Yourself","2019-01-01T00:00:00","18+","7.2","0.84","1","0","0","0","1"
"213","Malcolm in the Middle","2000-01-01T00:00:00","7+","8.0","","1","1","0","0","1"
"214","F is for Family","2015-01-01T00:00:00","18+","8.0","0.86","1","0","0","0","1"
"215","The Keepers","2017-01-01T00:00:00","16+","8.1","0.96","1","0","0","0","1"
"216","Cheer","2020-01-01T00:00:00","16+","8.2","0.96","1","0","0","0","1"
"217","Disenchantment","2018-01-01T00:00:00","16+","7.2","0.68","1","0","0","0","1"
"218","Dead Set","2008-01-01T00:00:00","18+","7.7","0.9","1","0","0","0","1"
"219","Ezel","2009-01-01T00:00:00","all","8.6","","1","0","0","0","1"
"220","Nurse Jackie","2009-01-01T00:00:00","18+","7.7","0.81","1","0","0","0","1"
"221","Case Closed","1996-01-01T00:00:00","16+","8.4","","1","1","0","0","1"
"222","Imposters","2017-01-01T00:00:00","16+","7.8","1.0","1","0","0","0","1"
"223","Queer as Folk","1999-01-01T00:00:00","18+","8.2","1.0","1","0","1","0","1"
"224","Heartland","2007-01-01T00:00:00","7+","8.4","0.45","1","0","1","0","1"
"225","The Staircase","2005-01-01T00:00:00","16+","7.9","0.93","1","0","0","0","1"
"226","Madam Secretary","2014-01-01T00:00:00","16+","7.6","0.68","1","0","0","0","1"
"227","Chewing Gum","2015-01-01T00:00:00","16+","7.7","1.0","1","0","0","0","1"
"228","Glee","2009-01-01T00:00:00","16+","6.7","0.71","1","0","0","0","1"
"229","Fairy Tail","2009-01-01T00:00:00","16+","8.0","","1","1","0","0","1"
"230","The Order","2019-01-01T00:00:00","18+","6.9","1.0","1","0","0","0","1"
"231","Legacies","2018-01-01T00:00:00","16+","7.5","","1","0","0","0","1"
"232","North & South","2004-01-01T00:00:00","7+","8.6","","1","0","0","0","1"
"233","Helix","2014-01-01T00:00:00","16+","6.8","0.81","1","0","0","0","1"
"234","Safe","2018-01-01T00:00:00","18+","7.3","0.77","1","0","0","0","1"
"235","Evil Genius","2018-01-01T00:00:00","18+","7.6","0.8","1","0","0","0","1"
"236","Marvel's Iron Fist","2017-01-01T00:00:00","18+","6.5","0.37","1","0","0","0","1"
"237","Lilyhammer","2012-01-01T00:00:00","18+","8.0","0.65","1","0","0","0","1"
"238","Voltron: Legendary Defender","2016-01-01T00:00:00","7+","8.1","1.0","1","0","0","0","1"
"239","Blue Mountain State","2010-01-01T00:00:00","18+","8.3","","1","0","0","0","1"
"240","Pokemon","1997-01-01T00:00:00","7+","7.5","","1","1","1","0","1"
"241","Cheers","1982-01-01T00:00:00","7+","7.8","","1","1","1","0","1"
"242","Marianne","2019-01-01T00:00:00","18+","7.5","0.93","1","0","0","0","1"
"243","Star Trek: Enterprise","2001-01-01T00:00:00","7+","7.5","0.5","1","1","1","0","1"
"244","Portlandia","2011-01-01T00:00:00","16+","7.8","0.94","1","0","0","0","1"
"245","Better Than Us","2018-01-01T00:00:00","","7.4","1.0","1","0","0","0","1"
"246","Five Came Back","2017-01-01T00:00:00","16+","8.3","0.97","1","0","0","0","1"
"247","American Crime","2015-01-01T00:00:00","16+","7.8","0.97","1","0","0","0","1"
"248","Skins","2007-01-01T00:00:00","18+","8.2","","1","0","0","0","1"
"249","Glitch","2015-01-01T00:00:00","16+","7.4","0.8","1","0","0","0","1"
"250","GHOUL","2018-01-01T00:00:00","18+","7.1","0.83","1","0","0","0","1"
"251","JoJo's Bizarre Adventure","2012-01-01T00:00:00","18+","8.4","","1","1","0","0","1"
"252","The Society","2019-01-01T00:00:00","18+","7.0","0.85","1","0","0","0","1"
"253","Code Geass: Lelouch of the Rebellion","2006-01-01T00:00:00","18+","8.6","","1","0","0","0","1"
"254","Dracula","2020-01-01T00:00:00","18+","6.8","0.74","1","0","0","0","1"
"255","Quantico","2015-01-01T00:00:00","16+","6.7","0.82","1","0","0","0","1"
"256","The Innocence Files","2020-01-01T00:00:00","","8.0","1.0","1","0","0","0","1"
"257","Medici: Masters of Florence","2016-01-01T00:00:00","7+","7.9","","1","0","0","0","1"
"258","She-Ra and the Princesses of Power","2018-01-01T00:00:00","all","7.3","0.97","1","0","0","0","1"
"259","Versailles","2015-01-01T00:00:00","16+","7.9","0.66","1","0","0","0","1"
"260","Rise of Empires: Ottoman","2020-01-01T00:00:00","18+","8.0","","1","0","0","0","1"
"261","The Mechanism","2018-01-01T00:00:00","16+","8.4","0.8","1","0","0","0","1"
"262","Everything Sucks!","2018-01-01T00:00:00","16+","7.5","0.72","1","0","0","0","1"
"263","Raising Dion","2019-01-01T00:00:00","7+","7.2","0.82","1","0","0","0","1"
"264","All American","2018-01-01T00:00:00","16+","7.7","0.96","1","0","0","0","1"
"265","Fullmetal Alchemist","2003-01-01T00:00:00","16+","8.6","","1","0","0","0","1"
"266","The Rain","2018-01-01T00:00:00","18+","6.3","0.82","1","0","0","0","1"
"267","ERASED","2016-01-01T00:00:00","16+","8.5","","1","1","0","0","1"
"268","Nailed It!","2018-01-01T00:00:00","7+","7.4","0.98","1","0","0","0","1"
"269","Last Tango in Halifax","2012-01-01T00:00:00","16+","8.3","0.98","1","0","0","0","1"
"270","Star-Crossed","2014-01-01T00:00:00","16+","7.3","0.57","1","0","0","0","1"
"271","The Politician","2019-01-01T00:00:00","16+","7.5","0.57","1","0","0","0","1"
"272","Documentary Now!","2015-01-01T00:00:00","18+","8.1","0.94","1","0","0","0","1"
"273","Baby","2018-01-01T00:00:00","18+","6.8","0.8","1","0","0","0","1"
"274","Secret City","2016-01-01T00:00:00","16+","7.4","1.0","1","0","0","0","1"
"275","Abstract: The Art of Design","2017-01-01T00:00:00","16+","8.4","1.0","1","0","0","0","1"
"276","Shooter","2016-01-01T00:00:00","16+","7.5","0.44","1","0","0","0","1"
"277","Marcella","2016-01-01T00:00:00","18+","7.4","0.65","1","0","0","0","1"
"278","The Chef Show","2019-01-01T00:00:00","18+","8.2","1.0","1","0","0","0","1"
"279","Rurouni Kenshin","1996-01-01T00:00:00","16+","8.5","","1","1","1","0","1"
"280","The Seven Deadly Sins","2014-01-01T00:00:00","16+","8.1","","1","0","0","0","1"
"281","InuYasha","2000-01-01T00:00:00","16+","7.9","","1","1","0","0","1"
"282","Yeh Meri Family","2018-01-01T00:00:00","","9.2","","1","0","0","0","1"
"283","The Circle","2020-01-01T00:00:00","18+","7.5","0.8","1","0","0","0","1"
"284","The Devil Next Door","2019-01-01T00:00:00","18+","7.6","0.91","1","0","0","0","1"
"285","Flowers","2016-01-01T00:00:00","","8.2","1.0","1","0","0","0","1"
"286","Descendants of the Sun","2016-01-01T00:00:00","16+","8.4","","1","1","1","0","1"
"287","The Hollow","2018-01-01T00:00:00","7+","7.2","1.0","1","0","0","0","1"
"288","Frontier","2016-01-01T00:00:00","18+","7.2","0.75","1","0","0","0","1"
"289","Your Lie in April","2014-01-01T00:00:00","7+","8.6","","1","1","0","0","1"
"290","Ancient Aliens","2010-01-01T00:00:00","7+","7.3","","1","1","1","0","1"
"291","Sword Art Online","2012-01-01T00:00:00","16+","7.6","","1","1","0","0","1"
"292","Frequency","2016-01-01T00:00:00","7+","7.5","0.77","1","0","0","0","1"
"293","Wentworth","2013-01-01T00:00:00","18+","8.6","","1","0","0","0","1"
"294","Beauty and the Beast","2012-01-01T00:00:00","16+","7.0","0.51","1","0","1","0","1"
"295","Cold Justice","2013-01-01T00:00:00","16+","7.9","0.8","1","0","0","0","1"
"296","Hyperdrive","2019-01-01T00:00:00","7+","8.1","1.0","1","0","0","0","1"
"297","Time: The Kalief Browder Story","2017-01-01T00:00:00","16+","8.5","1.0","1","0","0","0","1"
"298","The Toys That Made Us","2017-01-01T00:00:00","16+","8.1","1.0","1","0","0","0","1"
"299","Seven Seconds","2018-01-01T00:00:00","18+","7.7","0.77","1","0","0","0","1"
"300","Spinning Out","2020-01-01T00:00:00","18+","7.7","0.63","1","0","0","0","1"
"301","Killer Inside: The Mind of Aaron Hernandez","2020-01-01T00:00:00","18+","7.4","0.75","1","0","0","0","1"
"302","El internado","2007-01-01T00:00:00","7+","8.2","","1","0","0","0","1"
"303","Frozen Planet","2011-01-01T00:00:00","all","9.0","","1","0","0","0","1"
"304","London Spy","2015-01-01T00:00:00","18+","7.5","0.86","1","0","0","0","1"
"305","Parasyte -the maxim-","2014-01-01T00:00:00","18+","8.4","","1","1","0","0","1"
"306","Containment","2016-01-01T00:00:00","16+","7.2","0.5","1","0","0","0","1"
"307","Black Lightning","2018-01-01T00:00:00","16+","6.1","0.95","1","0","0","0","1"
"308","Merlí","2015-01-01T00:00:00","16+","8.6","","1","0","0","0","1"
"309","Derek","2013-01-01T00:00:00","16+","8.0","0.68","1","0","0","0","1"
"310","Last Chance U","2016-01-01T00:00:00","16+","8.5","0.93","1","0","0","0","1"
"311","Mars","2016-01-01T00:00:00","7+","7.5","0.61","1","0","0","0","1"
"312","Love is Blind","2020-01-01T00:00:00","7+","6.0","0.73","1","0","0","0","1"
"313","Love 101","2020-01-01T00:00:00","18+","7.7","","1","0","0","0","1"
"314","3%","2016-01-01T00:00:00","7+","7.4","0.33","1","0","0","0","1"
"315","Zoo","2015-01-01T00:00:00","16+","6.8","0.82","1","0","0","0","1"
"316","Daybreak","2019-01-01T00:00:00","18+","6.7","0.7","1","0","0","0","1"
"317","Hemlock Grove","2013-01-01T00:00:00","18+","7.1","0.38","1","0","0","0","1"
"318","Trailer Park Boys","2001-01-01T00:00:00","18+","8.4","","1","0","0","0","1"
"319","Private Practice","2007-01-01T00:00:00","16+","6.6","0.51","1","1","0","0","1"
"320","Ragnarok","2020-01-01T00:00:00","18+","7.5","","1","0","0","0","1"
"321","Akame ga Kill!","2014-01-01T00:00:00","18+","7.9","","1","1","0","0","1"
"322","Insatiable","2018-01-01T00:00:00","16+","6.6","0.11","1","0","0","0","1"
"323","No Tomorrow","2016-01-01T00:00:00","7+","7.2","0.88","1","0","0","0","1"
"324","The Ranch","2016-01-01T00:00:00","16+","7.5","","1","0","0","0","1"
"325","Ramayan","1987-01-01T00:00:00","all","9.3","","1","0","0","0","1"
"326","Surviving R. Kelly","2019-01-01T00:00:00","18+","7.6","0.95","1","0","0","0","1"
"327","Easy","2016-01-01T00:00:00","18+","6.9","0.9","1","0","0","0","1"
"328","Self Made: Inspired by the Life of Madam C.J. Walker","2020-01-01T00:00:00","16+","7.4","0.77","1","0","0","0","1"
"329","Knightfall","2017-01-01T00:00:00","16+","6.8","0.6","1","0","0","0","1"
"330","Kim's Convenience","2016-01-01T00:00:00","16+","8.1","","1","0","0","0","1"
"331","Kengan Ashura","2019-01-01T00:00:00","","8.0","","1","0","0","0","1"
"332","Spotless","2015-01-01T00:00:00","","7.9","1.0","1","0","0","0","1"
"333","Carmen Sandiego","2019-01-01T00:00:00","7+","7.9","0.93","1","0","0","0","1"
"334","Inside Bill's Brain: Decoding Bill Gates","2019-01-01T00:00:00","16+","8.0","0.5","1","0","0","0","1"
"335","Saint Seiya","1986-01-01T00:00:00","7+","8.4","","1","0","1","0","1"
"336","Flint Town","2018-01-01T00:00:00","18+","8.0","0.95","1","0","0","0","1"
"337","Rake","2010-01-01T00:00:00","16+","8.6","1.0","1","1","1","0","1"
"338","Rilakkuma and Kaoru","2019-01-01T00:00:00","7+","8.4","1.0","1","0","0","0","1"
"339","Scooby-Doo! Mystery Incorporated","2010-01-01T00:00:00","7+","8.0","","1","0","0","0","1"
"340","anohana: The Flower We Saw That Day","2011-01-01T00:00:00","16+","8.2","","1","0","0","0","1"
"341","Africa","2013-01-01T00:00:00","all","9.0","","1","0","0","0","1"
"342","The Frankenstein Chronicles","2015-01-01T00:00:00","16+","7.3","0.78","1","0","0","0","1"
"343","Meteor Garden","2018-01-01T00:00:00","16+","8.2","","1","0","0","0","1"
"344","Wu Assassins","2019-01-01T00:00:00","18+","6.4","0.83","1","0","0","0","1"
"345","The Black Donnellys","2007-01-01T00:00:00","16+","8.1","0.4","1","0","0","0","1"
"346","H2O: Just Add Water","2006-01-01T00:00:00","all","7.2","","1","1","1","0","1"
"347","Collateral","2018-01-01T00:00:00","7+","6.7","0.78","1","0","0","0","1"
"348","1983","2018-01-01T00:00:00","18+","6.8","1.0","1","0","0","0","1"
"349","November 13: Attack on Paris","2018-01-01T00:00:00","18+","8.3","1.0","1","0","0","0","1"
"350","Black Butler","2008-01-01T00:00:00","16+","7.8","","1","1","0","0","1"
"351","Green Eggs and Ham","2019-01-01T00:00:00","","8.2","1.0","1","0","0","0","1"
"352","The Confession Tapes","2017-01-01T00:00:00","16+","7.5","1.0","1","0","0","0","1"
"353","Bad Blood","2017-01-01T00:00:00","18+","7.5","0.8","1","0","0","0","1"
"354","Formula 1: Drive to Survive","2019-01-01T00:00:00","16+","8.6","","1","0","0","0","1"
"355","The Great British Bake Off","2010-01-01T00:00:00","7+","8.6","","1","0","0","0","1"
"356","The Trials of Gabriel Fernandez","2020-01-01T00:00:00","18+","8.2","0.8","1","0","0","0","1"
"357","Ugly Delicious","2018-01-01T00:00:00","18+","7.8","1.0","1","0","0","0","1"
"358","The Night Shift","2014-01-01T00:00:00","16+","7.4","0.3","1","0","0","0","1"
"359","Impractical Jokers","2011-01-01T00:00:00","16+","8.5","","1","0","0","0","1"
"360","The Andy Griffith Show","1960-01-01T00:00:00","all","8.3","","1","0","1","0","1"
"361","Itaewon Class","2020-01-01T00:00:00","","8.2","","1","0","0","0","1"
"362","Aquarius","2015-01-01T00:00:00","16+","7.1","0.77","1","0","0","0","1"
"363","Caliphate","2020-01-01T00:00:00","","8.2","","1","0","0","0","1"
"364","Black Summer","2019-01-01T00:00:00","18+","6.4","0.75","1","0","0","0","1"
"365","Bonding","2019-01-01T00:00:00","16+","7.2","0.64","1","0","0","0","1"
"366","Miraculous: Tales of Ladybug & Cat Noir","2015-01-01T00:00:00","7+","7.8","","1","0","0","0","1"
"367","Animaniacs","1993-01-01T00:00:00","all","7.9","","1","1","0","0","1"
"368","When Calls the Heart","2014-01-01T00:00:00","all","8.2","","1","0","0","0","1"
"369","Young & Hungry","2014-01-01T00:00:00","16+","7.4","0.6","1","0","0","0","1"
"370","Club de Cuervos","2015-01-01T00:00:00","18+","8.2","0.8","1","0","0","0","1"
"371","I'm Sorry","2017-01-01T00:00:00","7+","7.9","0.75","1","0","0","0","1"
"372","The Universe","2007-01-01T00:00:00","16+","8.8","","1","0","0","0","1"
"373","The Chalet","2018-01-01T00:00:00","18+","7.0","1.0","1","0","0","0","1"
"374","My Next Guest Needs No Introduction With David Letterman","2018-01-01T00:00:00","18+","7.9","0.83","1","0","0","0","1"
"375","Still Game","2002-01-01T00:00:00","16+","8.9","","1","0","0","0","1"
"376","NOVA","1974-01-01T00:00:00","7+","8.7","","1","0","1","0","1"
"377","The Confession Killer","2019-01-01T00:00:00","16+","7.4","1.0","1","0","0","0","1"
"378","Father Brown","2013-01-01T00:00:00","7+","7.7","","1","0","0","0","1"
"379","Bordertown","2016-01-01T00:00:00","7+","7.6","0.39","1","0","0","0","1"
"380","Battle Creek","2015-01-01T00:00:00","16+","7.3","0.96","1","0","0","0","1"
"381","Valhalla Murders","2019-01-01T00:00:00","18+","7.1","","1","0","0","0","1"
"382","Scream: The TV Series","2015-01-01T00:00:00","16+","7.2","","1","0","0","0","1"
"383","Special","2019-01-01T00:00:00","18+","7.6","0.95","1","0","0","0","1"
"384","CSI: Miami","2002-01-01T00:00:00","16+","6.4","","1","1","0","0","1"
"385","3Below: Tales of Arcadia","2018-01-01T00:00:00","7+","7.8","1.0","1","0","0","0","1"
"386","Mystery Science Theater 3000: The Return","2017-01-01T00:00:00","16+","8.0","1.0","1","0","0","0","1"
"387","Dear White People","2017-01-01T00:00:00","16+","6.2","0.95","1","0","0","0","1"
"388","LEGO Ninjago: Masters of Spinjitzu","2012-01-01T00:00:00","all","6.8","","1","0","1","0","1"
"389","The English Game","2020-01-01T00:00:00","","7.6","0.67","1","0","0","0","1"
"390","White Gold","2017-01-01T00:00:00","18+","7.4","0.88","1","0","0","0","1"
"391","Crazyhead","2016-01-01T00:00:00","","7.3","1.0","1","0","0","0","1"
"392","The Protector","2018-01-01T00:00:00","16+","6.9","","1","0","0","0","1"
"393","Dirty John","2018-01-01T00:00:00","16+","7.1","0.71","1","0","0","0","1"
"394","Get Shorty","2017-01-01T00:00:00","18+","8.2","","1","0","0","0","1"
"395","30 for 30","2009-01-01T00:00:00","7+","8.8","","1","0","0","0","1"
"396","Bard of Blood","2019-01-01T00:00:00","","7.0","","1","0","0","0","1"
"397","The Great Train Robbery","2013-01-01T00:00:00","","7.4","0.78","1","0","0","0","1"
"398","Devilman: Crybaby","2018-01-01T00:00:00","","7.6","0.8","1","0","0","0","1"
"399","Good Witch","2015-01-01T00:00:00","7+","7.3","","1","0","0","0","1"
"400","It's Bruno!","2019-01-01T00:00:00","7+","7.5","1.0","1","0","0","0","1"
"401","Gurren Lagann","2007-01-01T00:00:00","16+","8.3","","1","0","0","0","1"
"402","Gentefied","2020-01-01T00:00:00","16+","7.3","0.88","1","0","0","0","1"
"403","Victorious","2010-01-01T00:00:00","7+","6.9","","1","0","0","0","1"
"404","Dynasty","2017-01-01T00:00:00","16+","7.3","","1","0","0","0","1"
"405","The Curious Creations of Christine McConnell","2018-01-01T00:00:00","7+","7.7","1.0","1","0","0","0","1"
"406","El Chapo","2017-01-01T00:00:00","16+","7.8","","1","0","0","0","1"
"407","Trinkets","2019-01-01T00:00:00","7+","7.1","0.5","1","0","0","0","1"
"408","The Get Down","2016-01-01T00:00:00","16+","8.3","","1","0","0","0","1"
"409","Masum","2017-01-01T00:00:00","16+","8.5","","1","0","0","0","1"
"410","My Little Pony: Friendship Is Magic","2010-01-01T00:00:00","7+","7.6","","1","1","0","0","1"
"411","Fuller House","2016-01-01T00:00:00","7+","6.8","0.28","1","0","0","0","1"
"412","Kill la Kill","2013-01-01T00:00:00","18+","7.9","","1","0","0","0","1"
"413","Dark Tourist","2018-01-01T00:00:00","18+","7.6","0.7","1","0","0","0","1"
"414","Shtisel","2013-01-01T00:00:00","","8.7","","1","0","0","0","1"
"415","Great News","2017-01-01T00:00:00","7+","7.0","0.84","1","0","0","0","1"
"416","Ouran High School Host Club","2006-01-01T00:00:00","16+","8.2","","1","1","0","0","1"
"417","Grand Hotel","2011-01-01T00:00:00","7+","8.4","","1","0","0","0","1"
"418","The Curse of Oak Island","2014-01-01T00:00:00","7+","7.0","","1","1","0","0","1"
"419","Workin' Moms","2017-01-01T00:00:00","18+","7.5","","1","0","0","0","1"
"420","Z Nation","2014-01-01T00:00:00","18+","6.7","","1","0","0","0","1"
"421","Losers","2019-01-01T00:00:00","","7.7","1.0","1","0","0","0","1"
"422","Roswell, New Mexico","2019-01-01T00:00:00","16+","6.1","0.55","1","0","0","0","1"
"423","Comedians in Cars Getting Coffee","2012-01-01T00:00:00","16+","8.1","","1","0","0","0","1"
"424","Conan","2010-01-01T00:00:00","16+","8.1","","1","0","0","0","1"
"425","The Guild","2007-01-01T00:00:00","","8.2","","1","0","0","0","1"
"426","Friends from College","2017-01-01T00:00:00","18+","6.8","0.24","1","0","0","0","1"
"427","Wormwood","2017-01-01T00:00:00","16+","7.0","0.92","1","0","0","0","1"
"428","Watership Down","2018-01-01T00:00:00","7+","7.2","0.77","1","0","0","0","1"
"429","Mr. Sunshine","2018-01-01T00:00:00","","8.8","","1","0","0","0","1"
"430","Bitten","2014-01-01T00:00:00","16+","7.0","","1","0","0","0","1"
"431","No Game No Life","2014-01-01T00:00:00","16+","7.9","","1","0","0","0","1"
"432","Violet Evergarden","2018-01-01T00:00:00","16+","8.4","","1","0","0","0","1"
"433","Clannad","2007-01-01T00:00:00","7+","7.9","","1","1","0","0","1"
"434","Gypsy","2017-01-01T00:00:00","18+","6.9","0.38","1","0","0","0","1"
"435","Virgin River","2019-01-01T00:00:00","16+","7.5","","1","0","0","0","1"
"436","Gilmore Girls: A Year in the Life","2016-01-01T00:00:00","16+","7.7","","1","0","0","0","1"
"437","The Innocent Man","2018-01-01T00:00:00","18+","7.4","0.73","1","0","0","0","1"
"438","Tuca & Bertie","2019-01-01T00:00:00","16+","7.4","1.0","1","0","0","0","1"
"439","#blackAF","2020-01-01T00:00:00","18+","6.6","","1","0","0","0","1"
"440","Lovesick","2014-01-01T00:00:00","18+","8.1","0.36","1","0","0","0","1"
"441","Mr. Iglesias","2019-01-01T00:00:00","16+","7.1","0.88","1","0","0","0","1"
"442","Hot Girls Wanted: Turned On","2017-01-01T00:00:00","18+","6.7","1.0","1","0","0","0","1"
"443","Borgia","2011-01-01T00:00:00","18+","7.8","","1","0","0","0","1"
"444","Trollhunters: Tales of Arcadia","2016-01-01T00:00:00","7+","8.4","","1","0","0","0","1"
"445","La Reina del Sur","2011-01-01T00:00:00","18+","8.1","","1","0","0","0","1"
"446","We Bare Bears","2015-01-01T00:00:00","7+","7.9","","1","1","0","0","1"
"447","Liv and Maddie","2013-01-01T00:00:00","all","6.3","","1","0","0","0","1"
"448","In the Dark","2019-01-01T00:00:00","16+","7.3","","1","0","0","0","1"
"449","The Gift","2019-01-01T00:00:00","","7.6","","1","0","0","0","1"
"450","The Time in Between","2013-01-01T00:00:00","7+","8.4","","1","0","0","0","1"
"451","Cleverman","2016-01-01T00:00:00","16+","6.4","0.86","1","0","0","0","1"
"452","Pablo Escobar, The Drug Lord","2012-01-01T00:00:00","18+","8.5","","1","0","0","0","1"
"453","The Pharmacist","2020-01-01T00:00:00","","7.8","","1","0","0","0","1"
"454","Wet Hot American Summer: First Day of Camp","2015-01-01T00:00:00","16+","7.4","","1","0","0","0","1"
"455","Vampire Knight","2008-01-01T00:00:00","16+","7.5","","1","1","0","0","1"
"456","The Untamed","2019-01-01T00:00:00","7+","8.9","","1","0","0","0","1"
"457","How to Sell Drugs Online","2019-01-01T00:00:00","","7.9","","1","0","0","0","1"
"458","Taken","2017-01-01T00:00:00","16+","6.6","0.32","1","1","0","0","1"
"459","Transformers: Prime","2010-01-01T00:00:00","7+","7.8","","1","0","0","0","1"
"460","Forensic Files","1996-01-01T00:00:00","16+","8.8","","1","1","1","0","1"
"461","Paradise PD","2018-01-01T00:00:00","18+","7.0","0.4","1","0","0","0","1"
"462","The House of Flowers","2018-01-01T00:00:00","18+","7.7","","1","0","0","0","1"
"463","Quicksand","2019-01-01T00:00:00","18+","7.5","","1","0","0","0","1"
"464","Magnificent Century","2011-01-01T00:00:00","","6.6","","1","0","0","0","1"
"465","The Messengers","2015-01-01T00:00:00","16+","6.5","0.47","1","0","0","0","1"
"466","Magi","2012-01-01T00:00:00","16+","7.9","","1","1","0","0","1"
"467","Car Masters: Rust to Riches","2018-01-01T00:00:00","","8.9","","1","0","0","0","1"
"468","Patriot Act with Hasan Minhaj","2018-01-01T00:00:00","18+","8.2","","1","0","0","0","1"
"469","Damnation","2017-01-01T00:00:00","18+","7.7","0.64","1","0","0","0","1"
"470","Jericho","2006-01-01T00:00:00","16+","7.2","0.54","1","0","0","0","1"
"471","American Odyssey","2015-01-01T00:00:00","16+","7.3","0.54","1","0","0","0","1"
"472","Lab Rats","2012-01-01T00:00:00","7+","6.6","","1","0","0","1","1"
"473","Little Things","2016-01-01T00:00:00","18+","8.3","","1","0","0","0","1"
"474","From Dusk Till Dawn: The Series","2014-01-01T00:00:00","18+","6.9","","1","0","0","0","1"
"475","Grand Designs","1999-01-01T00:00:00","7+","8.5","","1","0","0","0","1"
"476","Explained","2018-01-01T00:00:00","16+","8.0","","1","0","0","0","1"
"477","Rhythm + Flow","2019-01-01T00:00:00","18+","7.6","0.92","1","0","0","0","1"
"478","Carole & Tuesday","2019-01-01T00:00:00","7+","7.9","1.0","1","0","0","0","1"
"479","Teresa","2010-01-01T00:00:00","7+","7.7","","1","0","0","0","1"
"480","The Innocents","2018-01-01T00:00:00","","6.3","0.81","1","0","0","0","1"
"481","Tabula Rasa","2017-01-01T00:00:00","18+","8.1","","1","0","0","0","1"
"482","Seis Manos","2019-01-01T00:00:00","18+","7.3","1.0","1","0","0","0","1"
"483","The King: Eternal Monarch","2020-01-01T00:00:00","","8.5","","1","0","0","0","1"
"484","Cable Girls","2017-01-01T00:00:00","16+","7.7","","1","0","0","0","1"
"485","Lady Dynamite","2016-01-01T00:00:00","16+","7.4","0.97","1","0","0","0","1"
"486","Sunderland 'Til I Die","2018-01-01T00:00:00","18+","8.2","","1","0","0","0","1"
"487","Oliver Stone's Untold History of the United States","2012-01-01T00:00:00","all","8.6","","1","0","0","0","1"
"488","Toy Boy","2019-01-01T00:00:00","18+","6.5","","1","0","0","0","1"
"489","Humsafar","2011-01-01T00:00:00","all","9.0","","1","0","0","0","1"
"490","Crashing","2016-01-01T00:00:00","","7.7","","1","0","0","0","1"
"491","Norsemen","2016-01-01T00:00:00","18+","7.8","","1","0","0","0","1"
"492","AJ and the Queen","2020-01-01T00:00:00","","7.6","0.5","1","0","0","0","1"
"493","El marginal","2016-01-01T00:00:00","18+","8.2","","1","0","0","0","1"
"494","Giri/Haji","2019-01-01T00:00:00","","7.9","1.0","1","0","0","0","1"
"495","Van Helsing","2016-01-01T00:00:00","16+","6.2","","1","0","0","0","1"
"496","Hinterland","2013-01-01T00:00:00","","7.6","","1","0","0","0","1"
"497","Crossing Lines","2013-01-01T00:00:00","16+","7.3","","1","0","0","0","1"
"498","The Eddy","2020-01-01T00:00:00","18+","7.0","0.68","1","0","0","0","1"
"499","A.D. The Bible Continues","2015-01-01T00:00:00","16+","7.4","0.58","1","0","0","0","1"
"500","The Letter for the King","2020-01-01T00:00:00","7+","5.9","0.58","1","0","0","0","1"
"501","The Boat","2011-01-01T00:00:00","all","7.3","","1","0","0","0","1"
"502","Is It Wrong to Try to Pick Up Girls in a Dungeon?","2015-01-01T00:00:00","16+","7.4","","1","1","0","0","1"
"503","The Story of God with Morgan Freeman","2016-01-01T00:00:00","16+","7.9","","1","0","0","0","1"
"504","Greenhouse Academy","2017-01-01T00:00:00","7+","7.0","","1","0","0","0","1"
"505","Diagnosis","2019-01-01T00:00:00","18+","7.8","1.0","1","0","0","0","1"
"506","W/ Bob & David","2015-01-01T00:00:00","18+","7.4","0.89","1","0","0","0","1"
"507","Queen Sono","2020-01-01T00:00:00","18+","5.8","1.0","1","0","0","0","1"
"508","Rotten","2018-01-01T00:00:00","18+","7.1","0.86","1","0","0","0","1"
"509","Requiem","2018-01-01T00:00:00","18+","6.5","0.75","1","0","0","0","1"
"510","Aggretsuko","2018-01-01T00:00:00","16+","8.0","","1","0","0","0","1"
"511","The Code","2011-01-01T00:00:00","","7.4","1.0","1","0","0","0","1"
"512","October Faction","2020-01-01T00:00:00","18+","6.1","0.33","1","0","0","0","1"
"513","Rubí","2004-01-01T00:00:00","7+","8.1","","1","0","0","0","1"
"514","Arthdal Chronicles","2019-01-01T00:00:00","","8.3","","1","0","0","0","1"
"515","The New Legends of Monkey","2018-01-01T00:00:00","7+","6.5","1.0","1","0","0","0","1"
"516","America's Funniest Home Videos","1989-01-01T00:00:00","7+","6.2","","1","1","0","1","1"
"517","The Five","2016-01-01T00:00:00","","7.7","","1","0","0","0","1"
"518","Something in the Rain","2018-01-01T00:00:00","7+","8.1","","1","0","0","0","1"
"519","Adam Ruins Everything","2015-01-01T00:00:00","16+","8.0","","1","0","0","0","1"
"520","The Heirs","2013-01-01T00:00:00","16+","7.5","","1","0","0","0","1"
"521","Durarara!!","2010-01-01T00:00:00","16+","7.9","","1","1","0","0","1"
"522","Beastars","2019-01-01T00:00:00","16+","8.0","","1","0","0","0","1"
"523","Puella Magi Madoka Magica","2011-01-01T00:00:00","16+","8.3","","1","1","0","0","1"
"524","Vagabond","2019-01-01T00:00:00","","8.3","","1","0","0","0","1"
"525","Maid Sama!","2010-01-01T00:00:00","16+","8.0","","1","1","0","0","1"
"526","Robotech","1985-01-01T00:00:00","7+","8.5","","1","0","1","0","1"
"527","The Mind, Explained","2019-01-01T00:00:00","16+","8.1","","1","0","0","0","1"
"528","Boys Over Flowers","2009-01-01T00:00:00","16+","8.0","","1","1","0","0","1"
"529","V Wars","2019-01-01T00:00:00","18+","6.1","","1","0","0","0","1"
"530","Occupied","2015-01-01T00:00:00","16+","7.7","","1","0","0","0","1"
"531","The Devil Is a Part-Timer!","2013-01-01T00:00:00","16+","7.7","","1","0","0","0","1"
"532","The Letdown","2017-01-01T00:00:00","","7.5","0.91","1","0","0","0","1"
"533","Mischievous Kiss: Love in Tokyo","2013-01-01T00:00:00","","7.8","","1","0","0","0","1"
"534","Power Rangers","1993-01-01T00:00:00","7+","6.4","0.73","1","0","1","0","1"
"535","Fate/stay night [Unlimited Blade Works]","2014-01-01T00:00:00","18+","8.0","","1","1","0","0","1"
"536","Bobby Kennedy for President","2018-01-01T00:00:00","16+","8.2","0.95","1","0","0","0","1"
"537","The Mist","2017-01-01T00:00:00","18+","5.4","0.62","1","0","0","0","1"
"538","Hip Hop Evolution","2016-01-01T00:00:00","16+","8.4","","1","0","0","0","1"
"539","Justice League Unlimited","2004-01-01T00:00:00","","8.7","","1","0","0","0","1"
"540","Undercover","2019-01-01T00:00:00","18+","7.9","","1","0","0","0","1"
"541","Slugterra","2012-01-01T00:00:00","7+","6.3","","1","0","0","0","1"
"542","The Final Table","2018-01-01T00:00:00","all","7.7","0.5","1","0","0","0","1"
"543","Velvet","2014-01-01T00:00:00","16+","8.1","","1","0","0","0","1"
"544","Criminal: UK","2019-01-01T00:00:00","18+","7.4","","1","0","0","0","1"
"545","Salt Fat Acid Heat","2018-01-01T00:00:00","","7.7","1.0","1","0","0","0","1"
"546","Suburra: Blood on Rome","2017-01-01T00:00:00","16+","8.0","","1","0","0","0","1"
"547","Signal","2016-01-01T00:00:00","","8.8","","1","0","0","0","1"
"548","The Rise of Phoenixes","2018-01-01T00:00:00","7+","8.6","","1","0","0","0","1"
"549","The Family","2019-01-01T00:00:00","16+","6.4","0.8","1","0","0","0","1"
"550","Red vs. Blue","2003-01-01T00:00:00","","8.3","","1","0","0","0","1"
"551","Huntik: Secrets & Seekers","2009-01-01T00:00:00","7+","8.3","","1","0","0","0","1"
"552","Cells at Work!","2018-01-01T00:00:00","16+","7.6","","1","0","0","0","1"
"553","Flaked","2016-01-01T00:00:00","18+","7.2","0.35","1","0","0","0","1"
"554","The Irregular at Magic High School","2014-01-01T00:00:00","16+","7.2","","1","0","0","0","1"
"555","Too Hot to Handle","2020-01-01T00:00:00","","4.5","0.38","1","0","0","0","1"
"556","The Disastrous Life of Saiki K.","2016-01-01T00:00:00","16+","8.3","","1","0","0","0","1"
"557","Wanted","2016-01-01T00:00:00","16+","7.7","","1","0","0","0","1"
"558","Dad's Army","1968-01-01T00:00:00","7+","8.1","","1","0","0","0","1"
"559","Bad Education","2012-01-01T00:00:00","16+","7.4","","1","0","0","0","1"
"560","Angel Beats!","2010-01-01T00:00:00","16+","7.7","","1","0","0","0","1"
"561","Dogs","2018-01-01T00:00:00","all","8.1","0.92","1","0","0","0","1"
"562","Fate/stay night","2006-01-01T00:00:00","18+","7.4","","1","1","0","0","1"
"563","Brain Games","2011-01-01T00:00:00","7+","8.3","","1","0","0","1","1"
"564","Knights of Sidonia","2014-01-01T00:00:00","18+","7.8","","1","0","0","0","1"
"565","Girlboss","2017-01-01T00:00:00","18+","7.0","0.36","1","0","0","0","1"
"566","The Trial","2019-01-01T00:00:00","","7.0","0.75","1","0","0","0","1"
"567","Call My Agent","2015-01-01T00:00:00","7+","8.3","","1","0","0","0","1"
"568","What's New, Scooby-Doo?","2002-01-01T00:00:00","7+","7.2","","1","0","0","0","1"
"569","Teasing Master Takagi-san","2018-01-01T00:00:00","7+","7.5","","1","0","0","0","1"
"570","Yu-Gi-Oh!","1998-01-01T00:00:00","","7.9","","1","1","1","0","1"
"571","Blue Exorcist","2011-01-01T00:00:00","16+","7.5","","1","1","0","0","1"
"572","Black Money Love","2014-01-01T00:00:00","","7.2","","1","0","0","0","1"
"573","WHAT / IF","2019-01-01T00:00:00","18+","6.3","","1","0","0","0","1"
"574","The Assets","2014-01-01T00:00:00","16+","7.5","0.56","1","0","0","0","1"
"575","Baki","2018-01-01T00:00:00","18+","6.7","","1","0","0","0","1"
"576","Nightflyers","2018-01-01T00:00:00","16+","5.9","0.35","1","0","0","0","1"
"577","Stranger","2017-01-01T00:00:00","","8.6","","1","0","0","0","1"
"578","How to Fix a Drug Scandal","2020-01-01T00:00:00","18+","6.9","0.86","1","0","0","0","1"
"579","Scissor Seven","2018-01-01T00:00:00","7+","8.0","","1","0","0","0","1"
"580","The Circle France","2020-01-01T00:00:00","","7.4","","1","0","0","0","1"
"581","Memories of the Alhambra","2018-01-01T00:00:00","16+","7.8","","1","0","0","0","1"
"582","Republic of Doyle","2010-01-01T00:00:00","16+","7.2","","1","0","1","0","1"
"583","Sick Note","2017-01-01T00:00:00","18+","6.8","0.5","1","0","0","0","1"
"584","The Last O.G.","2018-01-01T00:00:00","7+","6.9","","1","0","0","0","1"
"585","Night on Earth","2020-01-01T00:00:00","7+","8.2","","1","0","0","0","1"
"586","Börü","2018-01-01T00:00:00","18+","8.2","","1","0","0","0","1"
"587","Typewriter","2019-01-01T00:00:00","18+","6.5","0.6","1","0","0","0","1"
"588","Inspector Gadget","1983-01-01T00:00:00","7+","6.8","","1","0","0","0","1"
"589","Sofia the First","2013-01-01T00:00:00","all","6.9","","1","0","0","0","1"
"590","Hap and Leonard","2016-01-01T00:00:00","16+","7.6","","1","0","0","0","1"
"591","Jessie","2011-01-01T00:00:00","all","5.9","","1","0","0","1","1"
"592","I Think You Should Leave with Tim Robinson","2019-01-01T00:00:00","18+","7.4","0.93","1","0","0","0","1"
"593","Kipo and the Age of Wonderbeasts","2020-01-01T00:00:00","","8.3","","1","0","0","0","1"
"594","K-ON!","2009-01-01T00:00:00","16+","7.6","","1","1","0","0","1"
"595","Thieves of the Wood","2020-01-01T00:00:00","18+","6.7","","1","0","0","0","1"
"596","Slasher","2016-01-01T00:00:00","18+","6.7","","1","0","0","0","1"
"597","Freud","2020-01-01T00:00:00","18+","6.6","0.5","1","0","0","0","1"
"598","Between","2015-01-01T00:00:00","16+","6.0","0.22","1","0","0","0","1"
"599","Norm Macdonald Has a Show","2018-01-01T00:00:00","","8.7","0.4","1","0","0","0","1"
"600","Rita","2012-01-01T00:00:00","16+","8.1","","1","0","0","0","1"
"601","She's Gotta Have It","2017-01-01T00:00:00","18+","6.7","0.77","1","0","0","0","1"
"602","The Nineties","2017-01-01T00:00:00","7+","8.2","","1","0","0","0","1"
"603","Casanova","2005-01-01T00:00:00","16+","7.9","","1","0","0","0","1"
"604","The Good Cop","2018-01-01T00:00:00","16+","7.0","0.5","1","0","0","0","1"
"605","Bondi Rescue","2006-01-01T00:00:00","7+","7.6","","1","0","0","0","1"
"606","Black Earth Rising","2018-01-01T00:00:00","16+","7.4","0.79","1","0","0","0","1"
"607","Tidelands","2018-01-01T00:00:00","18+","7.0","","1","0","0","0","1"
"608","Nobel","2016-01-01T00:00:00","18+","8.1","","1","0","0","0","1"
"609","Well-Intended Love","2019-01-01T00:00:00","","7.5","","1","0","0","0","1"
"610","Drugs, Inc.","2010-01-01T00:00:00","16+","7.8","","1","1","0","0","1"
"611","Midnight Diner: Tokyo Stories","2016-01-01T00:00:00","16+","8.4","","1","0","0","0","1"
"612","Zindagi Gulzar Hai","2012-01-01T00:00:00","","9.0","","1","0","0","0","1"
"613","People Just Do Nothing","2014-01-01T00:00:00","18+","8.5","","1","0","0","0","1"
"614","Love, Chunibyo & Other Delusions","2012-01-01T00:00:00","16+","7.4","","1","1","0","0","1"
"615","Man Like Mobeen","2017-01-01T00:00:00","","7.9","","1","0","0","0","1"
"616","Turn Up Charlie","2019-01-01T00:00:00","","7.1","0.42","1","0","0","0","1"
"617","Tidying Up with Marie Kondo","2019-01-01T00:00:00","7+","6.6","0.79","1","0","0","0","1"
"618","Home for Christmas","2019-01-01T00:00:00","18+","7.6","","1","0","0","0","1"
"619","Wild District","2018-01-01T00:00:00","18+","8.4","","1","0","0","0","1"
"620","Toast of London","2013-01-01T00:00:00","16+","8.2","","1","0","0","0","1"
"621","The Standups","2017-01-01T00:00:00","","6.7","1.0","1","0","0","0","1"
"622","World War II In HD Colour","2009-01-01T00:00:00","7+","8.7","","1","0","0","0","1"
"623","Roman Empire","2016-01-01T00:00:00","16+","6.9","","1","0","0","0","1"
"624","Pandemic: How to Prevent an Outbreak","2020-01-01T00:00:00","16+","6.3","","1","0","0","0","1"
"625","The Windsors","2016-01-01T00:00:00","18+","7.0","0.9","1","0","0","0","1"
"626","A Korean Odyssey","2017-01-01T00:00:00","","8.1","","1","0","0","0","1"
"627","Charite at War","2017-01-01T00:00:00","7+","7.7","","1","0","0","0","1"
"628","The Bernie Mac Show","2001-01-01T00:00:00","7+","6.9","","1","0","0","0","1"
"629","Charmed","2018-01-01T00:00:00","16+","4.5","","1","0","0","0","1"
"630","Another Life","2019-01-01T00:00:00","18+","4.9","0.06","1","0","0","0","1"
"631","Cooked With Cannabis","2020-01-01T00:00:00","18+","6.9","0.8","1","0","0","0","1"
"632","The Victims' Game","2020-01-01T00:00:00","18+","7.4","","1","0","0","0","1"
"633","The Joel McHale Show with Joel McHale","2018-01-01T00:00:00","18+","7.3","0.83","1","0","0","0","1"
"634","Who Killed Little Gregory?","2019-01-01T00:00:00","","7.4","","1","0","0","0","1"
"635","Round Planet","2016-01-01T00:00:00","","7.7","","1","0","0","0","1"
"636","La familia P. Luche","2002-01-01T00:00:00","7+","7.7","","1","0","0","0","1"
"637","Medical Police","2020-01-01T00:00:00","","5.8","0.86","1","0","0","0","1"
"638","The Cleveland Show","2009-01-01T00:00:00","16+","5.5","","1","1","0","0","1"
"639","Monthly Girls' Nozaki-kun","2014-01-01T00:00:00","7+","7.7","","1","1","0","0","1"
"640","Eternal Love","2017-01-01T00:00:00","7+","8.3","","1","0","0","0","1"
"641","The Moaning of Life","2013-01-01T00:00:00","16+","8.1","","1","0","0","0","1"
"642","B: The Beginning","2018-01-01T00:00:00","18+","7.2","0.5","1","0","0","0","1"
"643","The Mysteries of Laura","2014-01-01T00:00:00","16+","6.8","0.24","1","0","0","0","1"
"644","Selection Day","2018-01-01T00:00:00","16+","7.3","0.33","1","0","0","0","1"
"645","Wanderlust","2018-01-01T00:00:00","16+","7.0","0.73","1","0","0","0","1"
"646","The Code","2014-01-01T00:00:00","","7.4","","1","1","0","0","1"
"647","Erased","2017-01-01T00:00:00","16+","7.9","","1","0","0","0","1"
"648","Magic for Humans","2018-01-01T00:00:00","16+","7.1","","1","0","0","0","1"
"649","The Method","2015-01-01T00:00:00","18+","7.4","","1","0","0","0","1"
"650","Zone Blanche","2017-01-01T00:00:00","","7.5","","1","0","0","0","1"
"651","Alexa & Katie","2018-01-01T00:00:00","all","7.3","","1","0","0","0","1"
"652","Good Morning Call","2016-01-01T00:00:00","all","7.8","","1","0","0","0","1"
"653","The Boss Baby: Back in Business","2018-01-01T00:00:00","7+","6.4","","1","0","0","0","1"
"654","Shaka Zulu","1986-01-01T00:00:00","","7.7","","1","0","0","0","1"
"655","Winx Club","2004-01-01T00:00:00","7+","5.9","","1","0","0","0","1"
"656","Sin Senos Sí Hay Paraíso","2016-01-01T00:00:00","16+","6.7","","1","0","0","0","1"
"657","Dogs of Berlin","2018-01-01T00:00:00","16+","7.5","","1","0","0","0","1"
"658","K-Project","2012-01-01T00:00:00","18+","7.2","","1","0","0","0","1"
"659","El Chapulín","1972-01-01T00:00:00","all","8.5","","1","0","0","0","1"
"660","The Same Sky","2017-01-01T00:00:00","7+","7.5","","1","0","0","0","1"
"661","Secret Love Affair","2014-01-01T00:00:00","","7.8","","1","0","0","0","1"
"662","The Break","2016-01-01T00:00:00","","7.7","","1","0","0","0","1"
"663","The Big Show Show","2020-01-01T00:00:00","all","6.4","","1","0","0","0","1"
"664","Fast & Furious Spy Racers","2019-01-01T00:00:00","7+","5.2","0.8","1","0","0","0","1"
"665","Deadwind","2018-01-01T00:00:00","18+","7.2","","1","0","0","0","1"
"666","HAPPYish","2015-01-01T00:00:00","18+","7.3","0.3","1","0","0","0","1"
"667","Chambers","2019-01-01T00:00:00","18+","6.5","0.41","1","0","0","0","1"
"668","White Lines","2020-01-01T00:00:00","18+","6.2","0.58","1","0","0","0","1"
"669","Dolly Parton's Heartstrings","2019-01-01T00:00:00","","7.6","0.63","1","0","0","0","1"
"670","Intelligence","2006-01-01T00:00:00","","8.2","","1","0","1","0","1"
"671","Coronavirus, Explained","2020-01-01T00:00:00","","7.8","","1","0","0","0","1"
"672","The Velvet Collection","2017-01-01T00:00:00","16+","7.2","","1","0","0","0","1"
"673","Offspring","2010-01-01T00:00:00","16+","8.2","","1","1","0","0","1"
"674","Terrace House: Tokyo 2019-2020","2019-01-01T00:00:00","","7.8","","1","0","0","0","1"
"675","Total Drama Island","2007-01-01T00:00:00","7+","7.1","","1","0","0","0","1"
"676","Rebellion","2016-01-01T00:00:00","16+","7.1","0.4","1","0","0","0","1"
"677","High Seas","2019-01-01T00:00:00","16+","6.8","","1","0","0","0","1"
"678","Goosebumps","1995-01-01T00:00:00","all","7.7","","1","0","0","0","1"
"679","Ashes of Love","2018-01-01T00:00:00","7+","8.5","","1","0","0","0","1"
"680","Somebody Feed Phil","2018-01-01T00:00:00","","8.1","","1","0","0","0","1"
"681","Deep Water","2016-01-01T00:00:00","","6.9","","1","0","1","0","1"
"682","Chelsea Does","2016-01-01T00:00:00","18+","7.2","0.79","1","0","0","0","1"
"683","Life Sentence","2018-01-01T00:00:00","16+","6.5","0.37","1","0","0","0","1"
"684","You vs. Wild","2019-01-01T00:00:00","","7.0","0.75","1","0","0","0","1"
"685","Billy on the Street","2011-01-01T00:00:00","16+","7.7","","1","1","0","0","1"
"686","Cold Case Files","1999-01-01T00:00:00","18+","8.0","","1","1","0","0","1"
"687","Disjointed","2017-01-01T00:00:00","18+","6.7","0.19","1","0","0","0","1"
"688","Perfume","2018-01-01T00:00:00","18+","7.1","","1","0","0","0","1"
"689","Hitler's Circle of Evil","2017-01-01T00:00:00","","8.0","","1","0","0","0","1"
"690","Kantaro: The Sweet Tooth Salaryman","2017-01-01T00:00:00","7+","7.6","1.0","1","0","0","0","1"
"691","Terrace House: Boys & Girls in the City","2015-01-01T00:00:00","7+","8.2","","1","0","0","0","1"
"692","Girl From Nowhere","2018-01-01T00:00:00","","7.6","","1","0","0","0","1"
"693","Aldnoah.Zero","2014-01-01T00:00:00","all","7.2","","1","0","0","0","1"
"694","Greenleaf","2016-01-01T00:00:00","7+","7.3","","1","0","0","0","1"
"695","Dating Around","2019-01-01T00:00:00","16+","6.4","0.92","1","0","0","0","1"
"696","","2018-01-01T00:00:00","16+","7.4","","1","0","0","0","1"
"697","Tales of the City","2019-01-01T00:00:00","16+","7.4","","1","0","0","0","1"
"698","Mako: Island of Secrets","2013-01-01T00:00:00","all","6.9","","1","0","0","0","1"
"699","WWII in HD","2009-01-01T00:00:00","18+","8.7","","1","0","0","0","1"
"700","Sonic x","2003-01-01T00:00:00","16+","6.1","","1","1","1","0","1"
"701","Ultraman","2019-01-01T00:00:00","16+","6.9","","1","0","0","0","1"
"702","Rust Valley Restorers","2018-01-01T00:00:00","","7.6","","1","0","0","0","1"
"703","Girls und Panzer","2012-01-01T00:00:00","16+","7.5","","1","1","0","0","1"
"704","Someone Like You","2015-01-01T00:00:00","","8.0","","1","0","0","0","1"
"705","Silver Spoon","2014-01-01T00:00:00","16+","7.8","","1","0","0","0","1"
"706","Traitors","2019-01-01T00:00:00","18+","6.6","0.67","1","0","0","0","1"
"707","The World's Most Extraordinary Homes","2017-01-01T00:00:00","","7.5","","1","0","0","0","1"
"708","The Movies That Made Us","2019-01-01T00:00:00","18+","7.8","","1","0","0","0","1"
"709","She","2020-01-01T00:00:00","","6.5","","1","0","0","0","1"
"710","Alias J.J.","2017-01-01T00:00:00","18+","7.9","","1","0","0","0","1"
"711","Unauthorized Living","2018-01-01T00:00:00","18+","7.5","","1","0","0","0","1"
"712","Daniel Sloss: Live Shows","2018-01-01T00:00:00","18+","8.6","","1","0","0","0","1"
"713","Trial by Media","2020-01-01T00:00:00","","7.2","","1","0","0","0","1"
"714","The Lava Field","2014-01-01T00:00:00","7+","6.8","","1","0","0","0","1"
"715","One of Us","2016-01-01T00:00:00","18+","7.0","","1","0","0","0","1"
"716","Bella and the Bulldogs","2015-01-01T00:00:00","all","5.2","","1","0","0","0","1"
"717","Romance is a Bonus Book","2019-01-01T00:00:00","","8.1","","1","0","0","0","1"
"718","Wakfu","2008-01-01T00:00:00","7+","8.2","","1","0","0","0","1"
"719","Bloodride","2020-01-01T00:00:00","18+","6.3","","1","0","0","0","1"
"720","The Magic School Bus","1994-01-01T00:00:00","all","7.9","","1","0","0","0","1"
"721","The Mantis","2017-01-01T00:00:00","","7.5","","1","0","0","0","1"
"722","Next in Fashion","2020-01-01T00:00:00","16+","7.4","","1","0","0","0","1"
"723","The Last Czars","2019-01-01T00:00:00","","7.3","0.67","1","0","0","0","1"
"724","My First First Love","2019-01-01T00:00:00","7+","7.6","","1","0","0","0","1"
"725","Sex Explained","2020-01-01T00:00:00","18+","6.9","","1","0","0","0","1"
"726","Put Your Head on My Shoulder","2019-01-01T00:00:00","7+","7.9","","1","0","0","0","1"
"727","Win the Wilderness: Alaska","2020-01-01T00:00:00","","7.1","","1","0","0","0","1"
"728","Murder Mountain","2018-01-01T00:00:00","16+","6.9","","1","0","0","0","1"
"729","Hoarders","2009-01-01T00:00:00","7+","6.4","","1","1","0","0","1"
"730","Luna Nera","2020-01-01T00:00:00","18+","5.5","","1","0","0","0","1"
"731","Nobody's Looking","2019-01-01T00:00:00","18+","7.9","","1","0","0","0","1"
"732","Highway Thru Hell","2012-01-01T00:00:00","7+","8.1","","1","0","0","0","1"
"733","The Long, Long Holiday","2015-01-01T00:00:00","7+","8.9","","1","0","0","0","1"
"734","Ben 10","2016-01-01T00:00:00","7+","2.5","","1","0","0","0","1"
"735","Man to Man","2017-01-01T00:00:00","","7.4","0.9","1","0","0","0","1"
"736","Sym-Bionic Titan","2010-01-01T00:00:00","7+","8.1","","1","0","0","0","1"
"737","Trigger Warning with Killer Mike","2019-01-01T00:00:00","16+","6.8","0.86","1","0","0","0","1"
"738","The Worst Witch","2017-01-01T00:00:00","7+","7.3","","1","0","0","0","1"
"739","Pee-wee's Playhouse","1986-01-01T00:00:00","7+","8.0","","1","0","0","0","1"
"740","La Doña","2016-01-01T00:00:00","16+","7.5","","1","0","0","0","1"
"741","Mobile Suit Gundam: Iron-Blooded Orphans","2015-01-01T00:00:00","18+","7.9","","1","0","0","0","1"
"742","Final Fantasy XIV: Dad of Light","2017-01-01T00:00:00","7+","7.2","1.0","1","0","0","0","1"
"743","Champions","2018-01-01T00:00:00","7+","6.0","0.63","1","1","0","0","1"
"744","EastSiders","2012-01-01T00:00:00","18+","6.8","","1","0","0","0","1"
"745","Black","2017-01-01T00:00:00","16+","8.0","","1","0","0","0","1"
"746","Busted!","2018-01-01T00:00:00","16+","7.5","","1","0","0","0","1"
"747","The Mire","2018-01-01T00:00:00","","7.0","","1","0","0","0","1"
"748","Vampires","2020-01-01T00:00:00","18+","5.4","","1","0","0","0","1"
"749","Yunus Emre: Aşkın Yolculuğu","2015-01-01T00:00:00","","7.8","","1","0","0","0","1"
"750","My Babysitter's a Vampire","2011-01-01T00:00:00","7+","7.0","","1","0","0","0","1"
"751","The Repair Shop","2017-01-01T00:00:00","","8.6","","1","0","0","0","1"
"752","Queer Eye: We're in Japan!","2019-01-01T00:00:00","16+","8.3","","1","0","0","0","1"
"753","Vexed","2010-01-01T00:00:00","","7.4","","1","0","0","0","1"
"754","Ch:os:en","2013-01-01T00:00:00","","7.4","","1","0","0","0","1"
"755","Super Why!","2007-01-01T00:00:00","all","6.1","","1","0","0","0","1"
"756","Dope","2017-01-01T00:00:00","16+","7.3","","1","0","0","0","1"
"757","American Masters","1986-01-01T00:00:00","7+","8.0","","1","0","0","0","1"
"758","Highway to Heaven","1984-01-01T00:00:00","7+","6.7","","1","0","1","0","1"
"759","Kurt Seyit and Şura","2014-01-01T00:00:00","","7.1","","1","0","0","0","1"
"760","The Sixties","2014-01-01T00:00:00","7+","8.5","","1","0","0","0","1"
"761","High Score Girl","2018-01-01T00:00:00","7+","8.0","","1","0","0","0","1"
"762","Louis Theroux's Weird Weekends","1998-01-01T00:00:00","16+","8.5","","1","0","0","0","1"
"763","When Heroes Fly","2018-01-01T00:00:00","7+","7.3","","1","0","0","0","1"
"764","Paranoid","2016-01-01T00:00:00","","6.7","","1","0","0","0","1"
"765","Haters Back Off","2016-01-01T00:00:00","7+","6.0","0.5","1","0","0","0","1"
"766","Class of '92: Out of Their League","2015-01-01T00:00:00","","8.2","","1","0","0","0","1"
"767","Always a Witch","2019-01-01T00:00:00","16+","6.3","","1","0","0","0","1"
"768","BUNK'D","2015-01-01T00:00:00","all","5.4","","1","0","0","0","1"
"769","A Very Secret Service","2015-01-01T00:00:00","7+","7.8","","1","0","0","0","1"
"770","Samurai Gourmet","2017-01-01T00:00:00","","8.3","","1","0","0","0","1"
"771","Hospital Playlist","2020-01-01T00:00:00","","8.3","","1","0","0","0","1"
"772","Go! Live Your Way","2019-01-01T00:00:00","","7.0","","1","0","0","0","1"
"773","The End","2012-01-01T00:00:00","","7.4","","1","0","0","0","1"
"774","March Comes in Like a Lion","2016-01-01T00:00:00","7+","8.4","","1","0","0","0","1"
"775","The Bonfire of Destiny","2019-01-01T00:00:00","16+","7.7","","1","0","0","0","1"
"776","No Good Nick","2019-01-01T00:00:00","7+","5.8","0.6","1","0","0","0","1"
"777","Love and Punishment","2010-01-01T00:00:00","","5.8","","1","0","0","0","1"
"778","Man Down","2013-01-01T00:00:00","","7.6","","1","0","0","0","1"
"779","The Mind of a Chef","2012-01-01T00:00:00","7+","8.0","","1","0","0","0","1"
"780","Cinderella and Four Knights","2016-01-01T00:00:00","","7.2","","1","0","0","0","1"
"781","My Country: The New Age","2019-01-01T00:00:00","","8.3","","1","0","0","0","1"
"782","The Chase","2013-01-01T00:00:00","all","7.4","","1","0","0","0","1"
"783","Cooked","2016-01-01T00:00:00","7+","8.1","","1","0","0","0","1"
"784","Wet Hot American Summer: 10 Years Later","2017-01-01T00:00:00","18+","6.9","","1","0","0","0","1"
"785","Ghost in the Shell: SAC_2045","2020-01-01T00:00:00","","6.3","","1","0","0","0","1"
"786","Nicky Jam: El Ganador","2018-01-01T00:00:00","","7.8","","1","0","0","0","1"
"787","Prison Playbook","2017-01-01T00:00:00","","8.3","","1","0","0","0","1"
"788","Sword Art Online Alternative: Gun Gale Online","2018-01-01T00:00:00","16+","6.8","","1","1","0","0","1"
"789","Family Reunion","2019-01-01T00:00:00","7+","6.3","0.67","1","0","0","0","1"
"790","Reply 1994","2013-01-01T00:00:00","","7.9","","1","0","0","0","1"
"791","Land Girls","2009-01-01T00:00:00","16+","7.0","","1","0","0","0","1"
"792","Degrassi: Next Class","2016-01-01T00:00:00","7+","6.9","","1","0","0","0","1"
"793","Shadow of Truth","2016-01-01T00:00:00","16+","8.1","","1","0","0","0","1"
"794","Kiss Me First","2018-01-01T00:00:00","18+","6.3","0.5","1","0","0","0","1"
"795","Buddha","2016-01-01T00:00:00","","8.4","","1","0","0","0","1"
"796","Hellevator","2015-01-01T00:00:00","18+","6.0","","1","1","0","0","1"
"797","Northern Rescue","2019-01-01T00:00:00","16+","7.1","","1","0","0","0","1"
"798","God Eater","2015-01-01T00:00:00","16+","7.0","","1","0","0","0","1"
"799","BIG DREAMS Small Spaces","2014-01-01T00:00:00","","8.1","","1","0","0","0","1"
"800","QB1: Beyond the Lights","2017-01-01T00:00:00","16+","7.8","","1","0","0","0","1"
"801","Cuckoo","2012-01-01T00:00:00","16+","7.3","","1","0","0","0","1"
"802","Accidentally In Love","2018-01-01T00:00:00","7+","7.6","","1","0","0","0","1"
"803","Jack Whitehall: Travels with My Father","2017-01-01T00:00:00","18+","7.7","","1","0","0","0","1"
"804","Taxi Brooklyn","2014-01-01T00:00:00","","6.2","0.38","1","0","0","0","1"
"805","Luis Miguel: The Series","2018-01-01T00:00:00","18+","8.1","","1","0","0","0","1"
"806","I Am a Killer","2018-01-01T00:00:00","18+","7.5","","1","0","0","0","1"
"807","Tunnel","2017-01-01T00:00:00","16+","8.3","","1","0","0","0","1"
"808","100 Humans. Life's Questions. Answered.","2020-01-01T00:00:00","","5.6","","1","0","0","0","1"
"809","Jamtara - Sabka Number Ayega","2020-01-01T00:00:00","","7.4","","1","0","0","0","1"
"810","Tales by Light","2015-01-01T00:00:00","","8.3","","1","0","0","0","1"
"811","Day And Night","2017-01-01T00:00:00","","8.4","","1","0","0","0","1"
"812","Pine Gap","2018-01-01T00:00:00","18+","7.2","","1","0","0","0","1"
"813","Escape to the Country","2002-01-01T00:00:00","all","7.1","","1","0","0","0","1"
"814","The Forest","2017-01-01T00:00:00","","7.3","","1","0","0","0","1"
"815","Gargantia on the Verdurous Planet","2013-01-01T00:00:00","16+","7.4","","1","0","0","0","1"
"816","Avlu","2018-01-01T00:00:00","18+","7.3","","1","0","0","0","1"
"817","The Honeymoon Stand Up Special","2018-01-01T00:00:00","16+","6.8","1.0","1","0","0","0","1"
"818","Case","2015-01-01T00:00:00","16+","7.2","","1","0","0","0","1"
"819","Valeria","2020-01-01T00:00:00","","6.2","","1","0","0","0","1"
"820","Bonus Family","2017-01-01T00:00:00","7+","7.7","","1","0","0","0","1"
"821","Braxton Family Values","2011-01-01T00:00:00","16+","5.9","","1","0","0","0","1"
"822","Comedy Bang! Bang!","2012-01-01T00:00:00","16+","7.5","","1","0","0","0","1"
"823","Free Rein","2017-01-01T00:00:00","all","7.3","","1","0","0","0","1"
"824","Masha and the Bear","2009-01-01T00:00:00","all","7.6","","1","0","0","0","1"
"825","Dramaworld","2016-01-01T00:00:00","","7.5","","1","0","0","0","1"
"826","Argos Comunicación","2017-01-01T00:00:00","18+","7.2","","1","0","0","0","1"
"827","Most Beautiful Thing","2019-01-01T00:00:00","","7.9","","1","0","0","0","1"
"828","Special Agent Oso","2009-01-01T00:00:00","all","5.1","","1","0","0","0","1"
"829","Street Food","2019-01-01T00:00:00","all","8.2","","1","0","0","0","1"
"830","Paquita Salas","2016-01-01T00:00:00","","8.0","","1","0","0","0","1"
"831","All Hail King Julien","2014-01-01T00:00:00","7+","7.2","","1","0","0","0","1"
"832","Acero, Woman of Steel","2014-01-01T00:00:00","16+","7.2","","1","1","0","0","1"
"833","Untold Stories of the ER","2004-01-01T00:00:00","16+","7.5","","1","0","0","0","1"
"834","Valor","2017-01-01T00:00:00","16+","5.9","0.22","1","0","0","0","1"
"835","Iris","2009-01-01T00:00:00","","7.9","","1","0","0","0","1"
"836","Stay Here","2018-01-01T00:00:00","7+","7.6","","1","0","0","0","1"
"837","Monty Python: Almost the Truth","2009-01-01T00:00:00","7+","8.1","","1","0","0","0","1"
"838","Girlfriends' Guide to Divorce","2014-01-01T00:00:00","16+","6.9","","1","0","0","0","1"
"839","The Eighties","2016-01-01T00:00:00","","8.3","","1","0","0","0","1"
"840","The I-Land","2019-01-01T00:00:00","18+","4.5","0.08","1","0","0","0","1"
"841","Sirius the Jaeger","2018-01-01T00:00:00","","6.8","","1","0","0","0","1"
"842","Jack Taylor","2010-01-01T00:00:00","18+","7.6","","1","0","0","0","1"
"843","W1A","2014-01-01T00:00:00","","7.8","","1","0","0","0","1"
"844","The Disappearance of Madeleine McCann","2019-01-01T00:00:00","16+","6.6","","1","0","0","0","1"
"845","Extracurricular","2020-01-01T00:00:00","18+","6.1","","1","0","0","0","1"
"846","PJ Masks","2015-01-01T00:00:00","all","5.6","","1","0","0","1","1"
"847","The K2","2016-01-01T00:00:00","16+","7.8","","1","0","0","0","1"
"848","Christiane Amanpour: Sex & Love Around the World","2018-01-01T00:00:00","18+","7.4","","1","0","0","0","1"
"849","Neo Yokio","2017-01-01T00:00:00","18+","5.8","0.77","1","0","0","0","1"
"850","Ultraviolet","2017-01-01T00:00:00","18+","7.0","","1","1","0","0","1"
"851","The Bride of the Water God","2017-01-01T00:00:00","","6.8","","1","0","0","0","1"
"852","The Boulet Brothers' Dragula","2016-01-01T00:00:00","18+","7.7","","1","0","0","0","1"
"853","Cathedral of the Sea","2018-01-01T00:00:00","16+","7.5","","1","0","0","0","1"
"854","Nine: Nine Time Travels","2013-01-01T00:00:00","","8.2","","1","0","0","0","1"
"855","The Inmate","2018-01-01T00:00:00","","7.1","","1","0","0","0","1"
"856","The Circle Brazil","2020-01-01T00:00:00","","6.9","","1","0","0","0","1"
"857","The Cartel","2008-01-01T00:00:00","16+","8.2","","1","0","0","0","1"
"858","Mr. Young","2011-01-01T00:00:00","all","6.1","","1","0","0","0","1"
"859","Chef's Table: France","2016-01-01T00:00:00","16+","8.3","","1","0","0","0","1"
"860","Monarca","2019-01-01T00:00:00","18+","8.0","","1","0","0","0","1"
"861","Medal of Honor","2018-01-01T00:00:00","16+","8.4","","1","0","0","0","1"
"862","Little Witch Academia","2017-01-01T00:00:00","16+","7.9","","1","0","0","0","1"
"863","Once Upon a Time in Lingjian Mountain","2019-01-01T00:00:00","all","7.7","","1","0","0","0","1"
"864","Trotsky","2017-01-01T00:00:00","","7.1","","1","0","0","0","1"
"865","When the Camellia Blooms","2019-01-01T00:00:00","","8.0","","1","0","0","0","1"
"866","Cedar Cove","2013-01-01T00:00:00","7+","6.8","","1","0","0","0","1"
"867","Brews Brothers","2020-01-01T00:00:00","18+","4.8","0.38","1","0","0","0","1"
"868","Criminal: France","2019-01-01T00:00:00","7+","7.2","","1","0","0","0","1"
"869","Kath & Kim","2002-01-01T00:00:00","7+","8.2","","1","0","0","0","1"
"870","Danger Mouse","1981-01-01T00:00:00","7+","7.4","","1","0","0","0","1"
"871","Find Yourself","2020-01-01T00:00:00","","","","1","0","0","0","1"
"872","James Acaster: Repertoire","2018-01-01T00:00:00","18+","8.4","","1","0","0","0","1"
"873","Reckoning","2019-01-01T00:00:00","18+","6.4","","1","0","0","0","1"
"874","Skylines","2019-01-01T00:00:00","","7.6","","1","0","0","0","1"
"875","Merry Happy Whatever","2019-01-01T00:00:00","","6.2","","1","0","0","0","1"
"876","Hangar 1: The UFO Files","2015-01-01T00:00:00","7+","7.4","","1","1","1","0","1"
"877","Kakegurui","2017-01-01T00:00:00","16+","7.2","","1","0","0","0","1"
"878","Marlon","2017-01-01T00:00:00","7+","7.0","","1","1","0","0","1"
"879","46","2017-01-01T00:00:00","","8.5","","1","0","0","0","1"
"880","7SEEDS","2019-01-01T00:00:00","18+","6.3","","1","0","0","0","1"
"881","The Super Mario Bros. Super Show!","1989-01-01T00:00:00","7+","6.2","","1","0","0","0","1"
"882","Crematorium","2011-01-01T00:00:00","18+","7.7","","1","0","0","0","1"
"883","Intersection","2016-01-01T00:00:00","","6.5","","1","0","0","0","1"
"884","Handsome Siblings","2020-01-01T00:00:00","","8.2","","1","0","0","0","1"
"885","Rugal","2020-01-01T00:00:00","","6.7","","1","0","0","0","1"
"886","The Octonauts","2010-01-01T00:00:00","all","7.4","","1","0","0","0","1"
"887","Magi: Adventure of Sinbad","2016-01-01T00:00:00","16+","7.6","","1","0","0","0","1"
"888","MeatEater","2012-01-01T00:00:00","","7.9","","1","0","0","0","1"
"889","Troy: Fall of a City","2018-01-01T00:00:00","18+","3.8","0.71","1","0","0","0","1"
"890","La Piloto","2017-01-01T00:00:00","","5.6","","1","0","0","0","1"
"891","The 2000s","2018-01-01T00:00:00","7+","8.0","","1","0","0","0","1"
"892","Reply 1997","2012-01-01T00:00:00","","8.2","","1","0","0","0","1"
"893","The Legend of Bruce Lee","2008-01-01T00:00:00","","7.0","","1","0","1","0","1"
"894","Soundtrack","2019-01-01T00:00:00","","6.7","0.4","1","0","0","0","1"
"895","First Team: Juventus","2018-01-01T00:00:00","","7.4","","1","0","0","0","1"
"896","The Last Kids on Earth","2019-01-01T00:00:00","7+","7.5","","1","0","0","0","1"
"897","Morocco: Love in Times of War","2017-01-01T00:00:00","","7.7","","1","0","0","0","1"
"898","Tomorrow with You","2017-01-01T00:00:00","","7.4","","1","0","0","0","1"
"899","We Are the Wave","2019-01-01T00:00:00","18+","6.1","","1","0","0","0","1"
"900","Somewhere Between","2017-01-01T00:00:00","16+","6.2","","1","0","0","0","1"
"901","Trump: An American Dream","2017-01-01T00:00:00","","7.2","","1","0","0","0","1"
"902","One Spring Night","2019-01-01T00:00:00","","7.9","","1","0","0","0","1"
"903","Cricket Fever: Mumbai Indians","2019-01-01T00:00:00","","7.3","","1","0","0","0","1"
"904","Zumbo's Just Desserts","2016-01-01T00:00:00","7+","6.9","","1","0","0","0","1"
"905","Restaurants on the Edge","2020-01-01T00:00:00","","6.6","","1","0","0","0","1"
"906","Marseille","2016-01-01T00:00:00","18+","6.8","0.33","1","0","0","0","1"
"907","The Dick Van Dyke Show","1961-01-01T00:00:00","all","6.8","","1","1","0","0","1"
"908","Borderliner","2017-01-01T00:00:00","18+","6.8","","1","0","0","0","1"
"909","La Niña","2016-01-01T00:00:00","","8.6","","1","0","0","0","1"
"910","Ultimate Beastmaster","2017-01-01T00:00:00","7+","7.3","","1","0","0","0","1"
"911","Diablero","2018-01-01T00:00:00","16+","6.6","","1","0","0","0","1"
"912","Alaska State Troopers","2009-01-01T00:00:00","16+","7.5","","1","0","0","0","1"
"913","Stories by Rabindranath Tagore","2015-01-01T00:00:00","16+","8.9","","1","0","0","0","1"
"914","Terrace House: Opening New Doors","2017-01-01T00:00:00","","7.8","","1","0","0","0","1"
"915","Super Wings!","2015-01-01T00:00:00","all","6.2","","1","0","1","0","1"
"916","Incomplete Life","2014-01-01T00:00:00","16+","8.6","","1","0","0","0","1"
"917","Breakfast, Lunch & Dinner","2019-01-01T00:00:00","18+","6.7","0.8","1","0","0","0","1"
"918","Ice Fantasy","2016-01-01T00:00:00","16+","7.1","","1","0","0","0","1"
"919","The Supervet","2014-01-01T00:00:00","7+","8.7","","1","0","0","0","1"
"920","The Seventies","2015-01-01T00:00:00","7+","8.3","","1","0","0","0","1"
"921","The InBESTigators","2019-01-01T00:00:00","all","7.7","","1","0","0","0","1"
"922","El Chema","2016-01-01T00:00:00","16+","7.0","","1","0","0","0","1"
"923","Pocoyo","2005-01-01T00:00:00","all","7.5","","1","1","1","0","1"
"924","The Adventures of Puss in Boots","2015-01-01T00:00:00","7+","6.7","","1","0","0","0","1"
"925","Unnatural Selection","2019-01-01T00:00:00","","8.0","","1","0","0","0","1"
"926","Skin Wars","2014-01-01T00:00:00","16+","7.1","","1","1","0","0","1"
"927","Dueños del Paraíso","2015-01-01T00:00:00","16+","7.1","","1","1","0","0","1"
"928","Unstoppable","2020-01-01T00:00:00","18+","7.2","","1","0","0","0","1"
"929","The Hockey Girls","2019-01-01T00:00:00","16+","7.0","","1","0","0","0","1"
"930","Record of Grancrest War","2018-01-01T00:00:00","18+","7.2","","1","0","0","0","1"
"931","Who Killed Malcolm X?","2019-01-01T00:00:00","","7.6","","1","0","0","0","1"
"932","Glow Up: Britain's Next Make-Up Star","2019-01-01T00:00:00","","6.4","","1","0","0","0","1"
"933","Ares","2020-01-01T00:00:00","18+","5.6","","1","0","0","0","1"
"934","Great British Menu","2006-01-01T00:00:00","","7.3","","1","1","0","0","1"
"935","Barbie: Life in the Dreamhouse","2012-01-01T00:00:00","all","7.3","","1","0","0","0","1"
"936","Cheese in the Trap","2016-01-01T00:00:00","16+","7.4","","1","0","0","0","1"
"937","The Deep","2016-01-01T00:00:00","7+","7.9","","1","0","0","0","1"
"938","Juana Ines","2016-01-01T00:00:00","16+","7.6","","1","0","0","0","1"
"939","Killer Kids","2011-01-01T00:00:00","16+","7.0","","1","0","0","0","1"
"940","La querida del Centauro","2016-01-01T00:00:00","16+","8.1","","1","0","0","0","1"
"941","Another Miss Oh","2016-01-01T00:00:00","","7.9","","1","0","0","0","1"
"942","Fariña","2018-01-01T00:00:00","","8.0","","1","0","0","0","1"
"943","Anjaan: Special Crimes Unit","2018-01-01T00:00:00","16+","7.0","","1","0","0","0","1"
"944","Best Friends Whenever","2015-01-01T00:00:00","all","5.5","","1","0","0","1","1"
"945","Osmosis","2019-01-01T00:00:00","16+","5.9","","1","0","0","0","1"
"946","Hormones","2013-01-01T00:00:00","16+","8.0","","1","0","0","0","1"
"947","Love Rain","2012-01-01T00:00:00","7+","7.7","","1","0","0","0","1"
"948","Switched","2018-01-01T00:00:00","16+","7.2","","1","0","0","0","1"
"949","Creeped Out","2017-01-01T00:00:00","7+","6.6","","1","0","0","0","1"
"950","Chicago Typewriter","2017-01-01T00:00:00","","8.2","","1","0","0","0","1"
"951","Immortals","2018-01-01T00:00:00","7+","5.5","","1","0","0","0","1"
"952","Yo-Kai Watch","2014-01-01T00:00:00","all","5.9","","1","0","0","0","1"
"953","Rookie Historian Goo Hae-Ryung","2019-01-01T00:00:00","","8.2","","1","0","0","0","1"
"954","Million Pound Menu","2018-01-01T00:00:00","","6.5","0.57","1","0","0","0","1"
"955","Oggy and the Cockroaches","1998-01-01T00:00:00","all","7.3","","1","0","0","0","1"
"956","Unit 42","2017-01-01T00:00:00","7+","7.0","","1","0","0","0","1"
"957","Love Your Garden","2011-01-01T00:00:00","","8.0","","1","0","0","0","1"
"958","Limmy's Show","2010-01-01T00:00:00","all","8.3","","1","0","0","0","1"
"959","Nazi Megastructures","2013-01-01T00:00:00","all","8.0","","1","1","0","0","1"
"960","Omniscient","2020-01-01T00:00:00","18+","6.3","","1","0","0","0","1"
"961","Green Frontier","2019-01-01T00:00:00","18+","7.4","","1","0","0","0","1"
"962","Los Briceño","2019-01-01T00:00:00","","8.4","","1","0","0","0","1"
"963","Adventures of Sonic the Hedgehog","1993-01-01T00:00:00","all","6.2","","1","0","0","0","1"
"964","My Holo Love","2020-01-01T00:00:00","","7.6","","1","0","0","0","1"
"965","The Disguiser","2015-01-01T00:00:00","","7.7","","1","0","0","0","1"
"966","El Clon","2000-01-01T00:00:00","","6.8","","1","1","0","0","1"
"967","A Love So Beautiful","2017-01-01T00:00:00","","","","1","0","0","0","1"
"968","Love Alarm","2019-01-01T00:00:00","","6.7","","1","0","0","0","1"
"969","The Indian Detective","2017-01-01T00:00:00","","6.5","0.5","1","0","0","0","1"
"970","Inside the World's Toughest Prisons","2016-01-01T00:00:00","18+","6.8","","1","0","0","0","1"
"971","El Chavo: The Animated Series","2006-01-01T00:00:00","all","5.4","","1","0","0","0","1"
"972","Rishta.com","2010-01-01T00:00:00","all","8.5","","1","0","0","0","1"
"973","College Behind Bars","2019-01-01T00:00:00","","8.1","","1","0","0","0","1"
"974","The Sparticle Mystery","2011-01-01T00:00:00","7+","7.0","","1","0","0","0","1"
"975","Broken","2019-01-01T00:00:00","16+","6.8","","1","0","0","0","1"
"976","Yukon Gold","2013-01-01T00:00:00","","6.0","","1","0","0","0","1"
"977","When a Snail Falls in Love","2016-01-01T00:00:00","","7.5","","1","0","0","0","1"
"978","AMO","2018-01-01T00:00:00","18+","6.4","","1","0","0","0","1"
"979","Instant Hotel","2018-01-01T00:00:00","7+","7.3","","1","0","0","0","1"
"980","Almost Happy","2020-01-01T00:00:00","","6.5","","1","0","0","0","1"
"981","Larva Island","2018-01-01T00:00:00","","6.5","","1","0","0","0","1"
"982","The Queen of Flow","2018-01-01T00:00:00","18+","7.9","","1","0","0","0","1"
"983","David Attenborough's Natural Curiosities","2013-01-01T00:00:00","7+","8.5","","1","0","0","0","1"
"984","God's Quiz","2010-01-01T00:00:00","","7.3","","1","0","0","0","1"
"985","Nailed It! Holiday!","2018-01-01T00:00:00","","7.8","","1","0","0","0","1"
"986","Ever After High","2013-01-01T00:00:00","all","8.0","","1","0","0","0","1"
"987","Bad Guys","2014-01-01T00:00:00","18+","7.9","","1","0","0","0","1"
"988","Rapture","2018-01-01T00:00:00","18+","7.1","0.83","1","0","0","0","1"
"989","Drug Lords","2018-01-01T00:00:00","18+","6.8","","1","0","0","0","1"
"990","Transformers: Rescue Bots","2012-01-01T00:00:00","7+","6.5","","1","0","0","0","1"
"991","Tokyo Trial","2016-01-01T00:00:00","","7.4","","1","0","0","0","1"
"992","A Cook's Tour","2002-01-01T00:00:00","16+","8.1","","1","0","0","0","1"
"993","The Stranded","2019-01-01T00:00:00","18+","6.3","","1","0","0","0","1"
"994","Gunslinger Girl","2003-01-01T00:00:00","16+","7.4","","1","0","0","0","1"
"995","Captive","2016-01-01T00:00:00","","7.0","0.71","1","0","0","0","1"
"996","Yu-Gi-Oh! Arc-V","2014-01-01T00:00:00","7+","6.2","","1","1","1","0","1"
"997","Crime Diaries: The Candidate","2019-01-01T00:00:00","18+","7.6","","1","0","0","0","1"
"998","Servant of the People","2015-01-01T00:00:00","7+","6.9","","1","0","0","0","1"
"999","America's Book of Secrets","2012-01-01T00:00:00","7+","7.0","","1","1","1","0","1"
"1000","Ben and Holly's Little Kingdom","2009-01-01T00:00:00","all","7.3","","1","0","0","0","1"
